"Step","fine tune drop_0_1e-05 - average_loss","fine tune drop_0_1e-05 - average_loss__MIN","fine tune drop_0_1e-05 - average_loss__MAX"
"262","0.367254448076356","0.367254448076356","0.367254448076356"
"526","0.3567281736246528","0.3567281736246528","0.3567281736246528"
"787","0.36996320464396887","0.36996320464396887","0.36996320464396887"
"1051","0.36448327326127944","0.36448327326127944","0.36448327326127944"
"1317","0.3728458012990696","0.3728458012990696","0.3728458012990696"
"1580","0.36786441195610453","0.36786441195610453","0.36786441195610453"
"1846","0.3539116887706714","0.3539116887706714","0.3539116887706714"
"2106","0.37251219896514665","0.37251219896514665","0.37251219896514665"
"2366","0.36161289922448714","0.36161289922448714","0.36161289922448714"
"2623","0.3386677244901082","0.3386677244901082","0.3386677244901082"
"2884","0.364909687367429","0.364909687367429","0.364909687367429"
"3145","0.345787332380835","0.345787332380835","0.345787332380835"
"3410","0.36181750630423654","0.36181750630423654","0.36181750630423654"
"3673","0.35185106347240647","0.35185106347240647","0.35185106347240647"
"3930","0.3554474233873547","0.3554474233873547","0.3554474233873547"
"4189","0.3520456701893216","0.3520456701893216","0.3520456701893216"
"4451","0.3405289117831995","0.3405289117831995","0.3405289117831995"
"4713","0.3600906137445267","0.3600906137445267","0.3600906137445267"
"4978","0.346614115175623","0.346614115175623","0.346614115175623"
"5244","0.35232073182758306","0.35232073182758306","0.35232073182758306"
"5504","0.35831247516207476","0.35831247516207476","0.35831247516207476"
"5762","0.3547402976422518","0.3547402976422518","0.3547402976422518"
"6020","0.3485567099902815","0.3485567099902815","0.3485567099902815"
"6279","0.3489929933062282","0.3489929933062282","0.3489929933062282"
"6539","0.344454885609288","0.344454885609288","0.344454885609288"
"6803","0.3528970641567825","0.3528970641567825","0.3528970641567825"
"7068","0.35154182723669114","0.35154182723669114","0.35154182723669114"
"7328","0.34982149677183405","0.34982149677183405","0.34982149677183405"
"7591","0.33562611394416964","0.33562611394416964","0.33562611394416964"
"7851","0.33353624269614146","0.33353624269614146","0.33353624269614146"
"8115","0.3536925329956367","0.3536925329956367","0.3536925329956367"
"8375","0.32291725823491585","0.32291725823491585","0.32291725823491585"
"8634","0.34151956210547646","0.34151956210547646","0.34151956210547646"
"8891","0.3322358645034552","0.3322358645034552","0.3322358645034552"
"9158","0.3487518013046422","0.3487518013046422","0.3487518013046422"
"9421","0.33561397145956867","0.33561397145956867","0.33561397145956867"
"9681","0.32473690030069485","0.32473690030069485","0.32473690030069485"
"9942","0.3360330093719004","0.3360330093719004","0.3360330093719004"
"10208","0.3490754384769595","0.3490754384769595","0.3490754384769595"
"10472","0.3603829564742904","0.3603829564742904","0.3603829564742904"
"10734","0.3548506499780875","0.3548506499780875","0.3548506499780875"
"10997","0.32443009510922977","0.32443009510922977","0.32443009510922977"
"11257","0.3329080038836005","0.3329080038836005","0.3329080038836005"
"11517","0.3355776346026355","0.3355776346026355","0.3355776346026355"
"11780","0.3356796766629624","0.3356796766629624","0.3356796766629624"
"12041","0.3188867792266929","0.3188867792266929","0.3188867792266929"
"12303","0.324852844517848","0.324852844517848","0.324852844517848"
"12562","0.33857456721173945","0.33857456721173945","0.33857456721173945"
"12823","0.34364514851127254","0.34364514851127254","0.34364514851127254"
"13081","0.3183804733214933","0.3183804733214933","0.3183804733214933"
"13344","0.34020520740167853","0.34020520740167853","0.34020520740167853"
"13611","0.3479699486231656","0.3479699486231656","0.3479699486231656"
"13871","0.32318927520760693","0.32318927520760693","0.32318927520760693"
"14135","0.3371771128034616","0.3371771128034616","0.3371771128034616"
"14402","0.34273571055945967","0.34273571055945967","0.34273571055945967"
"14660","0.32356036441003827","0.32356036441003827","0.32356036441003827"
"14922","0.3274627876316443","0.3274627876316443","0.3274627876316443"
"15188","0.3361493592524174","0.3361493592524174","0.3361493592524174"
"15444","0.35180359256407606","0.35180359256407606","0.35180359256407606"
"15703","0.3298334677942008","0.3298334677942008","0.3298334677942008"
"15963","0.33164613032812396","0.33164613032812396","0.33164613032812396"
"16224","0.3145196028415362","0.3145196028415362","0.3145196028415362"
"16484","0.3377700493028477","0.3377700493028477","0.3377700493028477"
"16744","0.3257623686781298","0.3257623686781298","0.3257623686781298"
"17004","0.3290744725970723","0.3290744725970723","0.3290744725970723"
"17266","0.325024561396469","0.325024561396469","0.325024561396469"
"17527","0.3229145037876289","0.3229145037876289","0.3229145037876289"
"17794","0.34284914891375007","0.34284914891375007","0.34284914891375007"
"18054","0.33798837286893696","0.33798837286893696","0.33798837286893696"
"18309","0.3298543160486855","0.3298543160486855","0.3298543160486855"
"18569","0.34443500426375323","0.34443500426375323","0.34443500426375323"
"18830","0.33227887885606044","0.33227887885606044","0.33227887885606044"
"19092","0.3139772602810836","0.3139772602810836","0.3139772602810836"
"19350","0.3282029111743855","0.3282029111743855","0.3282029111743855"
"19612","0.33482907106655246","0.33482907106655246","0.33482907106655246"
"19873","0.3012801168684986","0.3012801168684986","0.3012801168684986"
"20133","0.3307147353500973","0.3307147353500973","0.3307147353500973"
"20393","0.3252538047043247","0.3252538047043247","0.3252538047043247"
"20655","0.3366770459896173","0.3366770459896173","0.3366770459896173"
"20922","0.3299890388922966","0.3299890388922966","0.3299890388922966"
"21190","0.33217501060894133","0.33217501060894133","0.33217501060894133"
"21452","0.31507881006939875","0.31507881006939875","0.31507881006939875"
"21712","0.3321812672378697","0.3321812672378697","0.3321812672378697"
"21973","0.33148527451348153","0.33148527451348153","0.33148527451348153"
"22232","0.31924230442605184","0.31924230442605184","0.31924230442605184"
"22493","0.3176337817077113","0.3176337817077113","0.3176337817077113"
"22758","0.326324065237741","0.326324065237741","0.326324065237741"
"23021","0.3404645574786297","0.3404645574786297","0.3404645574786297"
"23281","0.3264469823843962","0.3264469823843962","0.3264469823843962"
"23545","0.3303422635410586","0.3303422635410586","0.3303422635410586"
"23807","0.32208815325376156","0.32208815325376156","0.32208815325376156"
"24067","0.3103953771559126","0.3103953771559126","0.3103953771559126"
"24327","0.313662479366044","0.313662479366044","0.313662479366044"
"24587","0.3238396611064448","0.3238396611064448","0.3238396611064448"
"24850","0.3134081899982889","0.3134081899982889","0.3134081899982889"
"25113","0.3234079230297396","0.3234079230297396","0.3234079230297396"
"25371","0.318557362281026","0.318557362281026","0.318557362281026"
"25631","0.34800595209375246","0.34800595209375246","0.34800595209375246"
"25896","0.3119190022525079","0.3119190022525079","0.3119190022525079"
"26156","0.32844912994906555","0.32844912994906555","0.32844912994906555"
"26420","0.30383088891946636","0.30383088891946636","0.30383088891946636"
"26683","0.327296215818808","0.327296215818808","0.327296215818808"
"26943","0.3197349668203527","0.3197349668203527","0.3197349668203527"
"27207","0.3178957008930011","0.3178957008930011","0.3178957008930011"
"27467","0.32377760653522136","0.32377760653522136","0.32377760653522136"
"27727","0.3255664312492828","0.3255664312492828","0.3255664312492828"
"27989","0.32490504137718956","0.32490504137718956","0.32490504137718956"
"28251","0.32013399156391664","0.32013399156391664","0.32013399156391664"
"28514","0.32170918524923614","0.32170918524923614","0.32170918524923614"
"28773","0.31093287550169246","0.31093287550169246","0.31093287550169246"
"29033","0.32953611198256716","0.32953611198256716","0.32953611198256716"
"29295","0.3358576692370326","0.3358576692370326","0.3358576692370326"
"29554","0.3175469236845002","0.3175469236845002","0.3175469236845002"
"29814","0.3133155865477163","0.3133155865477163","0.3133155865477163"
"30074","0.31917950168099196","0.31917950168099196","0.31917950168099196"
"30336","0.3224936998499013","0.3224936998499013","0.3224936998499013"
"30596","0.32082070648835603","0.32082070648835603","0.32082070648835603"
"30858","0.3278386519869153","0.3278386519869153","0.3278386519869153"
"31121","0.31473024623938844","0.31473024623938844","0.31473024623938844"
"31378","0.321424274470365","0.321424274470365","0.321424274470365"
"31643","0.33131846961532574","0.33131846961532574","0.33131846961532574"
"31904","0.33096096755311816","0.33096096755311816","0.33096096755311816"
"32162","0.3242592603041655","0.3242592603041655","0.3242592603041655"
"32423","0.3191354216355197","0.3191354216355197","0.3191354216355197"
"32686","0.3327109853181203","0.3327109853181203","0.3327109853181203"
"32949","0.32363865014476173","0.32363865014476173","0.32363865014476173"
"33213","0.31959075496829736","0.31959075496829736","0.31959075496829736"
"33478","0.3263664334128064","0.3263664334128064","0.3263664334128064"
"33737","0.309338149556397","0.309338149556397","0.309338149556397"
"34000","0.31214727783529117","0.31214727783529117","0.31214727783529117"
"34260","0.3231370278137407","0.3231370278137407","0.3231370278137407"
"34522","0.31465140911782463","0.31465140911782463","0.31465140911782463"
"34784","0.3179737611710624","0.3179737611710624","0.3179737611710624"
"35046","0.3319930110391996","0.3319930110391996","0.3319930110391996"
"35305","0.3016875017900936","0.3016875017900936","0.3016875017900936"
"35567","0.31710920945838084","0.31710920945838084","0.31710920945838084"
"35830","0.32439018200897796","0.32439018200897796","0.32439018200897796"
"36094","0.3203470775300235","0.3203470775300235","0.3203470775300235"
"36355","0.3211217433349476","0.3211217433349476","0.3211217433349476"
"36615","0.30987567218528383","0.30987567218528383","0.30987567218528383"
"36883","0.32248075224698836","0.32248075224698836","0.32248075224698836"
"37143","0.3193980176563792","0.3193980176563792","0.3193980176563792"
"37400","0.31228784416778854","0.31228784416778854","0.31228784416778854"
"37661","0.3315847093677201","0.3315847093677201","0.3315847093677201"
"37918","0.3060772775056526","0.3060772775056526","0.3060772775056526"
"38184","0.3106887281502288","0.3106887281502288","0.3106887281502288"
"38441","0.3159003033769993","0.3159003033769993","0.3159003033769993"
"38706","0.347085571095097","0.347085571095097","0.347085571095097"
"38966","0.31010066474368875","0.31010066474368875","0.31010066474368875"
"39228","0.29730056161095303","0.29730056161095303","0.29730056161095303"
"39494","0.32897400106108443","0.32897400106108443","0.32897400106108443"
"39757","0.3170276187086005","0.3170276187086005","0.3170276187086005"
"40016","0.3208067191996585","0.3208067191996585","0.3208067191996585"
"40281","0.32030618659445914","0.32030618659445914","0.32030618659445914"
"40541","0.3093827519957118","0.3093827519957118","0.3093827519957118"
"40803","0.31911263512033605","0.31911263512033605","0.31911263512033605"
"41065","0.3285850776366215","0.3285850776366215","0.3285850776366215"
"41326","0.30410058681470753","0.30410058681470753","0.30410058681470753"
"41588","0.3086523563262145","0.3086523563262145","0.3086523563262145"
"41850","0.3066121592379718","0.3066121592379718","0.3066121592379718"
"42107","0.3026370117820429","0.3026370117820429","0.3026370117820429"
"42370","0.32326543549220244","0.32326543549220244","0.32326543549220244"
"42627","0.30514841977800156","0.30514841977800156","0.30514841977800156"
"42889","0.2953529462052536","0.2953529462052536","0.2953529462052536"
"43154","0.3245303895441311","0.3245303895441311","0.3245303895441311"
"43415","0.32843572256370024","0.32843572256370024","0.32843572256370024"
"43681","0.3088301940088573","0.3088301940088573","0.3088301940088573"
"43943","0.3200605298475883","0.3200605298475883","0.3200605298475883"
"44203","0.3197618346887051","0.3197618346887051","0.3197618346887051"
"44468","0.2978697776694723","0.2978697776694723","0.2978697776694723"
"44729","0.3064550059222742","0.3064550059222742","0.3064550059222742"
"44993","0.31186291157360535","0.31186291157360535","0.31186291157360535"
"45256","0.3339488312813636","0.3339488312813636","0.3339488312813636"
"45517","0.31704690857003776","0.31704690857003776","0.31704690857003776"
"45783","0.3025522773869421","0.3025522773869421","0.3025522773869421"
"46044","0.32181959665664206","0.32181959665664206","0.32181959665664206"
"46306","0.2950158483250384","0.2950158483250384","0.2950158483250384"
"46569","0.317268377787411","0.317268377787411","0.317268377787411"
"46833","0.2948027910795147","0.2948027910795147","0.2948027910795147"
"47098","0.3175070129202312","0.3175070129202312","0.3175070129202312"
"47362","0.321057108880032","0.321057108880032","0.321057108880032"
"47624","0.3043037474527476","0.3043037474527476","0.3043037474527476"
"47883","0.30973881301566375","0.30973881301566375","0.30973881301566375"
"48143","0.30672110653541623","0.30672110653541623","0.30672110653541623"
"48407","0.3370557436637407","0.3370557436637407","0.3370557436637407"
"48672","0.29888902684348084","0.29888902684348084","0.29888902684348084"
"48937","0.2987896468163843","0.2987896468163843","0.2987896468163843"
"49195","0.3035990427389987","0.3035990427389987","0.3035990427389987"
"49458","0.30379329537185407","0.30379329537185407","0.30379329537185407"
"49717","0.29045234165502454","0.29045234165502454","0.29045234165502454"
"49984","0.31509863614619565","0.31509863614619565","0.31509863614619565"
"50241","0.2942433019057417","0.2942433019057417","0.2942433019057417"
"50506","0.31036569872232134","0.31036569872232134","0.31036569872232134"
"50768","0.3091007874584766","0.3091007874584766","0.3091007874584766"
"51030","0.29386428911190404","0.29386428911190404","0.29386428911190404"
"51290","0.2954190873517151","0.2954190873517151","0.2954190873517151"
"51550","0.3148225567152027","0.3148225567152027","0.3148225567152027"
"51815","0.3166703285140895","0.3166703285140895","0.3166703285140895"
"52069","0.3192168646684021","0.3192168646684021","0.3192168646684021"
"52333","0.3173489272655774","0.3173489272655774","0.3173489272655774"
"52592","0.29857922102126816","0.29857922102126816","0.29857922102126816"
"52855","0.29988660903420067","0.29988660903420067","0.29988660903420067"
"53117","0.31298610592176906","0.31298610592176906","0.31298610592176906"
"53381","0.2962103070256112","0.2962103070256112","0.2962103070256112"
"53645","0.3158733324823806","0.3158733324823806","0.3158733324823806"
"53909","0.3116416075881699","0.3116416075881699","0.3116416075881699"
"54170","0.29282689005794","0.29282689005794","0.29282689005794"
"54428","0.2971101563500464","0.2971101563500464","0.2971101563500464"
"54687","0.31277436945468323","0.31277436945468323","0.31277436945468323"
"54951","0.32112985195323923","0.32112985195323923","0.32112985195323923"
"55215","0.3202313516570124","0.3202313516570124","0.3202313516570124"
"55483","0.29726360993454637","0.29726360993454637","0.29726360993454637"
"55745","0.3236219956000161","0.3236219956000161","0.3236219956000161"
"56001","0.3067832938133485","0.3067832938133485","0.3067832938133485"
"56262","0.30594537292409824","0.30594537292409824","0.30594537292409824"
"56527","0.2941500187110021","0.2941500187110021","0.2941500187110021"
"56789","0.3000237677569254","0.3000237677569254","0.3000237677569254"
"57053","0.31245142175420343","0.31245142175420343","0.31245142175420343"
"57316","0.30712070827095167","0.30712070827095167","0.30712070827095167"
"57581","0.33624485591433234","0.33624485591433234","0.33624485591433234"
"57843","0.31566426721067264","0.31566426721067264","0.31566426721067264"
"58104","0.2974253122410477","0.2974253122410477","0.2974253122410477"
"58365","0.3376720052734992","0.3376720052734992","0.3376720052734992"
"58630","0.30101781566680863","0.30101781566680863","0.30101781566680863"
"58889","0.3180079448134531","0.3180079448134531","0.3180079448134531"
"59151","0.30962771556895446","0.30962771556895446","0.30962771556895446"
"59413","0.3227970140077011","0.3227970140077011","0.3227970140077011"
"59670","0.2880299291452957","0.2880299291452957","0.2880299291452957"
"59927","0.2995131334471033","0.2995131334471033","0.2995131334471033"
"60189","0.29161751906607924","0.29161751906607924","0.29161751906607924"
"60450","0.318567551000482","0.318567551000482","0.318567551000482"
"60709","0.3164127175569283","0.3164127175569283","0.3164127175569283"
"60971","0.30889476927396425","0.30889476927396425","0.30889476927396425"
"61231","0.30511662895964636","0.30511662895964636","0.30511662895964636"
"61495","0.32939968851624074","0.32939968851624074","0.32939968851624074"
"61755","0.2989846247096256","0.2989846247096256","0.2989846247096256"
"62016","0.296186578128395","0.296186578128395","0.296186578128395"
"62273","0.30479997447188895","0.30479997447188895","0.30479997447188895"
"62536","0.3159308558742078","0.3159308558742078","0.3159308558742078"
"62798","0.2980956110538878","0.2980956110538878","0.2980956110538878"
"63060","0.31326651841806163","0.31326651841806163","0.31326651841806163"
"63323","0.32534314536582915","0.32534314536582915","0.32534314536582915"
"63587","0.31184360827176305","0.31184360827176305","0.31184360827176305"
"63850","0.30165908613774883","0.30165908613774883","0.30165908613774883"
"64110","0.33287399487239816","0.33287399487239816","0.33287399487239816"
"64371","0.31721808217090147","0.31721808217090147","0.31721808217090147"
"64626","0.2883379620267148","0.2883379620267148","0.2883379620267148"
"64889","0.2943872561180363","0.2943872561180363","0.2943872561180363"
"65153","0.30326113011488937","0.30326113011488937","0.30326113011488937"
"65413","0.322255748622745","0.322255748622745","0.322255748622745"
"65673","0.30090469106255263","0.30090469106255263","0.30090469106255263"
"65933","0.3016820338351355","0.3016820338351355","0.3016820338351355"
"66196","0.28888698949073494","0.28888698949073494","0.28888698949073494"
"66455","0.2889136875513705","0.2889136875513705","0.2889136875513705"
"66718","0.3074679123724421","0.3074679123724421","0.3074679123724421"
"66980","0.29359170738748563","0.29359170738748563","0.29359170738748563"
"67241","0.31257260947220256","0.31257260947220256","0.31257260947220256"
"67502","0.31260119948438003","0.31260119948438003","0.31260119948438003"
"67768","0.30450115710504916","0.30450115710504916","0.30450115710504916"
"68031","0.32244507803542755","0.32244507803542755","0.32244507803542755"
"68293","0.3187074461352712","0.3187074461352712","0.3187074461352712"
"68556","0.30208583122862365","0.30208583122862365","0.30208583122862365"
"68817","0.30316047084763614","0.30316047084763614","0.30316047084763614"
"69079","0.3082799459258536","0.3082799459258536","0.3082799459258536"
"69342","0.33625924016778297","0.33625924016778297","0.33625924016778297"
"69604","0.31137352898716736","0.31137352898716736","0.31137352898716736"
"69865","0.2950624033097339","0.2950624033097339","0.2950624033097339"
"70124","0.294927759797278","0.294927759797278","0.294927759797278"
"70381","0.2929676509017764","0.2929676509017764","0.2929676509017764"
"70644","0.30018560711757436","0.30018560711757436","0.30018560711757436"
"70907","0.29347760587006977","0.29347760587006977","0.29347760587006977"
"71171","0.30118631829676895","0.30118631829676895","0.30118631829676895"
"71432","0.3099006177529029","0.3099006177529029","0.3099006177529029"
"71695","0.3128476590020824","0.3128476590020824","0.3128476590020824"
"71963","0.3074842280624212","0.3074842280624212","0.3074842280624212"
"72220","0.31159081900519414","0.31159081900519414","0.31159081900519414"
"72479","0.3108521668181309","0.3108521668181309","0.3108521668181309"
"72741","0.30832838691969494","0.30832838691969494","0.30832838691969494"
"73001","0.29502464784748916","0.29502464784748916","0.29502464784748916"
"73263","0.32433329404748257","0.32433329404748257","0.32433329404748257"
"73524","0.3174657275645336","0.3174657275645336","0.3174657275645336"
"73786","0.30352328903642756","0.30352328903642756","0.30352328903642756"
"74049","0.3040255922710509","0.3040255922710509","0.3040255922710509"
"74308","0.29824411418508395","0.29824411418508395","0.29824411418508395"
"74571","0.2993419556352882","0.2993419556352882","0.2993419556352882"
"74831","0.29009533205426263","0.29009533205426263","0.29009533205426263"
"75093","0.2986583990799189","0.2986583990799189","0.2986583990799189"
"75351","0.28635461739939705","0.28635461739939705","0.28635461739939705"
"75614","0.3075520240683948","0.3075520240683948","0.3075520240683948"
"75872","0.28891933594022395","0.28891933594022395","0.28891933594022395"
"76131","0.2940479396397052","0.2940479396397052","0.2940479396397052"
"76389","0.30042343628203816","0.30042343628203816","0.30042343628203816"
"76649","0.30864673909128715","0.30864673909128715","0.30864673909128715"
"76915","0.30434173942209364","0.30434173942209364","0.30434173942209364"
"77179","0.30409336773513906","0.30409336773513906","0.30409336773513906"
"77439","0.2900419895634986","0.2900419895634986","0.2900419895634986"
"77701","0.30227252989292025","0.30227252989292025","0.30227252989292025"
"77958","0.293090708587864","0.293090708587864","0.293090708587864"
"78217","0.3007941631923026","0.3007941631923026","0.3007941631923026"
"78477","0.2974843429344587","0.2974843429344587","0.2974843429344587"
"78743","0.3124811091573923","0.3124811091573923","0.3124811091573923"
"79003","0.293755272161852","0.293755272161852","0.293755272161852"
"79267","0.31921816106291256","0.31921816106291256","0.31921816106291256"
"79531","0.3077797154641953","0.3077797154641953","0.3077797154641953"
"79792","0.33025552136971","0.33025552136971","0.33025552136971"
"80057","0.3101692051435857","0.3101692051435857","0.3101692051435857"
"80318","0.3145764375923836","0.3145764375923836","0.3145764375923836"
"80581","0.32760678731295023","0.32760678731295023","0.32760678731295023"
"80842","0.2823229236443259","0.2823229236443259","0.2823229236443259"
"81102","0.2999696487631705","0.2999696487631705","0.2999696487631705"
"81363","0.29593585089391894","0.29593585089391894","0.29593585089391894"
"81625","0.30490347152759006","0.30490347152759006","0.30490347152759006"
"81890","0.3070566619063859","0.3070566619063859","0.3070566619063859"
"82152","0.3013943149028364","0.3013943149028364","0.3013943149028364"
"82411","0.28645609402767125","0.28645609402767125","0.28645609402767125"
"82677","0.3072895751970498","0.3072895751970498","0.3072895751970498"
"82940","0.30106290122622187","0.30106290122622187","0.30106290122622187"
"83203","0.2905450835506599","0.2905450835506599","0.2905450835506599"
"83467","0.3191642656700237","0.3191642656700237","0.3191642656700237"
"83729","0.29893286928152263","0.29893286928152263","0.29893286928152263"
"83989","0.3201586778979145","0.3201586778979145","0.3201586778979145"
"84248","0.2966471553298823","0.2966471553298823","0.2966471553298823"
"84508","0.31156599079562136","0.31156599079562136","0.31156599079562136"
"84769","0.29684759972159314","0.29684759972159314","0.29684759972159314"
"85033","0.29808773083127477","0.29808773083127477","0.29808773083127477"
"85292","0.3213968282081024","0.3213968282081024","0.3213968282081024"
"85553","0.3011729099721776","0.3011729099721776","0.3011729099721776"
"85811","0.3078501465373047","0.3078501465373047","0.3078501465373047"
"86073","0.28282785287827916","0.28282785287827916","0.28282785287827916"
"86335","0.310532597324828","0.310532597324828","0.310532597324828"
"86597","0.3031445799984826","0.3031445799984826","0.3031445799984826"
"86861","0.2970764229511745","0.2970764229511745","0.2970764229511745"
"87124","0.3040381186063093","0.3040381186063093","0.3040381186063093"
"87386","0.30208086307872156","0.30208086307872156","0.30208086307872156"
"87641","0.3137527801302905","0.3137527801302905","0.3137527801302905"
"87904","0.29071146412394994","0.29071146412394994","0.29071146412394994"
"88168","0.3073277628522157","0.3073277628522157","0.3073277628522157"
"88429","0.2868895518626152","0.2868895518626152","0.2868895518626152"
"88688","0.2949760233005367","0.2949760233005367","0.2949760233005367"
"88951","0.2815019993139592","0.2815019993139592","0.2815019993139592"
"89210","0.30482695591478637","0.30482695591478637","0.30482695591478637"
"89471","0.2925895272766084","0.2925895272766084","0.2925895272766084"
"89729","0.2895735260481775","0.2895735260481775","0.2895735260481775"
"89989","0.277143808862644","0.277143808862644","0.277143808862644"
"90257","0.308072031015695","0.308072031015695","0.308072031015695"
"90521","0.2867967881700679","0.2867967881700679","0.2867967881700679"
"90780","0.28796328973947993","0.28796328973947993","0.28796328973947993"
"91043","0.2924622295229264","0.2924622295229264","0.2924622295229264"
"91307","0.29567738488737777","0.29567738488737777","0.29567738488737777"
"91568","0.3248404823147983","0.3248404823147983","0.3248404823147983"
"91828","0.2900714218261089","0.2900714218261089","0.2900714218261089"
"92093","0.2995559339538419","0.2995559339538419","0.2995559339538419"
"92354","0.3225550246162962","0.3225550246162962","0.3225550246162962"
"92617","0.2873656084686303","0.2873656084686303","0.2873656084686303"
"92879","0.31442167491797046","0.31442167491797046","0.31442167491797046"
"93138","0.3156303904384753","0.3156303904384753","0.3156303904384753"
"93402","0.3056936156319606","0.3056936156319606","0.3056936156319606"
"93664","0.30250585131468405","0.30250585131468405","0.30250585131468405"
"93924","0.30493431310542224","0.30493431310542224","0.30493431310542224"
"94185","0.31786412542060816","0.31786412542060816","0.31786412542060816"
"94449","0.2880358274159526","0.2880358274159526","0.2880358274159526"
"94711","0.2935596830114535","0.2935596830114535","0.2935596830114535"
"94975","0.29903714702519235","0.29903714702519235","0.29903714702519235"
"95236","0.2899505862907413","0.2899505862907413","0.2899505862907413"
"95500","0.29330022226241376","0.29330022226241376","0.29330022226241376"
"95761","0.29004190137392755","0.29004190137392755","0.29004190137392755"
"96023","0.2835788106252949","0.2835788106252949","0.2835788106252949"
"96285","0.29641341530618176","0.29641341530618176","0.29641341530618176"
"96545","0.2836703594993012","0.2836703594993012","0.2836703594993012"
"96804","0.2990032685734814","0.2990032685734814","0.2990032685734814"
"97067","0.30543028507184633","0.30543028507184633","0.30543028507184633"
"97331","0.29055701371342374","0.29055701371342374","0.29055701371342374"
"97595","0.29561715066663535","0.29561715066663535","0.29561715066663535"
"97859","0.29278363752032727","0.29278363752032727","0.29278363752032727"
"98119","0.2905230912588418","0.2905230912588418","0.2905230912588418"
"98380","0.28104272707590516","0.28104272707590516","0.28104272707590516"
"98643","0.3063416999698675","0.3063416999698675","0.3063416999698675"
"98901","0.29140594030855466","0.29140594030855466","0.29140594030855466"
"99169","0.29288697620251314","0.29288697620251314","0.29288697620251314"
"99431","0.27936674364287384","0.27936674364287384","0.27936674364287384"
"99697","0.30932148941461823","0.30932148941461823","0.30932148941461823"
"99961","0.2875176425445318","0.2875176425445318","0.2875176425445318"
"100225","0.30088730334852765","0.30088730334852765","0.30088730334852765"
"100481","0.2966138990437727","0.2966138990437727","0.2966138990437727"
"100744","0.3112102966499384","0.3112102966499384","0.3112102966499384"
"101006","0.2860082764956295","0.2860082764956295","0.2860082764956295"
"101268","0.28385891126379975","0.28385891126379975","0.28385891126379975"
"101528","0.302485213073728","0.302485213073728","0.302485213073728"
"101792","0.29224449213394316","0.29224449213394316","0.29224449213394316"
"102056","0.3184805627166331","0.3184805627166331","0.3184805627166331"
"102314","0.2714648227219991","0.2714648227219991","0.2714648227219991"
"102579","0.29370466024780273","0.29370466024780273","0.29370466024780273"
"102840","0.27829953182074196","0.27829953182074196","0.27829953182074196"
"103102","0.2939804474141523","0.2939804474141523","0.2939804474141523"
"103366","0.2879740105910356","0.2879740105910356","0.2879740105910356"
"103622","0.3017379249501993","0.3017379249501993","0.3017379249501993"
"103885","0.29602381171460546","0.29602381171460546","0.29602381171460546"
"104141","0.29308921667360605","0.29308921667360605","0.29308921667360605"
"104404","0.28770858372642333","0.28770858372642333","0.28770858372642333"
"104664","0.30060360571360434","0.30060360571360434","0.30060360571360434"
"104925","0.29510986096911507","0.29510986096911507","0.29510986096911507"
"105189","0.30113243629886516","0.30113243629886516","0.30113243629886516"
"105445","0.31246067032092006","0.31246067032092006","0.31246067032092006"
"105702","0.28949939945222714","0.28949939945222714","0.28949939945222714"
"105961","0.282744667279159","0.282744667279159","0.282744667279159"
"106223","0.2864945692627657","0.2864945692627657","0.2864945692627657"
"106482","0.2963086322576216","0.2963086322576216","0.2963086322576216"
"106746","0.28479405954431575","0.28479405954431575","0.28479405954431575"
"107008","0.2955781007630727","0.2955781007630727","0.2955781007630727"
"107267","0.28128750779462036","0.28128750779462036","0.28128750779462036"
"107529","0.28511362005521296","0.28511362005521296","0.28511362005521296"
"107790","0.2766270636747186","0.2766270636747186","0.2766270636747186"
"108050","0.2789998302080606","0.2789998302080606","0.2789998302080606"
"108313","0.295724503834694","0.295724503834694","0.295724503834694"
"108572","0.28437331694880424","0.28437331694880424","0.28437331694880424"
"108833","0.29061715316834896","0.29061715316834896","0.29061715316834896"
"109094","0.28182843367320454","0.28182843367320454","0.28182843367320454"
"109356","0.3159542702782249","0.3159542702782249","0.3159542702782249"
"109618","0.30438461854812604","0.30438461854812604","0.30438461854812604"
"109879","0.29633947078032563","0.29633947078032563","0.29633947078032563"
"110139","0.30397118619535857","0.30397118619535857","0.30397118619535857"
"110404","0.2874236593648984","0.2874236593648984","0.2874236593648984"
"110665","0.27814022346313166","0.27814022346313166","0.27814022346313166"
"110922","0.2918620524265945","0.2918620524265945","0.2918620524265945"
"111185","0.2860639624441096","0.2860639624441096","0.2860639624441096"
"111449","0.3038930263996883","0.3038930263996883","0.3038930263996883"
"111704","0.27734970325552055","0.27734970325552055","0.27734970325552055"
"111967","0.29695484187916765","0.29695484187916765","0.29695484187916765"
"112230","0.2757295767458262","0.2757295767458262","0.2757295767458262"
"112491","0.2950537991186527","0.2950537991186527","0.2950537991186527"
"112749","0.2767984366798123","0.2767984366798123","0.2767984366798123"
"113012","0.2772708024843451","0.2772708024843451","0.2772708024843451"
"113271","0.2939996298760206","0.2939996298760206","0.2939996298760206"
"113532","0.29455083811988236","0.29455083811988236","0.29455083811988236"
"113790","0.31184524971725713","0.31184524971725713","0.31184524971725713"
"114051","0.2769453878516847","0.2769453878516847","0.2769453878516847"
"114315","0.3022155076966064","0.3022155076966064","0.3022155076966064"
"114574","0.30815768801902726","0.30815768801902726","0.30815768801902726"
"114832","0.3056487923015286","0.3056487923015286","0.3056487923015286"
"115093","0.28963739077991285","0.28963739077991285","0.28963739077991285"
"115354","0.30080193488632756","0.30080193488632756","0.30080193488632756"
"115616","0.29345367555583923","0.29345367555583923","0.29345367555583923"
"115874","0.2771580897782678","0.2771580897782678","0.2771580897782678"
"116135","0.31625995213551655","0.31625995213551655","0.31625995213551655"
"116394","0.2851696624753318","0.2851696624753318","0.2851696624753318"
"116651","0.30269640471320686","0.30269640471320686","0.30269640471320686"
"116910","0.27593364542128546","0.27593364542128546","0.27593364542128546"
"117170","0.29354180493743603","0.29354180493743603","0.29354180493743603"
"117433","0.2915492413575504","0.2915492413575504","0.2915492413575504"
"117691","0.2973735718562075","0.2973735718562075","0.2973735718562075"
"117956","0.3080286146815274","0.3080286146815274","0.3080286146815274"
"118216","0.29796214696110984","0.29796214696110984","0.29796214696110984"
"118479","0.2851469304106767","0.2851469304106767","0.2851469304106767"
"118737","0.2703110127080636","0.2703110127080636","0.2703110127080636"
"119000","0.30186391074816354","0.30186391074816354","0.30186391074816354"
"119260","0.29857255391561216","0.29857255391561216","0.29857255391561216"
"119526","0.3079398464470988","0.3079398464470988","0.3079398464470988"
"119784","0.2993722181334825","0.2993722181334825","0.2993722181334825"
"120046","0.2930706325306526","0.2930706325306526","0.2930706325306526"
"120303","0.3053727041275789","0.3053727041275789","0.3053727041275789"
"120567","0.29602878119654497","0.29602878119654497","0.29602878119654497"
"120824","0.2996206813761084","0.2996206813761084","0.2996206813761084"
"121085","0.2812249627746036","0.2812249627746036","0.2812249627746036"
"121345","0.2741554507462104","0.2741554507462104","0.2741554507462104"
"121605","0.295874854012207","0.295874854012207","0.295874854012207"
"121865","0.2909739798093149","0.2909739798093149","0.2909739798093149"
"122127","0.28944999995541587","0.28944999995541587","0.28944999995541587"
"122384","0.29373177395100497","0.29373177395100497","0.29373177395100497"
"122646","0.28240225931566837","0.28240225931566837","0.28240225931566837"
"122910","0.29862682618033376","0.29862682618033376","0.29862682618033376"
"123173","0.286272247182119","0.286272247182119","0.286272247182119"
"123432","0.2955847916362793","0.2955847916362793","0.2955847916362793"
"123697","0.28997634687663976","0.28997634687663976","0.28997634687663976"
"123952","0.29348415377015963","0.29348415377015963","0.29348415377015963"
"124216","0.27332220522486694","0.27332220522486694","0.27332220522486694"
"124478","0.2992209360494866","0.2992209360494866","0.2992209360494866"
"124737","0.27105637661914017","0.27105637661914017","0.27105637661914017"
"125002","0.28233703603860144","0.28233703603860144","0.28233703603860144"
"125263","0.27496599184416115","0.27496599184416115","0.27496599184416115"
"125526","0.2926528343470246","0.2926528343470246","0.2926528343470246"
"125784","0.27977005374807484","0.27977005374807484","0.27977005374807484"
"126048","0.2909628841532868","0.2909628841532868","0.2909628841532868"
"126307","0.2985248040490783","0.2985248040490783","0.2985248040490783"
"126567","0.3005265195052953","0.3005265195052953","0.3005265195052953"
"126829","0.2908882333023815","0.2908882333023815","0.2908882333023815"
"127089","0.2831534608942333","0.2831534608942333","0.2831534608942333"
"127351","0.2934480540251369","0.2934480540251369","0.2934480540251369"
"127616","0.2784195932626254","0.2784195932626254","0.2784195932626254"
"127881","0.304008628958","0.304008628958","0.304008628958"
"128141","0.2911649602951237","0.2911649602951237","0.2911649602951237"
"128401","0.293518020240171","0.293518020240171","0.293518020240171"
"128660","0.2850265557268316","0.2850265557268316","0.2850265557268316"
"128920","0.3010863215192154","0.3010863215192154","0.3010863215192154"
"129185","0.28940477091814243","0.28940477091814243","0.28940477091814243"
"129446","0.28458130385415953","0.28458130385415953","0.28458130385415953"
"129707","0.28969335133048074","0.28969335133048074","0.28969335133048074"
"129966","0.2809291454564223","0.2809291454564223","0.2809291454564223"
"130232","0.2946407381899106","0.2946407381899106","0.2946407381899106"
"130497","0.2995917886187014","0.2995917886187014","0.2995917886187014"
"130764","0.3071945861766752","0.3071945861766752","0.3071945861766752"
"131025","0.3018600303360614","0.3018600303360614","0.3018600303360614"
"131285","0.2868834852657604","0.2868834852657604","0.2868834852657604"
"131546","0.2852605632607206","0.2852605632607206","0.2852605632607206"
"131810","0.27989642442987656","0.27989642442987656","0.27989642442987656"
"132075","0.2725764659473662","0.2725764659473662","0.2725764659473662"
"132337","0.28519766653842016","0.28519766653842016","0.28519766653842016"
"132592","0.2815495241861975","0.2815495241861975","0.2815495241861975"
"132851","0.2960390344191328","0.2960390344191328","0.2960390344191328"
"133114","0.28365108940479844","0.28365108940479844","0.28365108940479844"
"133372","0.2881874338519573","0.2881874338519573","0.2881874338519573"
"133636","0.28924245847036617","0.28924245847036617","0.28924245847036617"
"133891","0.2896523540800305","0.2896523540800305","0.2896523540800305"
"134155","0.2944760210217475","0.2944760210217475","0.2944760210217475"
"134417","0.27846258136405183","0.27846258136405183","0.27846258136405183"
"134682","0.2948246316149788","0.2948246316149788","0.2948246316149788"
"134943","0.2959299988925087","0.2959299988925087","0.2959299988925087"
"135202","0.27925187934923584","0.27925187934923584","0.27925187934923584"
"135465","0.2791871472348969","0.2791871472348969","0.2791871472348969"
"135726","0.30542607620336915","0.30542607620336915","0.30542607620336915"
"135987","0.2754072018918515","0.2754072018918515","0.2754072018918515"
"136247","0.3032017932593863","0.3032017932593863","0.3032017932593863"
"136510","0.28519312465967595","0.28519312465967595","0.28519312465967595"
"136769","0.2846808863754361","0.2846808863754361","0.2846808863754361"
"137031","0.28752168834354697","0.28752168834354697","0.28752168834354697"
"137297","0.3073625190141821","0.3073625190141821","0.3073625190141821"
"137560","0.279220555555846","0.279220555555846","0.279220555555846"
"137823","0.282536407667741","0.282536407667741","0.282536407667741"
"138085","0.29697376590077584","0.29697376590077584","0.29697376590077584"
"138348","0.3036622908472848","0.3036622908472848","0.3036622908472848"
"138610","0.2836299980082292","0.2836299980082292","0.2836299980082292"
"138870","0.31253591363826","0.31253591363826","0.31253591363826"
"139130","0.283259371516359","0.283259371516359","0.283259371516359"
"139394","0.2899586791563879","0.2899586791563879","0.2899586791563879"
"139655","0.28265341564558544","0.28265341564558544","0.28265341564558544"
"139917","0.28863835102727203","0.28863835102727203","0.28863835102727203"
"140179","0.287917315704286","0.287917315704286","0.287917315704286"
"140440","0.28246510432638094","0.28246510432638094","0.28246510432638094"
"140699","0.3006133280494256","0.3006133280494256","0.3006133280494256"
"140955","0.28423663561517615","0.28423663561517615","0.28423663561517615"
"141215","0.292059457197172","0.292059457197172","0.292059457197172"
"141479","0.2836292056334819","0.2836292056334819","0.2836292056334819"
"141744","0.2845740349855095","0.2845740349855095","0.2845740349855095"
"142004","0.2879304860723947","0.2879304860723947","0.2879304860723947"
"142261","0.2788140215115459","0.2788140215115459","0.2788140215115459"
"142522","0.2848395572836887","0.2848395572836887","0.2848395572836887"
"142786","0.28540350290419475","0.28540350290419475","0.28540350290419475"
"143044","0.28405866750330233","0.28405866750330233","0.28405866750330233"
"143305","0.27706437890483215","0.27706437890483215","0.27706437890483215"
"143569","0.32190615491619157","0.32190615491619157","0.32190615491619157"
"143827","0.2967186299037501","0.2967186299037501","0.2967186299037501"
"144088","0.2860726734483223","0.2860726734483223","0.2860726734483223"
"144350","0.2867269508581838","0.2867269508581838","0.2867269508581838"
"144610","0.2804537958606364","0.2804537958606364","0.2804537958606364"
"144873","0.29609687998114703","0.29609687998114703","0.29609687998114703"
"145134","0.27201605129656264","0.27201605129656264","0.27201605129656264"
"145397","0.2759532155598037","0.2759532155598037","0.2759532155598037"
"145657","0.28789957292175067","0.28789957292175067","0.28789957292175067"
"145918","0.29791800004821345","0.29791800004821345","0.29791800004821345"
"146179","0.27399868467982186","0.27399868467982186","0.27399868467982186"
"146442","0.2693596885261054","0.2693596885261054","0.2693596885261054"
"146701","0.3050171967588745","0.3050171967588745","0.3050171967588745"
"146964","0.2794520164817891","0.2794520164817891","0.2794520164817891"
"147224","0.2690545733855473","0.2690545733855473","0.2690545733855473"
"147485","0.29513685527132905","0.29513685527132905","0.29513685527132905"
"147753","0.288888940082713","0.288888940082713","0.288888940082713"
"148014","0.2811201352482162","0.2811201352482162","0.2811201352482162"
"148274","0.2968245295178745","0.2968245295178745","0.2968245295178745"
"148535","0.2866578240686563","0.2866578240686563","0.2866578240686563"
"148797","0.28512164775055404","0.28512164775055404","0.28512164775055404"
"149062","0.2790437243760435","0.2790437243760435","0.2790437243760435"
"149325","0.2898160441898578","0.2898160441898578","0.2898160441898578"
"149586","0.3056210309909609","0.3056210309909609","0.3056210309909609"
"149848","0.28085961505921003","0.28085961505921003","0.28085961505921003"
"150108","0.29477388181499187","0.29477388181499187","0.29477388181499187"
"150374","0.2939596209708332","0.2939596209708332","0.2939596209708332"
"150631","0.29881211856042","0.29881211856042","0.29881211856042"
"150892","0.29482210221178096","0.29482210221178096","0.29482210221178096"
"151152","0.27441317946575494","0.27441317946575494","0.27441317946575494"
"151414","0.3047151886376396","0.3047151886376396","0.3047151886376396"
"151678","0.29612995360794125","0.29612995360794125","0.29612995360794125"
"151938","0.28399184007068173","0.28399184007068173","0.28399184007068173"
"152202","0.28557706515458914","0.28557706515458914","0.28557706515458914"
"152466","0.28984341485706433","0.28984341485706433","0.28984341485706433"
"152727","0.2710451009288007","0.2710451009288007","0.2710451009288007"
"152991","0.29460201460561297","0.29460201460561297","0.29460201460561297"
"153254","0.29162863986127685","0.29162863986127685","0.29162863986127685"
"153517","0.278808352592228","0.278808352592228","0.278808352592228"
"153775","0.2803841815175035","0.2803841815175035","0.2803841815175035"
"154040","0.2754139824060404","0.2754139824060404","0.2754139824060404"
"154303","0.28978399929830556","0.28978399929830556","0.28978399929830556"
"154566","0.2916299341467905","0.2916299341467905","0.2916299341467905"
"154831","0.26554415400313236","0.26554415400313236","0.26554415400313236"
"155093","0.2969535976536109","0.2969535976536109","0.2969535976536109"
"155353","0.2774095396615335","0.2774095396615335","0.2774095396615335"
"155613","0.2972554875235591","0.2972554875235591","0.2972554875235591"
"155873","0.28428257274512564","0.28428257274512564","0.28428257274512564"
"156134","0.2971623028376103","0.2971623028376103","0.2971623028376103"
"156397","0.28740573347033194","0.28740573347033194","0.28740573347033194"
"156657","0.276101011595574","0.276101011595574","0.276101011595574"
"156917","0.2877782136482525","0.2877782136482525","0.2877782136482525"
"157177","0.28550063609162657","0.28550063609162657","0.28550063609162657"
"157438","0.2896378896554603","0.2896378896554603","0.2896378896554603"
"157703","0.300746530209496","0.300746530209496","0.300746530209496"
"157964","0.2816435371690692","0.2816435371690692","0.2816435371690692"
"158222","0.26453702133951357","0.26453702133951357","0.26453702133951357"
"158481","0.2637035283439803","0.2637035283439803","0.2637035283439803"
"158743","0.2895972368784731","0.2895972368784731","0.2895972368784731"
"159003","0.27873517793964203","0.27873517793964203","0.27873517793964203"
"159266","0.2696388248844166","0.2696388248844166","0.2696388248844166"
"159527","0.2948665231689939","0.2948665231689939","0.2948665231689939"
"159790","0.28619347050002997","0.28619347050002997","0.28619347050002997"
"160055","0.2796098518845233","0.2796098518845233","0.2796098518845233"
"160318","0.299684315630413","0.299684315630413","0.299684315630413"
"160577","0.28728273199093474","0.28728273199093474","0.28728273199093474"
"160839","0.29369375396830166","0.29369375396830166","0.29369375396830166"
"161102","0.2863953481927617","0.2863953481927617","0.2863953481927617"
"161361","0.26623056177126886","0.26623056177126886","0.26623056177126886"
"161624","0.29038306865697006","0.29038306865697006","0.29038306865697006"
"161886","0.2991515980418119","0.2991515980418119","0.2991515980418119"
"162145","0.2956338888363673","0.2956338888363673","0.2956338888363673"
"162402","0.27488312265124554","0.27488312265124554","0.27488312265124554"
"162665","0.27455389115861706","0.27455389115861706","0.27455389115861706"
"162927","0.3149337575581035","0.3149337575581035","0.3149337575581035"
"163186","0.2960997328296304","0.2960997328296304","0.2960997328296304"
"163450","0.3010928254737098","0.3010928254737098","0.3010928254737098"
"163709","0.2714412395677267","0.2714412395677267","0.2714412395677267"
"163970","0.2780978946108659","0.2780978946108659","0.2780978946108659"
"164233","0.28229150157469785","0.28229150157469785","0.28229150157469785"
"164493","0.28067708280561865","0.28067708280561865","0.28067708280561865"
"164750","0.2802940312055774","0.2802940312055774","0.2802940312055774"
"165014","0.2747338465024854","0.2747338465024854","0.2747338465024854"
"165277","0.27483703658048964","0.27483703658048964","0.27483703658048964"
"165538","0.2863400572034319","0.2863400572034319","0.2863400572034319"
"165800","0.2851014162723144","0.2851014162723144","0.2851014162723144"
"166058","0.26342777655697097","0.26342777655697097","0.26342777655697097"
"166321","0.28670984676256","0.28670984676256","0.28670984676256"
"166586","0.2915993955309659","0.2915993955309659","0.2915993955309659"
"166848","0.2716064884007557","0.2716064884007557","0.2716064884007557"
"167113","0.30420422452857393","0.30420422452857393","0.30420422452857393"
"167375","0.2830802479848041","0.2830802479848041","0.2830802479848041"
"167633","0.2714202172462922","0.2714202172462922","0.2714202172462922"
"167892","0.2975835810560591","0.2975835810560591","0.2975835810560591"
"168151","0.2887913318687809","0.2887913318687809","0.2887913318687809"
"168414","0.2650835576457229","0.2650835576457229","0.2650835576457229"
"168673","0.2670200303731014","0.2670200303731014","0.2670200303731014"
"168934","0.2956674397316623","0.2956674397316623","0.2956674397316623"
"169197","0.2865236436026388","0.2865236436026388","0.2865236436026388"
"169458","0.26880967311560655","0.26880967311560655","0.26880967311560655"
"169721","0.2735585447325158","0.2735585447325158","0.2735585447325158"
"169986","0.28199228982227953","0.28199228982227953","0.28199228982227953"
"170246","0.3047698070943022","0.3047698070943022","0.3047698070943022"
"170509","0.2902842364511812","0.2902842364511812","0.2902842364511812"
"170769","0.29264115220733994","0.29264115220733994","0.29264115220733994"
"171031","0.2772322383585948","0.2772322383585948","0.2772322383585948"
"171292","0.2781882572199129","0.2781882572199129","0.2781882572199129"
"171554","0.272562085409591","0.272562085409591","0.272562085409591"
"171816","0.27625074659058574","0.27625074659058574","0.27625074659058574"
"172081","0.2878536803138835","0.2878536803138835","0.2878536803138835"
"172345","0.29334472044666365","0.29334472044666365","0.29334472044666365"
"172608","0.29600829394800166","0.29600829394800166","0.29600829394800166"
"172871","0.2946557584097656","0.2946557584097656","0.2946557584097656"
"173131","0.28364748163092185","0.28364748163092185","0.28364748163092185"
"173391","0.2860458323782058","0.2860458323782058","0.2860458323782058"
"173656","0.28158723147690873","0.28158723147690873","0.28158723147690873"
"173919","0.2787742000674464","0.2787742000674464","0.2787742000674464"
"174186","0.2763685842605502","0.2763685842605502","0.2763685842605502"
"174450","0.27973399349415984","0.27973399349415984","0.27973399349415984"
"174714","0.29893839981529063","0.29893839981529063","0.29893839981529063"
"174979","0.2953038984093984","0.2953038984093984","0.2953038984093984"
"175240","0.30056673801644634","0.30056673801644634","0.30056673801644634"
"175500","0.29867876401837545","0.29867876401837545","0.29867876401837545"
"175762","0.2616406757733802","0.2616406757733802","0.2616406757733802"
"176023","0.2833239740742306","0.2833239740742306","0.2833239740742306"
"176285","0.2723198810362496","0.2723198810362496","0.2723198810362496"
"176546","0.2756614961068449","0.2756614961068449","0.2756614961068449"
"176807","0.2651831396150285","0.2651831396150285","0.2651831396150285"
"177061","0.28414912199399567","0.28414912199399567","0.28414912199399567"
"177325","0.2969197975367788","0.2969197975367788","0.2969197975367788"
"177591","0.28185961550662575","0.28185961550662575","0.28185961550662575"
"177851","0.27167131495862534","0.27167131495862534","0.27167131495862534"
"178114","0.29204486530451995","0.29204486530451995","0.29204486530451995"
"178377","0.27643757999520907","0.27643757999520907","0.27643757999520907"
"178640","0.28814516980054244","0.28814516980054244","0.28814516980054244"
"178902","0.28950294285713085","0.28950294285713085","0.28950294285713085"
"179164","0.2762408621478683","0.2762408621478683","0.2762408621478683"
"179421","0.2885333153054523","0.2885333153054523","0.2885333153054523"
"179684","0.262315911595498","0.262315911595498","0.262315911595498"
"179950","0.2972992193011621","0.2972992193011621","0.2972992193011621"
"180216","0.29146465767418084","0.29146465767418084","0.29146465767418084"
"180479","0.28179859060047135","0.28179859060047135","0.28179859060047135"
"180743","0.2775070333022356","0.2775070333022356","0.2775070333022356"
"181006","0.2890453943919969","0.2890453943919969","0.2890453943919969"
"181267","0.2713485861047952","0.2713485861047952","0.2713485861047952"
"181529","0.2873000012241201","0.2873000012241201","0.2873000012241201"
"181789","0.2798011669582652","0.2798011669582652","0.2798011669582652"
"182047","0.28687061196196284","0.28687061196196284","0.28687061196196284"
"182306","0.2789918920825965","0.2789918920825965","0.2789918920825965"
"182566","0.2687706243262564","0.2687706243262564","0.2687706243262564"
"182825","0.26206536561189886","0.26206536561189886","0.26206536561189886"
"183087","0.2956117454123713","0.2956117454123713","0.2956117454123713"
"183352","0.2651680727991425","0.2651680727991425","0.2651680727991425"
"183617","0.28738960174864175","0.28738960174864175","0.28738960174864175"
"183876","0.2828904922360352","0.2828904922360352","0.2828904922360352"
"184140","0.2695937779760672","0.2695937779760672","0.2695937779760672"
"184401","0.26782751235045477","0.26782751235045477","0.26782751235045477"
"184660","0.2667638459917382","0.2667638459917382","0.2667638459917382"
"184921","0.3027098975519623","0.3027098975519623","0.3027098975519623"
"185183","0.2735829856809927","0.2735829856809927","0.2735829856809927"
"185442","0.3007605926768711","0.3007605926768711","0.3007605926768711"
"185701","0.2765741960746766","0.2765741960746766","0.2765741960746766"
"185961","0.28468045428583205","0.28468045428583205","0.28468045428583205"
"186223","0.2865333233424094","0.2865333233424094","0.2865333233424094"
"186481","0.28461612785761375","0.28461612785761375","0.28461612785761375"
"186745","0.27775516023090785","0.27775516023090785","0.27775516023090785"
"187002","0.2908780614543451","0.2908780614543451","0.2908780614543451"
"187267","0.2900708035259273","0.2900708035259273","0.2900708035259273"
"187531","0.27169598205975115","0.27169598205975115","0.27169598205975115"
"187790","0.2832854731403997","0.2832854731403997","0.2832854731403997"
"188054","0.2839872121697529","0.2839872121697529","0.2839872121697529"
"188316","0.2857090858673246","0.2857090858673246","0.2857090858673246"
"188582","0.27865043347116647","0.27865043347116647","0.27865043347116647"
"188844","0.27900641064139786","0.27900641064139786","0.27900641064139786"
"189110","0.2633701311392871","0.2633701311392871","0.2633701311392871"
"189364","0.27803436180044605","0.27803436180044605","0.27803436180044605"
"189624","0.28025679771277784","0.28025679771277784","0.28025679771277784"
"189885","0.29007613042767316","0.29007613042767316","0.29007613042767316"
"190136","0.2816644096371953","0.2816644096371953","0.2816644096371953"
"190397","0.29826282179448416","0.29826282179448416","0.29826282179448416"
"190661","0.26225761816436577","0.26225761816436577","0.26225761816436577"
"190920","0.2677244626592341","0.2677244626592341","0.2677244626592341"
"191184","0.27804597776950385","0.27804597776950385","0.27804597776950385"
"191446","0.27965167024474435","0.27965167024474435","0.27965167024474435"
"191708","0.2859037610160501","0.2859037610160501","0.2859037610160501"
"191969","0.30105339042701773","0.30105339042701773","0.30105339042701773"
"192231","0.2927364022236851","0.2927364022236851","0.2927364022236851"
"192495","0.29155757538893545","0.29155757538893545","0.29155757538893545"
"192756","0.2648137627709119","0.2648137627709119","0.2648137627709119"
"193013","0.3224588727347696","0.3224588727347696","0.3224588727347696"
"193270","0.28055088419519736","0.28055088419519736","0.28055088419519736"
"193529","0.2835308354513431","0.2835308354513431","0.2835308354513431"
"193786","0.2872680473654443","0.2872680473654443","0.2872680473654443"
"194046","0.27641711340342784","0.27641711340342784","0.27641711340342784"
"194308","0.282013053406486","0.282013053406486","0.282013053406486"
"194564","0.28232370593811024","0.28232370593811024","0.28232370593811024"
"194825","0.2859383099881955","0.2859383099881955","0.2859383099881955"
"195086","0.29183381039377027","0.29183381039377027","0.29183381039377027"
"195349","0.28198988268711667","0.28198988268711667","0.28198988268711667"
"195616","0.28331184809134324","0.28331184809134324","0.28331184809134324"
"195876","0.2998115078001328","0.2998115078001328","0.2998115078001328"
"196141","0.2837001184939548","0.2837001184939548","0.2837001184939548"
"196402","0.2665708922391482","0.2665708922391482","0.2665708922391482"
"196663","0.29099086643095357","0.29099086643095357","0.29099086643095357"
"196925","0.27797224784344715","0.27797224784344715","0.27797224784344715"
"197188","0.28721809070960364","0.28721809070960364","0.28721809070960364"
"197448","0.26917985211539314","0.26917985211539314","0.26917985211539314"
"197712","0.28967737901704205","0.28967737901704205","0.28967737901704205"
"197974","0.28543842781268847","0.28543842781268847","0.28543842781268847"
"198235","0.28758173561865763","0.28758173561865763","0.28758173561865763"
"198498","0.2766581198216665","0.2766581198216665","0.2766581198216665"
"198766","0.27358053092783213","0.27358053092783213","0.27358053092783213"
"199028","0.2791608122964586","0.2791608122964586","0.2791608122964586"
"199289","0.27767750693969","0.27767750693969","0.27767750693969"
"199550","0.28102215023680827","0.28102215023680827","0.28102215023680827"
"199813","0.28876929316324107","0.28876929316324107","0.28876929316324107"
"200075","0.27126976450382373","0.27126976450382373","0.27126976450382373"
"200335","0.2856868717915439","0.2856868717915439","0.2856868717915439"
"200593","0.2875196701904858","0.2875196701904858","0.2875196701904858"
"200850","0.2583560314281154","0.2583560314281154","0.2583560314281154"
"201109","0.2853083758894418","0.2853083758894418","0.2853083758894418"
"201374","0.2788207679911723","0.2788207679911723","0.2788207679911723"
"201641","0.29264066995282656","0.29264066995282656","0.29264066995282656"
"201903","0.2878422186601853","0.2878422186601853","0.2878422186601853"
"202163","0.26374996514044435","0.26374996514044435","0.26374996514044435"
"202423","0.26967995145810425","0.26967995145810425","0.26967995145810425"
"202683","0.28414002840328373","0.28414002840328373","0.28414002840328373"
"202944","0.2745155697786976","0.2745155697786976","0.2745155697786976"
"203206","0.2696482446011762","0.2696482446011762","0.2696482446011762"
"203468","0.27811316033488204","0.27811316033488204","0.27811316033488204"
"203730","0.2653569487469123","0.2653569487469123","0.2653569487469123"
"203994","0.2798524573525807","0.2798524573525807","0.2798524573525807"
"204254","0.2862503424125637","0.2862503424125637","0.2862503424125637"
"204517","0.2726507413195753","0.2726507413195753","0.2726507413195753"
"204780","0.288352278141202","0.288352278141202","0.288352278141202"
"205042","0.2798013548368593","0.2798013548368593","0.2798013548368593"
"205305","0.2893474788208085","0.2893474788208085","0.2893474788208085"
"205568","0.2707440667461469","0.2707440667461469","0.2707440667461469"
"205828","0.26809241846875087","0.26809241846875087","0.26809241846875087"
"206089","0.27473551654647893","0.27473551654647893","0.27473551654647893"
"206349","0.2865190773997651","0.2865190773997651","0.2865190773997651"
"206613","0.27052129018306226","0.27052129018306226","0.27052129018306226"
"206871","0.2853378955735794","0.2853378955735794","0.2853378955735794"
"207134","0.2758055775555504","0.2758055775555504","0.2758055775555504"
"207396","0.296378768525629","0.296378768525629","0.296378768525629"
"207654","0.289464041091946","0.289464041091946","0.289464041091946"
"207917","0.27505526164533795","0.27505526164533795","0.27505526164533795"
"208178","0.273798893075309","0.273798893075309","0.273798893075309"
"208440","0.27531120154417466","0.27531120154417466","0.27531120154417466"
"208703","0.2927724258529556","0.2927724258529556","0.2927724258529556"
"208961","0.2694994520203501","0.2694994520203501","0.2694994520203501"
"209224","0.28417847904359594","0.28417847904359594","0.28417847904359594"
"209490","0.28746060257309","0.28746060257309","0.28746060257309"
"209752","0.26040666069318585","0.26040666069318585","0.26040666069318585"
"210010","0.27295713577980746","0.27295713577980746","0.27295713577980746"
"210272","0.2916720309994804","0.2916720309994804","0.2916720309994804"
"210532","0.2795372387002929","0.2795372387002929","0.2795372387002929"
"210792","0.2657528857661304","0.2657528857661304","0.2657528857661304"
"211054","0.28142848157460165","0.28142848157460165","0.28142848157460165"
"211313","0.3144489381480298","0.3144489381480298","0.3144489381480298"
"211573","0.2786844792935551","0.2786844792935551","0.2786844792935551"
"211836","0.2932256947434639","0.2932256947434639","0.2932256947434639"
"212096","0.2899042595595726","0.2899042595595726","0.2899042595595726"
"212360","0.26991082537520034","0.26991082537520034","0.26991082537520034"
"212626","0.27936088780367396","0.27936088780367396","0.27936088780367396"
"212882","0.27186736681792933","0.27186736681792933","0.27186736681792933"
"213142","0.2728181921509051","0.2728181921509051","0.2728181921509051"
"213403","0.2873521480273405","0.2873521480273405","0.2873521480273405"
"213667","0.2910208427064262","0.2910208427064262","0.2910208427064262"
"213927","0.29445130841214057","0.29445130841214057","0.29445130841214057"
"214188","0.29009728784341876","0.29009728784341876","0.29009728784341876"
"214450","0.2957446455543487","0.2957446455543487","0.2957446455543487"
"214712","0.27254690923558067","0.27254690923558067","0.27254690923558067"
"214974","0.29679536403119106","0.29679536403119106","0.29679536403119106"
"215233","0.27933991126730573","0.27933991126730573","0.27933991126730573"
"215492","0.28167859054765015","0.28167859054765015","0.28167859054765015"
"215748","0.27574277089507276","0.27574277089507276","0.27574277089507276"
"216010","0.28700719760190263","0.28700719760190263","0.28700719760190263"
"216275","0.270248462587736","0.270248462587736","0.270248462587736"
"216538","0.3006445343640181","0.3006445343640181","0.3006445343640181"
"216796","0.27033200325863427","0.27033200325863427","0.27033200325863427"
"217058","0.28160069696058115","0.28160069696058115","0.28160069696058115"
"217318","0.30346875559017217","0.30346875559017217","0.30346875559017217"
"217583","0.2713586811825083","0.2713586811825083","0.2713586811825083"
"217843","0.30046618146008763","0.30046618146008763","0.30046618146008763"
"218105","0.28877382094358556","0.28877382094358556","0.28877382094358556"
"218367","0.2732130976286049","0.2732130976286049","0.2732130976286049"
"218626","0.29946273831111697","0.29946273831111697","0.29946273831111697"
"218888","0.2754685178534914","0.2754685178534914","0.2754685178534914"
"219144","0.27792860217101395","0.27792860217101395","0.27792860217101395"
"219409","0.2932236400712504","0.2932236400712504","0.2932236400712504"
"219673","0.29498678780558313","0.29498678780558313","0.29498678780558313"
"219935","0.29776860053272974","0.29776860053272974","0.29776860053272974"
"220197","0.27172468007774886","0.27172468007774886","0.27172468007774886"
"220456","0.2694244758824404","0.2694244758824404","0.2694244758824404"
"220714","0.27432337757374514","0.27432337757374514","0.27432337757374514"
"220981","0.28685722467623737","0.28685722467623737","0.28685722467623737"
"221238","0.27606328225854637","0.27606328225854637","0.27606328225854637"
"221498","0.2975485760444055","0.2975485760444055","0.2975485760444055"
"221765","0.305310814582528","0.305310814582528","0.305310814582528"
"222027","0.27404056000981314","0.27404056000981314","0.27404056000981314"
"222285","0.2575200127364453","0.2575200127364453","0.2575200127364453"
"222545","0.27047393999554215","0.27047393999554215","0.27047393999554215"
"222807","0.2655280454678741","0.2655280454678741","0.2655280454678741"
"223066","0.2858041652787896","0.2858041652787896","0.2858041652787896"
"223331","0.28466053579495826","0.28466053579495826","0.28466053579495826"
"223594","0.26884445714298666","0.26884445714298666","0.26884445714298666"
"223856","0.29003829104411954","0.29003829104411954","0.29003829104411954"
"224118","0.2766126370312647","0.2766126370312647","0.2766126370312647"
"224379","0.2709880541308479","0.2709880541308479","0.2709880541308479"
"224637","0.2692254756964965","0.2692254756964965","0.2692254756964965"
"224898","0.2798121237200357","0.2798121237200357","0.2798121237200357"
"225159","0.3089556359401258","0.3089556359401258","0.3089556359401258"
"225416","0.2735398010460614","0.2735398010460614","0.2735398010460614"
"225679","0.28260772607320234","0.28260772607320234","0.28260772607320234"
"225945","0.2691698649886164","0.2691698649886164","0.2691698649886164"
"226204","0.2835459656952745","0.2835459656952745","0.2835459656952745"
"226459","0.2919632915613371","0.2919632915613371","0.2919632915613371"
"226723","0.29642262939492836","0.29642262939492836","0.29642262939492836"
"226981","0.29058705222842696","0.29058705222842696","0.29058705222842696"
"227243","0.27109051381879257","0.27109051381879257","0.27109051381879257"
"227504","0.29783478340753977","0.29783478340753977","0.29783478340753977"
"227768","0.27006762063046363","0.27006762063046363","0.27006762063046363"
"228030","0.29537575126927096","0.29537575126927096","0.29537575126927096"
"228294","0.3093550286524026","0.3093550286524026","0.3093550286524026"
"228558","0.28643983882196816","0.28643983882196816","0.28643983882196816"
"228823","0.290755292391086","0.290755292391086","0.290755292391086"
"229085","0.28455356155424827","0.28455356155424827","0.28455356155424827"
"229347","0.28532439310245716","0.28532439310245716","0.28532439310245716"
"229610","0.2793526098665358","0.2793526098665358","0.2793526098665358"
"229875","0.28184718714487644","0.28184718714487644","0.28184718714487644"
"230134","0.2969269699946149","0.2969269699946149","0.2969269699946149"
"230399","0.27207007224179025","0.27207007224179025","0.27207007224179025"
"230662","0.27694855668890517","0.27694855668890517","0.27694855668890517"
"230926","0.28567228500388053","0.28567228500388053","0.28567228500388053"
"231188","0.2773382812167501","0.2773382812167501","0.2773382812167501"
"231447","0.27511262577271595","0.27511262577271595","0.27511262577271595"
"231708","0.28866975069646456","0.28866975069646456","0.28866975069646456"
"231969","0.26158302103591224","0.26158302103591224","0.26158302103591224"
"232228","0.26965472334851165","0.26965472334851165","0.26965472334851165"
"232487","0.2764298999465585","0.2764298999465585","0.2764298999465585"
"232745","0.26449671919248735","0.26449671919248735","0.26449671919248735"
"233006","0.28005200542086844","0.28005200542086844","0.28005200542086844"
"233265","0.28887984337820327","0.28887984337820327","0.28887984337820327"
"233526","0.2990939945177317","0.2990939945177317","0.2990939945177317"
"233786","0.2908070875125943","0.2908070875125943","0.2908070875125943"
"234049","0.29371198338764287","0.29371198338764287","0.29371198338764287"
"234309","0.2930141312587116","0.2930141312587116","0.2930141312587116"
"234572","0.2790734954914252","0.2790734954914252","0.2790734954914252"
"234830","0.28712280178462185","0.28712280178462185","0.28712280178462185"
"235089","0.2607028081443502","0.2607028081443502","0.2607028081443502"
"235351","0.2918377928024116","0.2918377928024116","0.2918377928024116"
"235610","0.2681858168585935","0.2681858168585935","0.2681858168585935"
"235873","0.2943927189153406","0.2943927189153406","0.2943927189153406"
"236130","0.2825761500550776","0.2825761500550776","0.2825761500550776"
"236390","0.2872028368459619","0.2872028368459619","0.2872028368459619"
"236656","0.28264217759882987","0.28264217759882987","0.28264217759882987"
"236915","0.28382147882680103","0.28382147882680103","0.28382147882680103"
"237176","0.28375191274226935","0.28375191274226935","0.28375191274226935"
"237436","0.2580377136720975","0.2580377136720975","0.2580377136720975"
"237700","0.2776169074458065","0.2776169074458065","0.2776169074458065"
"237960","0.28364573367031415","0.28364573367031415","0.28364573367031415"
"238222","0.26842222029549756","0.26842222029549756","0.26842222029549756"
"238482","0.30071429566168295","0.30071429566168295","0.30071429566168295"
"238748","0.27376509607908966","0.27376509607908966","0.27376509607908966"
"239007","0.29064939623087543","0.29064939623087543","0.29064939623087543"
"239267","0.2675724932943244","0.2675724932943244","0.2675724932943244"
"239533","0.2631793021089157","0.2631793021089157","0.2631793021089157"
"239796","0.3062686868930468","0.3062686868930468","0.3062686868930468"
"240056","0.26067678452330534","0.26067678452330534","0.26067678452330534"
"240316","0.2858017880344242","0.2858017880344242","0.2858017880344242"
"240580","0.2974145006836635","0.2974145006836635","0.2974145006836635"
"240841","0.28684685972516355","0.28684685972516355","0.28684685972516355"
"241106","0.28177357529857994","0.28177357529857994","0.28177357529857994"
"241365","0.2723409508115928","0.2723409508115928","0.2723409508115928"
"241625","0.27607570746356935","0.27607570746356935","0.27607570746356935"
"241886","0.304411389094053","0.304411389094053","0.304411389094053"
"242145","0.2871622235291073","0.2871622235291073","0.2871622235291073"
"242410","0.31994136996510897","0.31994136996510897","0.31994136996510897"
"242669","0.27770134034018473","0.27770134034018473","0.27770134034018473"
"242929","0.2877024831512966","0.2877024831512966","0.2877024831512966"
"243189","0.28594400466865144","0.28594400466865144","0.28594400466865144"
"243448","0.28589596361153585","0.28589596361153585","0.28589596361153585"
"243713","0.27607243672855214","0.27607243672855214","0.27607243672855214"
"243973","0.28995877394305924","0.28995877394305924","0.28995877394305924"
"244231","0.28432191845240595","0.28432191845240595","0.28432191845240595"
"244492","0.28727834425063165","0.28727834425063165","0.28727834425063165"
"244754","0.280341199836718","0.280341199836718","0.280341199836718"
"245016","0.28126108091244867","0.28126108091244867","0.28126108091244867"
"245278","0.2803208746943394","0.2803208746943394","0.2803208746943394"
"245543","0.27537930086434","0.27537930086434","0.27537930086434"
"245800","0.2670857978337713","0.2670857978337713","0.2670857978337713"
"246061","0.304173116183466","0.304173116183466","0.304173116183466"
"246322","0.2884187183202298","0.2884187183202298","0.2884187183202298"
"246583","0.2936212787604179","0.2936212787604179","0.2936212787604179"
"246846","0.274266310085401","0.274266310085401","0.274266310085401"
"247109","0.27540701637448045","0.27540701637448045","0.27540701637448045"
"247368","0.28778050246756665","0.28778050246756665","0.28778050246756665"
"247630","0.29066350683830955","0.29066350683830955","0.29066350683830955"
"247891","0.2848823781801766","0.2848823781801766","0.2848823781801766"
"248157","0.29695283311414833","0.29695283311414833","0.29695283311414833"
"248419","0.29109950106676463","0.29109950106676463","0.29109950106676463"
"248680","0.2855521019906453","0.2855521019906453","0.2855521019906453"
"248939","0.27639068942610284","0.27639068942610284","0.27639068942610284"
"249200","0.28234592546149906","0.28234592546149906","0.28234592546149906"
"249466","0.2877551499704223","0.2877551499704223","0.2877551499704223"
"249729","0.2749208522625112","0.2749208522625112","0.2749208522625112"
"249992","0.2827744177805232","0.2827744177805232","0.2827744177805232"
"250253","0.273148636416673","0.273148636416673","0.273148636416673"
"250515","0.2839998554686155","0.2839998554686155","0.2839998554686155"
"250771","0.27797290492412946","0.27797290492412946","0.27797290492412946"
"251032","0.26945653154426186","0.26945653154426186","0.26945653154426186"
"251293","0.2785560738835117","0.2785560738835117","0.2785560738835117"
"251554","0.2745102485527151","0.2745102485527151","0.2745102485527151"
"251821","0.2928880463359321","0.2928880463359321","0.2928880463359321"
"252086","0.2736540875169432","0.2736540875169432","0.2736540875169432"
"252348","0.2848160064217943","0.2848160064217943","0.2848160064217943"
"252614","0.310309463799474","0.310309463799474","0.310309463799474"
"252880","0.27137817858933455","0.27137817858933455","0.27137817858933455"
"253144","0.270463588642247","0.270463588642247","0.270463588642247"
"253403","0.28243094894721793","0.28243094894721793","0.28243094894721793"
"253660","0.25851156733122777","0.25851156733122777","0.25851156733122777"
"253922","0.28111369918320034","0.28111369918320034","0.28111369918320034"
"254181","0.26815707175534437","0.26815707175534437","0.26815707175534437"
"254444","0.27836114013760255","0.27836114013760255","0.27836114013760255"
"254704","0.27194791501293913","0.27194791501293913","0.27194791501293913"
"254968","0.3107358838677783","0.3107358838677783","0.3107358838677783"
"255229","0.2701200724772496","0.2701200724772496","0.2701200724772496"
"255485","0.27932723194048686","0.27932723194048686","0.27932723194048686"
"255750","0.27552759171557656","0.27552759171557656","0.27552759171557656"
"256016","0.30548478396683887","0.30548478396683887","0.30548478396683887"
"256279","0.28811754994244215","0.28811754994244215","0.28811754994244215"
"256536","0.2787648745906381","0.2787648745906381","0.2787648745906381"
"256795","0.2902815028609661","0.2902815028609661","0.2902815028609661"
"257056","0.2895384577707092","0.2895384577707092","0.2895384577707092"
"257319","0.2810910953183827","0.2810910953183827","0.2810910953183827"
"257585","0.2756333905591921","0.2756333905591921","0.2756333905591921"
"257848","0.26528259597796605","0.26528259597796605","0.26528259597796605"
"258110","0.28868425544776755","0.28868425544776755","0.28868425544776755"
"258365","0.2649503110312172","0.2649503110312172","0.2649503110312172"
"258629","0.26294690403137794","0.26294690403137794","0.26294690403137794"
"258889","0.27901293033244245","0.27901293033244245","0.27901293033244245"
"259153","0.29454167651349045","0.29454167651349045","0.29454167651349045"
"259419","0.3006567002417145","0.3006567002417145","0.3006567002417145"
"259680","0.27152207137488693","0.27152207137488693","0.27152207137488693"
"259943","0.2814058189485448","0.2814058189485448","0.2814058189485448"
"260207","0.2849137941994163","0.2849137941994163","0.2849137941994163"
"260469","0.2800209472912188","0.2800209472912188","0.2800209472912188"
"260730","0.27767075323647195","0.27767075323647195","0.27767075323647195"
"260993","0.25666091615928815","0.25666091615928815","0.25666091615928815"
"261252","0.3167837482936519","0.3167837482936519","0.3167837482936519"
"261510","0.27245319593971","0.27245319593971","0.27245319593971"
"261775","0.2694390321917508","0.2694390321917508","0.2694390321917508"