"Step","fine tune no_0_1e-05 - average_loss","fine tune no_0_1e-05 - average_loss__MIN","fine tune no_0_1e-05 - average_loss__MAX"
"260","0.35544134520767434","0.35544134520767434","0.35544134520767434"
"526","0.35755737542880356","0.35755737542880356","0.35755737542880356"
"783","0.3418031235910711","0.3418031235910711","0.3418031235910711"
"1039","0.3414205791907779","0.3414205791907779","0.3414205791907779"
"1304","0.35296716020502744","0.35296716020502744","0.35296716020502744"
"1566","0.34754636687982193","0.34754636687982193","0.34754636687982193"
"1823","0.34183335441503004","0.34183335441503004","0.34183335441503004"
"2084","0.3358239632769477","0.3358239632769477","0.3358239632769477"
"2348","0.33844930620618024","0.33844930620618024","0.33844930620618024"
"2611","0.3364373830614526","0.3364373830614526","0.3364373830614526"
"2871","0.330004982239716","0.330004982239716","0.330004982239716"
"3129","0.3295861851935487","0.3295861851935487","0.3295861851935487"
"3390","0.3249346184426522","0.3249346184426522","0.3249346184426522"
"3652","0.33386126667207394","0.33386126667207394","0.33386126667207394"
"3916","0.330683956255212","0.330683956255212","0.330683956255212"
"4177","0.32725098188576984","0.32725098188576984","0.32725098188576984"
"4437","0.3323019420208696","0.3323019420208696","0.3323019420208696"
"4698","0.3222465044367091","0.3222465044367091","0.3222465044367091"
"4958","0.31944278619740735","0.31944278619740735","0.31944278619740735"
"5223","0.325706744141688","0.325706744141688","0.325706744141688"
"5486","0.32238738397883143","0.32238738397883143","0.32238738397883143"
"5744","0.3231797900799712","0.3231797900799712","0.3231797900799712"
"6005","0.3121765836010538","0.3121765836010538","0.3121765836010538"
"6266","0.3196937371091386","0.3196937371091386","0.3196937371091386"
"6526","0.30933125391040356","0.30933125391040356","0.30933125391040356"
"6787","0.3067902247042927","0.3067902247042927","0.3067902247042927"
"7046","0.3108003486970036","0.3108003486970036","0.3108003486970036"
"7308","0.3038210376349947","0.3038210376349947","0.3038210376349947"
"7569","0.3061584555720821","0.3061584555720821","0.3061584555720821"
"7826","0.30218661041502715","0.30218661041502715","0.30218661041502715"
"8087","0.3062200058560276","0.3062200058560276","0.3062200058560276"
"8348","0.29772424277050696","0.29772424277050696","0.29772424277050696"
"8607","0.3014565484709308","0.3014565484709308","0.3014565484709308"
"8867","0.2998136469331648","0.2998136469331648","0.2998136469331648"
"9124","0.29899897124295605","0.29899897124295605","0.29899897124295605"
"9387","0.30105257273572866","0.30105257273572866","0.30105257273572866"
"9646","0.303263810152383","0.303263810152383","0.303263810152383"
"9908","0.3040148892232817","0.3040148892232817","0.3040148892232817"
"10168","0.2895081782086681","0.2895081782086681","0.2895081782086681"
"10431","0.29337981311654493","0.29337981311654493","0.29337981311654493"
"10691","0.29095900399467856","0.29095900399467856","0.29095900399467856"
"10952","0.2923041298183632","0.2923041298183632","0.2923041298183632"
"11206","0.2896479420186789","0.2896479420186789","0.2896479420186789"
"11470","0.2965753213999521","0.2965753213999521","0.2965753213999521"
"11734","0.2943933168675143","0.2943933168675143","0.2943933168675143"
"11997","0.2963572273321474","0.2963572273321474","0.2963572273321474"
"12259","0.28059348982643517","0.28059348982643517","0.28059348982643517"
"12521","0.29224162376263074","0.29224162376263074","0.29224162376263074"
"12780","0.29117960894457795","0.29117960894457795","0.29117960894457795"
"13042","0.2887050063743268","0.2887050063743268","0.2887050063743268"
"13309","0.29457591088296964","0.29457591088296964","0.29457591088296964"
"13569","0.3022814474047976","0.3022814474047976","0.3022814474047976"
"13829","0.2888396128759688","0.2888396128759688","0.2888396128759688"
"14094","0.28699528452106304","0.28699528452106304","0.28699528452106304"
"14352","0.28918308089161093","0.28918308089161093","0.28918308089161093"
"14616","0.28793345963590994","0.28793345963590994","0.28793345963590994"
"14880","0.2888307289410567","0.2888307289410567","0.2888307289410567"
"15143","0.283676768920411","0.283676768920411","0.283676768920411"
"15404","0.2766145903981216","0.2766145903981216","0.2766145903981216"
"15664","0.2863030470698152","0.2863030470698152","0.2863030470698152"
"15927","0.28008639331292146","0.28008639331292146","0.28008639331292146"
"16192","0.27847285719732134","0.27847285719732134","0.27847285719732134"
"16459","0.2855642749623002","0.2855642749623002","0.2855642749623002"
"16719","0.2758722013207042","0.2758722013207042","0.2758722013207042"
"16981","0.2884370366137763","0.2884370366137763","0.2884370366137763"
"17238","0.2797822198857505","0.2797822198857505","0.2797822198857505"
"17499","0.27648031036134085","0.27648031036134085","0.27648031036134085"
"17759","0.2765244579180708","0.2765244579180708","0.2765244579180708"
"18022","0.2729154911596937","0.2729154911596937","0.2729154911596937"
"18280","0.28011513906886654","0.28011513906886654","0.28011513906886654"
"18539","0.27454139514273235","0.27454139514273235","0.27454139514273235"
"18801","0.27132126142243695","0.27132126142243695","0.27132126142243695"
"19065","0.2854841819776674","0.2854841819776674","0.2854841819776674"
"19327","0.2757083487199783","0.2757083487199783","0.2757083487199783"
"19588","0.2726011758692865","0.2726011758692865","0.2726011758692865"
"19852","0.2780725555784915","0.2780725555784915","0.2780725555784915"
"20114","0.2737935092591766","0.2737935092591766","0.2737935092591766"
"20371","0.26595824346247854","0.26595824346247854","0.26595824346247854"
"20632","0.27332337316705857","0.27332337316705857","0.27332337316705857"
"20891","0.2788237562070563","0.2788237562070563","0.2788237562070563"
"21155","0.2782085094316388","0.2782085094316388","0.2782085094316388"
"21417","0.26617298432955855","0.26617298432955855","0.26617298432955855"
"21679","0.2795439250854015","0.2795439250854015","0.2795439250854015"
"21943","0.2700708789402215","0.2700708789402215","0.2700708789402215"
"22207","0.26904419901734744","0.26904419901734744","0.26904419901734744"
"22464","0.2687423290897731","0.2687423290897731","0.2687423290897731"
"22724","0.26767687472407625","0.26767687472407625","0.26767687472407625"
"22985","0.26271774378858137","0.26271774378858137","0.26271774378858137"
"23247","0.26728359739145474","0.26728359739145474","0.26728359739145474"
"23511","0.2706056210448007","0.2706056210448007","0.2706056210448007"
"23775","0.2760509714843199","0.2760509714843199","0.2760509714843199"
"24036","0.2631266426837032","0.2631266426837032","0.2631266426837032"
"24297","0.26989011340495084","0.26989011340495084","0.26989011340495084"
"24558","0.26716293551648806","0.26716293551648806","0.26716293551648806"
"24820","0.26851024406989155","0.26851024406989155","0.26851024406989155"
"25087","0.2688930393859924","0.2688930393859924","0.2688930393859924"
"25349","0.2626416685908768","0.2626416685908768","0.2626416685908768"
"25604","0.26055155911311373","0.26055155911311373","0.26055155911311373"
"25868","0.26709272853452626","0.26709272853452626","0.26709272853452626"
"26130","0.2662388339141805","0.2662388339141805","0.2662388339141805"
"26390","0.2620569130481376","0.2620569130481376","0.2620569130481376"
"26652","0.2768712095049962","0.2768712095049962","0.2768712095049962"
"26911","0.2625988266225945","0.2625988266225945","0.2625988266225945"
"27174","0.26178404568849367","0.26178404568849367","0.26178404568849367"
"27437","0.26336133488312957","0.26336133488312957","0.26336133488312957"
"27695","0.26404145369988397","0.26404145369988397","0.26404145369988397"
"27957","0.27007067034831556","0.27007067034831556","0.27007067034831556"
"28218","0.2637640634581378","0.2637640634581378","0.2637640634581378"
"28478","0.2583951960827504","0.2583951960827504","0.2583951960827504"
"28746","0.26546678971192167","0.26546678971192167","0.26546678971192167"
"29005","0.26431081705002296","0.26431081705002296","0.26431081705002296"
"29269","0.26273528796541146","0.26273528796541146","0.26273528796541146"
"29530","0.26267212205560797","0.26267212205560797","0.26267212205560797"
"29790","0.25630181435003246","0.25630181435003246","0.25630181435003246"
"30051","0.2561093468087573","0.2561093468087573","0.2561093468087573"
"30317","0.2631711534230095","0.2631711534230095","0.2631711534230095"
"30578","0.2547633303492644","0.2547633303492644","0.2547633303492644"
"30838","0.2618537861711235","0.2618537861711235","0.2618537861711235"
"31103","0.2686185282371937","0.2686185282371937","0.2686185282371937"
"31367","0.2624134988672209","0.2624134988672209","0.2624134988672209"
"31622","0.25315010578991465","0.25315010578991465","0.25315010578991465"
"31885","0.25271401371370167","0.25271401371370167","0.25271401371370167"
"32146","0.258833281078496","0.258833281078496","0.258833281078496"
"32407","0.2559236691575265","0.2559236691575265","0.2559236691575265"
"32669","0.25044895365635617","0.25044895365635617","0.25044895365635617"
"32929","0.2603332620588599","0.2603332620588599","0.2603332620588599"
"33191","0.25540774707477804","0.25540774707477804","0.25540774707477804"
"33449","0.2511793143031742","0.2511793143031742","0.2511793143031742"
"33711","0.2569467082883157","0.2569467082883157","0.2569467082883157"
"33976","0.24991804749189678","0.24991804749189678","0.24991804749189678"
"34237","0.2493502562292322","0.2493502562292322","0.2493502562292322"
"34501","0.254007018800507","0.254007018800507","0.254007018800507"
"34762","0.2532030944247863","0.2532030944247863","0.2532030944247863"
"35027","0.25032137683363115","0.25032137683363115","0.25032137683363115"
"35288","0.2511418900968706","0.2511418900968706","0.2511418900968706"
"35551","0.24683341301728245","0.24683341301728245","0.24683341301728245"
"35810","0.2467173338102724","0.2467173338102724","0.2467173338102724"
"36072","0.25064966974365","0.25064966974365","0.25064966974365"
"36331","0.2431962475083","0.2431962475083","0.2431962475083"
"36592","0.25091017004596405","0.25091017004596405","0.25091017004596405"
"36853","0.25188353520362117","0.25188353520362117","0.25188353520362117"
"37113","0.24510596513343233","0.24510596513343233","0.24510596513343233"
"37378","0.25729503825972094","0.25729503825972094","0.25729503825972094"
"37640","0.24894674682502338","0.24894674682502338","0.24894674682502338"
"37900","0.24579930735098376","0.24579930735098376","0.24579930735098376"
"38157","0.24827959840486874","0.24827959840486874","0.24827959840486874"
"38418","0.24259987337662806","0.24259987337662806","0.24259987337662806"
"38677","0.2406545228199585","0.2406545228199585","0.2406545228199585"
"38938","0.2455582895744285","0.2455582895744285","0.2455582895744285"
"39202","0.2508922046340887","0.2508922046340887","0.2508922046340887"
"39465","0.24745111884922916","0.24745111884922916","0.24745111884922916"
"39731","0.2535774815018616","0.2535774815018616","0.2535774815018616"
"39992","0.2459004852642618","0.2459004852642618","0.2459004852642618"
"40255","0.24482406096627915","0.24482406096627915","0.24482406096627915"
"40520","0.2489970392699755","0.2489970392699755","0.2489970392699755"
"40780","0.24604185048160282","0.24604185048160282","0.24604185048160282"
"41042","0.2418526202007252","0.2418526202007252","0.2418526202007252"
"41309","0.24264476848168687","0.24264476848168687","0.24264476848168687"
"41569","0.2530991355130424","0.2530991355130424","0.2530991355130424"
"41833","0.24496806899399073","0.24496806899399073","0.24496806899399073"
"42092","0.24383012908166035","0.24383012908166035","0.24383012908166035"
"42353","0.236966060626277","0.236966060626277","0.236966060626277"
"42619","0.24348688669489557","0.24348688669489557","0.24348688669489557"
"42878","0.2388513004119036","0.2388513004119036","0.2388513004119036"
"43138","0.23591496466163522","0.23591496466163522","0.23591496466163522"
"43402","0.24078642298404598","0.24078642298404598","0.24078642298404598"
"43658","0.22876454925213255","0.22876454925213255","0.22876454925213255"
"43920","0.2397645251492096","0.2397645251492096","0.2397645251492096"
"44185","0.24299857931143704","0.24299857931143704","0.24299857931143704"
"44450","0.2437899125224506","0.2437899125224506","0.2437899125224506"
"44708","0.23451113165177118","0.23451113165177118","0.23451113165177118"
"44969","0.2398357232419972","0.2398357232419972","0.2398357232419972"
"45233","0.23558574131820662","0.23558574131820662","0.23558574131820662"
"45497","0.2407550107202274","0.2407550107202274","0.2407550107202274"
"45760","0.24071834059950145","0.24071834059950145","0.24071834059950145"
"46021","0.23817068344484668","0.23817068344484668","0.23817068344484668"
"46280","0.23397440623957524","0.23397440623957524","0.23397440623957524"
"46545","0.25058088606160844","0.25058088606160844","0.25058088606160844"
"46810","0.24361259532732205","0.24361259532732205","0.24361259532732205"
"47072","0.2378492202710472","0.2378492202710472","0.2378492202710472"
"47332","0.23635162934397858","0.23635162934397858","0.23635162934397858"
"47593","0.23312461531764767","0.23312461531764767","0.23312461531764767"
"47849","0.23858258245971697","0.23858258245971697","0.23858258245971697"
"48115","0.2446970821876764","0.2446970821876764","0.2446970821876764"
"48376","0.23598098196933057","0.23598098196933057","0.23598098196933057"
"48634","0.2397120363901293","0.2397120363901293","0.2397120363901293"
"48900","0.23534523069579594","0.23534523069579594","0.23534523069579594"
"49164","0.23335487332269622","0.23335487332269622","0.23335487332269622"
"49426","0.2298504534511936","0.2298504534511936","0.2298504534511936"
"49688","0.23524849014598617","0.23524849014598617","0.23524849014598617"
"49946","0.23730865135972024","0.23730865135972024","0.23730865135972024"
"50208","0.24227379250384878","0.24227379250384878","0.24227379250384878"
"50467","0.22858737114225533","0.22858737114225533","0.22858737114225533"
"50729","0.231524458640527","0.231524458640527","0.231524458640527"
"50989","0.23303866519602479","0.23303866519602479","0.23303866519602479"
"51247","0.22800431876211552","0.22800431876211552","0.22800431876211552"
"51503","0.22619568128889514","0.22619568128889514","0.22619568128889514"
"51765","0.23289509249300375","0.23289509249300375","0.23289509249300375"
"52030","0.23273761917945143","0.23273761917945143","0.23273761917945143"
"52291","0.2283970457207433","0.2283970457207433","0.2283970457207433"
"52551","0.23411163344753733","0.23411163344753733","0.23411163344753733"
"52815","0.23509678584827215","0.23509678584827215","0.23509678584827215"
"53077","0.22947366737905955","0.22947366737905955","0.22947366737905955"
"53338","0.22529789994186455","0.22529789994186455","0.22529789994186455"
"53601","0.2311360967407489","0.2311360967407489","0.2311360967407489"
"53865","0.2290019047057697","0.2290019047057697","0.2290019047057697"
"54130","0.23396345015818173","0.23396345015818173","0.23396345015818173"
"54388","0.2235931468396239","0.2235931468396239","0.2235931468396239"
"54651","0.23481906126726107","0.23481906126726107","0.23481906126726107"
"54914","0.2240868590532239","0.2240868590532239","0.2240868590532239"
"55170","0.22194998700596377","0.22194998700596377","0.22194998700596377"
"55430","0.22622684924874473","0.22622684924874473","0.22622684924874473"
"55690","0.2231698231691999","0.2231698231691999","0.2231698231691999"
"55952","0.2269336161402827","0.2269336161402827","0.2269336161402827"
"56217","0.22317867336172034","0.22317867336172034","0.22317867336172034"
"56478","0.22447249450422505","0.22447249450422505","0.22447249450422505"
"56736","0.2299859109085397","0.2299859109085397","0.2299859109085397"
"56998","0.23194884708265623","0.23194884708265623","0.23194884708265623"
"57255","0.22298322860020114","0.22298322860020114","0.22298322860020114"
"57513","0.21839844737144476","0.21839844737144476","0.21839844737144476"
"57779","0.23186526652916312","0.23186526652916312","0.23186526652916312"
"58045","0.22624701086122775","0.22624701086122775","0.22624701086122775"
"58304","0.21590187579526512","0.21590187579526512","0.21590187579526512"
"58564","0.21617407819724077","0.21617407819724077","0.21617407819724077"
"58828","0.2235329193945496","0.2235329193945496","0.2235329193945496"
"59088","0.22099871707237898","0.22099871707237898","0.22099871707237898"
"59348","0.22820475664491935","0.22820475664491935","0.22820475664491935"
"59612","0.2224875161254387","0.2224875161254387","0.2224875161254387"
"59874","0.2256944884257385","0.2256944884257385","0.2256944884257385"
"60137","0.2190690937158919","0.2190690937158919","0.2190690937158919"
"60395","0.2221840433384067","0.2221840433384067","0.2221840433384067"
"60655","0.22782482313083655","0.22782482313083655","0.22782482313083655"
"60922","0.2232629040414682","0.2232629040414682","0.2232629040414682"
"61183","0.21782499192640795","0.21782499192640795","0.21782499192640795"
"61443","0.22620962627726024","0.22620962627726024","0.22620962627726024"
"61706","0.22076242538940788","0.22076242538940788","0.22076242538940788"
"61966","0.2105458958436189","0.2105458958436189","0.2105458958436189"
"62227","0.21818900603232252","0.21818900603232252","0.21818900603232252"
"62490","0.22043008551001936","0.22043008551001936","0.22043008551001936"
"62755","0.2151910632272304","0.2151910632272304","0.2151910632272304"
"63014","0.22929014220784935","0.22929014220784935","0.22929014220784935"
"63275","0.21291072030874192","0.21291072030874192","0.21291072030874192"
"63536","0.21713531547709233","0.21713531547709233","0.21713531547709233"
"63795","0.2169633913274848","0.2169633913274848","0.2169633913274848"
"64051","0.21426459487191787","0.21426459487191787","0.21426459487191787"
"64310","0.21513018653653537","0.21513018653653537","0.21513018653653537"
"64573","0.21438551457551908","0.21438551457551908","0.21438551457551908"
"64834","0.22632327859313772","0.22632327859313772","0.22632327859313772"
"65098","0.22458200440239398","0.22458200440239398","0.22458200440239398"
"65362","0.22148058330142914","0.22148058330142914","0.22148058330142914"
"65623","0.2103244714057543","0.2103244714057543","0.2103244714057543"
"65888","0.21560522026581022","0.21560522026581022","0.21560522026581022"
"66151","0.21517282354464473","0.21517282354464473","0.21517282354464473"
"66414","0.2133717783216608","0.2133717783216608","0.2133717783216608"
"66675","0.2154618634434323","0.2154618634434323","0.2154618634434323"
"66938","0.20999115488443335","0.20999115488443335","0.20999115488443335"
"67203","0.21440693185267215","0.21440693185267215","0.21440693185267215"
"67469","0.2138818750431144","0.2138818750431144","0.2138818750431144"
"67731","0.21612438069435788","0.21612438069435788","0.21612438069435788"
"67992","0.2119827657670752","0.2119827657670752","0.2119827657670752"
"68255","0.21237127583989826","0.21237127583989826","0.21237127583989826"
"68517","0.2284859617372196","0.2284859617372196","0.2284859617372196"
"68782","0.21270376841522612","0.21270376841522612","0.21270376841522612"
"69043","0.21715362446826614","0.21715362446826614","0.21715362446826614"
"69305","0.21456544444360515","0.21456544444360515","0.21456544444360515"
"69568","0.21212884510374913","0.21212884510374913","0.21212884510374913"
"69830","0.21618031320357053","0.21618031320357053","0.21618031320357053"
"70087","0.21262735980610048","0.21262735980610048","0.21262735980610048"
"70342","0.20882940890367152","0.20882940890367152","0.20882940890367152"
"70605","0.21721688870552447","0.21721688870552447","0.21721688870552447"
"70865","0.2070404830959096","0.2070404830959096","0.2070404830959096"
"71126","0.21699190333313778","0.21699190333313778","0.21699190333313778"
"71387","0.21398919658264698","0.21398919658264698","0.21398919658264698"
"71647","0.20926068558612596","0.20926068558612596","0.20926068558612596"
"71908","0.20745820403320106","0.20745820403320106","0.20745820403320106"
"72172","0.21040405165746795","0.21040405165746795","0.21040405165746795"
"72434","0.20987306224162433","0.20987306224162433","0.20987306224162433"
"72694","0.20406036650280993","0.20406036650280993","0.20406036650280993"
"72955","0.203968424945173","0.203968424945173","0.203968424945173"
"73216","0.20885947991563678","0.20885947991563678","0.20885947991563678"
"73478","0.20791811279392194","0.20791811279392194","0.20791811279392194"
"73740","0.21092085254216214","0.21092085254216214","0.21092085254216214"
"73999","0.2030908840327023","0.2030908840327023","0.2030908840327023"
"74261","0.203650175144524","0.203650175144524","0.203650175144524"
"74521","0.2062608666946988","0.2062608666946988","0.2062608666946988"
"74784","0.20988321943443197","0.20988321943443197","0.20988321943443197"
"75043","0.20071666510365013","0.20071666510365013","0.20071666510365013"
"75306","0.20246515318132713","0.20246515318132713","0.20246515318132713"
"75567","0.20818272155615145","0.20818272155615145","0.20818272155615145"
"75827","0.20924689458191867","0.20924689458191867","0.20924689458191867"
"76087","0.20909429436539342","0.20909429436539342","0.20909429436539342"
"76344","0.19874658466546405","0.19874658466546405","0.19874658466546405"
"76604","0.19923963031447534","0.19923963031447534","0.19923963031447534"
"76866","0.2076447370607479","0.2076447370607479","0.2076447370607479"
"77132","0.20708761149954266","0.20708761149954266","0.20708761149954266"
"77393","0.20421485053411187","0.20421485053411187","0.20421485053411187"
"77654","0.2064163078636505","0.2064163078636505","0.2064163078636505"
"77917","0.19950747058543758","0.19950747058543758","0.19950747058543758"
"78177","0.19998675398440047","0.19998675398440047","0.19998675398440047"
"78443","0.20484085843899072","0.20484085843899072","0.20484085843899072"
"78705","0.20484012715590758","0.20484012715590758","0.20484012715590758"
"78966","0.19978319548906392","0.19978319548906392","0.19978319548906392"
"79226","0.2005503022665866","0.2005503022665866","0.2005503022665866"
"79487","0.20397621195538826","0.20397621195538826","0.20397621195538826"
"79749","0.2007219943952439","0.2007219943952439","0.2007219943952439"
"80005","0.19456591383677732","0.19456591383677732","0.19456591383677732"
"80268","0.20699200440300966","0.20699200440300966","0.20699200440300966"
"80528","0.20321756035797964","0.20321756035797964","0.20321756035797964"
"80790","0.20154573985364968","0.20154573985364968","0.20154573985364968"
"81057","0.20435076640335734","0.20435076640335734","0.20435076640335734"
"81320","0.1954427329534121","0.1954427329534121","0.1954427329534121"
"81581","0.1994491672962673","0.1994491672962673","0.1994491672962673"
"81839","0.20476568154134808","0.20476568154134808","0.20476568154134808"
"82097","0.1940120359254478","0.1940120359254478","0.1940120359254478"
"82360","0.2081943651253893","0.2081943651253893","0.2081943651253893"
"82622","0.19848367122722788","0.19848367122722788","0.19848367122722788"
"82880","0.19168677980114496","0.19168677980114496","0.19168677980114496"
"83144","0.19938358288667038","0.19938358288667038","0.19938358288667038"
"83411","0.19991880262388181","0.19991880262388181","0.19991880262388181"
"83674","0.20265928793368834","0.20265928793368834","0.20265928793368834"
"83935","0.19367147502530005","0.19367147502530005","0.19367147502530005"
"84196","0.195353979459028","0.195353979459028","0.195353979459028"
"84461","0.20086493985815485","0.20086493985815485","0.20086493985815485"
"84726","0.199654565473027","0.199654565473027","0.199654565473027"
"84990","0.19243169925218187","0.19243169925218187","0.19243169925218187"
"85248","0.197281236961025","0.197281236961025","0.197281236961025"
"85509","0.1921350701277541","0.1921350701277541","0.1921350701277541"
"85772","0.19898914970531656","0.19898914970531656","0.19898914970531656"
"86035","0.19620390594775297","0.19620390594775297","0.19620390594775297"
"86297","0.19710610902135936","0.19710610902135936","0.19710610902135936"
"86558","0.19381673410833117","0.19381673410833117","0.19381673410833117"
"86819","0.1930733776309283","0.1930733776309283","0.1930733776309283"
"87083","0.19830608248293055","0.19830608248293055","0.19830608248293055"
"87343","0.19362830943340953","0.19362830943340953","0.19362830943340953"
"87606","0.19990011865783366","0.19990011865783366","0.19990011865783366"
"87869","0.1965989880875968","0.1965989880875968","0.1965989880875968"
"88134","0.19566423729950141","0.19566423729950141","0.19566423729950141"
"88400","0.2044095614585929","0.2044095614585929","0.2044095614585929"
"88661","0.19863420762158743","0.19863420762158743","0.19863420762158743"
"88917","0.1908389429566151","0.1908389429566151","0.1908389429566151"
"89179","0.1946008408802655","0.1946008408802655","0.1946008408802655"
"89443","0.19194131089340194","0.19194131089340194","0.19194131089340194"
"89709","0.1984655841872968","0.1984655841872968","0.1984655841872968"
"89965","0.19162738841809251","0.19162738841809251","0.19162738841809251"
"90228","0.19114742098719653","0.19114742098719653","0.19114742098719653"
"90490","0.19050605540561727","0.19050605540561727","0.19050605540561727"
"90748","0.1925913908593255","0.1925913908593255","0.1925913908593255"
"91008","0.1892831430398707","0.1892831430398707","0.1892831430398707"
"91268","0.19227004576967643","0.19227004576967643","0.19227004576967643"
"91531","0.19489892202220505","0.19489892202220505","0.19489892202220505"
"91796","0.19168671585882371","0.19168671585882371","0.19168671585882371"
"92055","0.1897818635929248","0.1897818635929248","0.1897818635929248"
"92313","0.183592922999911","0.183592922999911","0.183592922999911"
"92581","0.19689656109852863","0.19689656109852863","0.19689656109852863"
"92844","0.19263542572838505","0.19263542572838505","0.19263542572838505"
"93104","0.18601360419022045","0.18601360419022045","0.18601360419022045"
"93367","0.19533539467633948","0.19533539467633948","0.19533539467633948"
"93622","0.18064563898994956","0.18064563898994956","0.18064563898994956"
"93884","0.19285477037443893","0.19285477037443893","0.19285477037443893"
"94145","0.19379954473188962","0.19379954473188962","0.19379954473188962"
"94411","0.19226479693035411","0.19226479693035411","0.19226479693035411"
"94670","0.18239178717504168","0.18239178717504168","0.18239178717504168"
"94927","0.1805915744694401","0.1805915744694401","0.1805915744694401"
"95191","0.193211080408083","0.193211080408083","0.193211080408083"
"95456","0.18928015623119482","0.18928015623119482","0.18928015623119482"
"95720","0.18755304510881365","0.18755304510881365","0.18755304510881365"
"95982","0.1858244709898084","0.1858244709898084","0.1858244709898084"
"96243","0.1859928781754838","0.1859928781754838","0.1859928781754838"
"96506","0.1879571094055437","0.1879571094055437","0.1879571094055437"
"96767","0.18834372027173507","0.18834372027173507","0.18834372027173507"
"97029","0.18202107785725774","0.18202107785725774","0.18202107785725774"
"97284","0.18644731386863297","0.18644731386863297","0.18644731386863297"
"97549","0.18814816481293542","0.18814816481293542","0.18814816481293542"
"97813","0.18642354027683514","0.18642354027683514","0.18642354027683514"
"98074","0.18795190134077364","0.18795190134077364","0.18795190134077364"
"98333","0.18621707688562206","0.18621707688562206","0.18621707688562206"
"98593","0.18195005546218015","0.18195005546218015","0.18195005546218015"
"98850","0.18280281884218977","0.18280281884218977","0.18280281884218977"
"99112","0.1809222636092045","0.1809222636092045","0.1809222636092045"
"99374","0.19974474163797878","0.19974474163797878","0.19974474163797878"
"99636","0.18059912525604954","0.18059912525604954","0.18059912525604954"
"99897","0.18176833676444015","0.18176833676444015","0.18176833676444015"
"100155","0.18669997931929597","0.18669997931929597","0.18669997931929597"
"100422","0.18458822341272635","0.18458822341272635","0.18458822341272635"
"100680","0.18746400822026021","0.18746400822026021","0.18746400822026021"
"100933","0.17848506394877006","0.17848506394877006","0.17848506394877006"
"101194","0.1828392040487633","0.1828392040487633","0.1828392040487633"
"101457","0.1837717597514718","0.1837717597514718","0.1837717597514718"
"101719","0.1884434617090453","0.1884434617090453","0.1884434617090453"
"101981","0.1834345903130806","0.1834345903130806","0.1834345903130806"
"102239","0.17612705381546107","0.17612705381546107","0.17612705381546107"
"102499","0.1833345489165044","0.1833345489165044","0.1833345489165044"
"102761","0.18413765647179994","0.18413765647179994","0.18413765647179994"
"103025","0.18222214123278968","0.18222214123278968","0.18222214123278968"
"103290","0.18403650075545974","0.18403650075545974","0.18403650075545974"
"103553","0.1771394725674189","0.1771394725674189","0.1771394725674189"
"103813","0.18098852129111828","0.18098852129111828","0.18098852129111828"
"104075","0.1778419121027596","0.1778419121027596","0.1778419121027596"
"104338","0.18115816630543713","0.18115816630543713","0.18115816630543713"
"104601","0.18320367577281904","0.18320367577281904","0.18320367577281904"
"104862","0.18135176591528843","0.18135176591528843","0.18135176591528843"
"105125","0.18273193180712233","0.18273193180712233","0.18273193180712233"
"105386","0.17984320668574927","0.17984320668574927","0.17984320668574927"
"105643","0.17524297436543235","0.17524297436543235","0.17524297436543235"
"105904","0.1866541980782629","0.1866541980782629","0.1866541980782629"
"106166","0.18597870743923955","0.18597870743923955","0.18597870743923955"
"106429","0.18263235853258017","0.18263235853258017","0.18263235853258017"
"106693","0.188348565647187","0.188348565647187","0.188348565647187"
"106959","0.18571076092075428","0.18571076092075428","0.18571076092075428"
"107221","0.17730497450584567","0.17730497450584567","0.17730497450584567"
"107489","0.17843088858669712","0.17843088858669712","0.17843088858669712"
"107753","0.19481721570889432","0.19481721570889432","0.19481721570889432"
"108016","0.1843380668394122","0.1843380668394122","0.1843380668394122"
"108279","0.1733651561388081","0.1733651561388081","0.1733651561388081"
"108542","0.1800514892281652","0.1800514892281652","0.1800514892281652"
"108803","0.17313311005461898","0.17313311005461898","0.17313311005461898"
"109067","0.18246944205375293","0.18246944205375293","0.18246944205375293"
"109324","0.1743119682999325","0.1743119682999325","0.1743119682999325"
"109585","0.17770675664233204","0.17770675664233204","0.17770675664233204"
"109841","0.17209927450171195","0.17209927450171195","0.17209927450171195"
"110102","0.18424541246553544","0.18424541246553544","0.18424541246553544"
"110359","0.17062016191574753","0.17062016191574753","0.17062016191574753"
"110622","0.18143296777045764","0.18143296777045764","0.18143296777045764"
"110888","0.18040971646449283","0.18040971646449283","0.18040971646449283"
"111148","0.17217127791457668","0.17217127791457668","0.17217127791457668"
"111410","0.17621028021849547","0.17621028021849547","0.17621028021849547"
"111672","0.1830642005253832","0.1830642005253832","0.1830642005253832"
"111934","0.1804294189776127","0.1804294189776127","0.1804294189776127"
"112197","0.17583190000010496","0.17583190000010496","0.17583190000010496"
"112457","0.16824872808746616","0.16824872808746616","0.16824872808746616"
"112718","0.1775789103953615","0.1775789103953615","0.1775789103953615"
"112979","0.17352127235026824","0.17352127235026824","0.17352127235026824"
"113240","0.17749443114777874","0.17749443114777874","0.17749443114777874"
"113508","0.18197195394012475","0.18197195394012475","0.18197195394012475"
"113772","0.17695642475444456","0.17695642475444456","0.17695642475444456"
"114039","0.17293994111526542","0.17293994111526542","0.17293994111526542"
"114298","0.17308890136998087","0.17308890136998087","0.17308890136998087"
"114559","0.1724992206763791","0.1724992206763791","0.1724992206763791"
"114822","0.17185651452507067","0.17185651452507067","0.17185651452507067"
"115082","0.17511422817218808","0.17511422817218808","0.17511422817218808"
"115335","0.16529106936138366","0.16529106936138366","0.16529106936138366"
"115599","0.17381141258940647","0.17381141258940647","0.17381141258940647"
"115859","0.17129634549548595","0.17129634549548595","0.17129634549548595"
"116119","0.17291849656918826","0.17291849656918826","0.17291849656918826"
"116379","0.17101874247109594","0.17101874247109594","0.17101874247109594"
"116641","0.16763209785465227","0.16763209785465227","0.16763209785465227"
"116903","0.1735415651263765","0.1735415651263765","0.1735415651263765"
"117160","0.16150665036475054","0.16150665036475054","0.16150665036475054"
"117422","0.16790706405151837","0.16790706405151837","0.16790706405151837"
"117683","0.17210271688849507","0.17210271688849507","0.17210271688849507"
"117944","0.17118014884693605","0.17118014884693605","0.17118014884693605"
"118205","0.1707104518855835","0.1707104518855835","0.1707104518855835"
"118465","0.1748712839271277","0.1748712839271277","0.1748712839271277"
"118727","0.16979728401074995","0.16979728401074995","0.16979728401074995"
"118985","0.16550040392285534","0.16550040392285534","0.16550040392285534"
"119249","0.16968127994215843","0.16968127994215843","0.16968127994215843"
"119511","0.16905742446899652","0.16905742446899652","0.16905742446899652"
"119772","0.17002023302791214","0.17002023302791214","0.17002023302791214"
"120031","0.1646752682534384","0.1646752682534384","0.1646752682534384"
"120295","0.17355995203994704","0.17355995203994704","0.17355995203994704"
"120556","0.1715176223093924","0.1715176223093924","0.1715176223093924"
"120820","0.17065441686756602","0.17065441686756602","0.17065441686756602"
"121079","0.17192193610690118","0.17192193610690118","0.17192193610690118"
"121340","0.17627257973716143","0.17627257973716143","0.17627257973716143"
"121605","0.16651706981292463","0.16651706981292463","0.16651706981292463"
"121864","0.16253637899313844","0.16253637899313844","0.16253637899313844"
"122126","0.17123529859022196","0.17123529859022196","0.17123529859022196"
"122385","0.1664920119601623","0.1664920119601623","0.1664920119601623"
"122646","0.1711198853757161","0.1711198853757161","0.1711198853757161"
"122905","0.17165071936132195","0.17165071936132195","0.17165071936132195"
"123168","0.16688112232571894","0.16688112232571894","0.16688112232571894"
"123431","0.1760802694070341","0.1760802694070341","0.1760802694070341"
"123695","0.16953602021425435","0.16953602021425435","0.16953602021425435"
"123959","0.1662372455554274","0.1662372455554274","0.1662372455554274"
"124217","0.1620693358438694","0.1620693358438694","0.1620693358438694"
"124477","0.1584095014057021","0.1584095014057021","0.1584095014057021"
"124735","0.16415913254153675","0.16415913254153675","0.16415913254153675"
"124997","0.171730031436297","0.171730031436297","0.171730031436297"
"125261","0.16708907627582817","0.16708907627582817","0.16708907627582817"
"125519","0.1585264040065276","0.1585264040065276","0.1585264040065276"
"125781","0.16447748594216263","0.16447748594216263","0.16447748594216263"
"126047","0.1693165804561898","0.1693165804561898","0.1693165804561898"
"126307","0.15849688436765585","0.15849688436765585","0.15849688436765585"
"126567","0.16363266533781945","0.16363266533781945","0.16363266533781945"
"126830","0.17622757384841398","0.17622757384841398","0.17622757384841398"
"127094","0.16423764823694242","0.16423764823694242","0.16423764823694242"
"127352","0.16035360848665228","0.16035360848665228","0.16035360848665228"
"127618","0.1701595496415509","0.1701595496415509","0.1701595496415509"
"127880","0.16829200847252582","0.16829200847252582","0.16829200847252582"
"128140","0.16290173500507746","0.16290173500507746","0.16290173500507746"
"128399","0.16211266394974042","0.16211266394974042","0.16211266394974042"
"128661","0.16612045497991978","0.16612045497991978","0.16612045497991978"
"128921","0.16650074855467076","0.16650074855467076","0.16650074855467076"
"129186","0.16947070124340483","0.16947070124340483","0.16947070124340483"
"129451","0.16875816726461884","0.16875816726461884","0.16875816726461884"
"129716","0.17871801710087762","0.17871801710087762","0.17871801710087762"
"129977","0.1623388254065399","0.1623388254065399","0.1623388254065399"
"130241","0.17285138927156424","0.17285138927156424","0.17285138927156424"
"130503","0.17063717736724385","0.17063717736724385","0.17063717736724385"
"130764","0.16051891503744545","0.16051891503744545","0.16051891503744545"
"131026","0.16454829662014983","0.16454829662014983","0.16454829662014983"
"131291","0.16122187195523408","0.16122187195523408","0.16122187195523408"
"131553","0.16342684285545486","0.16342684285545486","0.16342684285545486"
"131815","0.16457944354270507","0.16457944354270507","0.16457944354270507"
"132076","0.16986008269466987","0.16986008269466987","0.16986008269466987"
"132334","0.15780351898019807","0.15780351898019807","0.15780351898019807"
"132597","0.1659716096492461","0.1659716096492461","0.1659716096492461"
"132859","0.16142631697602378","0.16142631697602378","0.16142631697602378"
"133118","0.17195255745174923","0.17195255745174923","0.17195255745174923"
"133378","0.16331478412208966","0.16331478412208966","0.16331478412208966"
"133640","0.1583499524560731","0.1583499524560731","0.1583499524560731"
"133898","0.15953475171045284","0.15953475171045284","0.15953475171045284"
"134158","0.15730657769553463","0.15730657769553463","0.15730657769553463"
"134414","0.15677701736071042","0.15677701736071042","0.15677701736071042"
"134671","0.15868085388908135","0.15868085388908135","0.15868085388908135"
"134929","0.16129321467677477","0.16129321467677477","0.16129321467677477"
"135191","0.16337572204466017","0.16337572204466017","0.16337572204466017"
"135449","0.15593249963227435","0.15593249963227435","0.15593249963227435"
"135709","0.16178681963100922","0.16178681963100922","0.16178681963100922"
"135971","0.16240828923623182","0.16240828923623182","0.16240828923623182"
"136236","0.16637816908831002","0.16637816908831002","0.16637816908831002"
"136501","0.16519679632966422","0.16519679632966422","0.16519679632966422"
"136763","0.16576785594400284","0.16576785594400284","0.16576785594400284"
"137027","0.15924955901399063","0.15924955901399063","0.15924955901399063"
"137289","0.162740708836183","0.162740708836183","0.162740708836183"
"137551","0.16317053352550312","0.16317053352550312","0.16317053352550312"
"137814","0.15366606546226272","0.15366606546226272","0.15366606546226272"
"138077","0.16793550184710332","0.16793550184710332","0.16793550184710332"
"138337","0.15366405832075428","0.15366405832075428","0.15366405832075428"
"138598","0.15349917932464183","0.15349917932464183","0.15349917932464183"
"138860","0.15669248245291936","0.15669248245291936","0.15669248245291936"
"139121","0.1723173380418149","0.1723173380418149","0.1723173380418149"
"139383","0.15758102089548004","0.15758102089548004","0.15758102089548004"
"139642","0.15604026402456486","0.15604026402456486","0.15604026402456486"
"139902","0.15156344633989724","0.15156344633989724","0.15156344633989724"
"140169","0.16488423576397115","0.16488423576397115","0.16488423576397115"
"140433","0.16330546531932977","0.16330546531932977","0.16330546531932977"
"140695","0.1561479253238415","0.1561479253238415","0.1561479253238415"
"140955","0.15645986063902362","0.15645986063902362","0.15645986063902362"
"141216","0.1577319586375655","0.1577319586375655","0.1577319586375655"
"141478","0.15628068185398644","0.15628068185398644","0.15628068185398644"
"141740","0.15875721876380522","0.15875721876380522","0.15875721876380522"
"142000","0.15552839431181603","0.15552839431181603","0.15552839431181603"
"142258","0.16101429763366398","0.16101429763366398","0.16101429763366398"
"142516","0.14801981699943634","0.14801981699943634","0.14801981699943634"
"142777","0.15835844490744116","0.15835844490744116","0.15835844490744116"
"143039","0.15798649945861382","0.15798649945861382","0.15798649945861382"
"143302","0.16245687847798554","0.16245687847798554","0.16245687847798554"
"143563","0.1537034157360096","0.1537034157360096","0.1537034157360096"
"143824","0.15871172972943523","0.15871172972943523","0.15871172972943523"
"144089","0.1631030288293882","0.1631030288293882","0.1631030288293882"
"144355","0.1589935725018994","0.1589935725018994","0.1589935725018994"
"144616","0.16710268930858319","0.16710268930858319","0.16710268930858319"
"144881","0.16271409464914913","0.16271409464914913","0.16271409464914913"
"145138","0.14632327534915945","0.14632327534915945","0.14632327534915945"
"145401","0.15655806506252812","0.15655806506252812","0.15655806506252812"
"145664","0.1591590172311991","0.1591590172311991","0.1591590172311991"
"145922","0.16038115878569562","0.16038115878569562","0.16038115878569562"
"146179","0.15619401311689857","0.15619401311689857","0.15619401311689857"
"146446","0.16262523732333442","0.16262523732333442","0.16262523732333442"
"146706","0.14878539405044114","0.14878539405044114","0.14878539405044114"
"146967","0.15377205346387743","0.15377205346387743","0.15377205346387743"
"147226","0.15532427989242428","0.15532427989242428","0.15532427989242428"
"147487","0.15367132981587225","0.15367132981587225","0.15367132981587225"
"147748","0.1545636873882306","0.1545636873882306","0.1545636873882306"
"148009","0.15356172732906992","0.15356172732906992","0.15356172732906992"
"148263","0.14576432400631173","0.14576432400631173","0.14576432400631173"
"148530","0.1561841333929828","0.1561841333929828","0.1561841333929828"
"148795","0.15991496215280315","0.15991496215280315","0.15991496215280315"
"149055","0.14731592725613377","0.14731592725613377","0.14731592725613377"
"149320","0.15558488029171988","0.15558488029171988","0.15558488029171988"
"149582","0.15741837210395307","0.15741837210395307","0.15741837210395307"
"149844","0.1516703174800501","0.1516703174800501","0.1516703174800501"
"150102","0.15200519499986753","0.15200519499986753","0.15200519499986753"
"150363","0.1530292350708191","0.1530292350708191","0.1530292350708191"
"150629","0.1599350976676044","0.1599350976676044","0.1599350976676044"
"150894","0.15512863177052838","0.15512863177052838","0.15512863177052838"
"151154","0.1531851277946964","0.1531851277946964","0.1531851277946964"
"151416","0.1589825069225863","0.1589825069225863","0.1589825069225863"
"151677","0.1519968528802053","0.1519968528802053","0.1519968528802053"
"151938","0.15783974167884965","0.15783974167884965","0.15783974167884965"
"152201","0.16701481305631644","0.16701481305631644","0.16701481305631644"
"152462","0.1564318013438295","0.1564318013438295","0.1564318013438295"
"152721","0.14822642076038062","0.14822642076038062","0.14822642076038062"
"152982","0.1507866712298005","0.1507866712298005","0.1507866712298005"
"153245","0.1564168016297014","0.1564168016297014","0.1564168016297014"
"153508","0.15009648402850195","0.15009648402850195","0.15009648402850195"
"153769","0.15066513956831368","0.15066513956831368","0.15066513956831368"
"154030","0.1472202481980533","0.1472202481980533","0.1472202481980533"
"154293","0.14834328914638245","0.14834328914638245","0.14834328914638245"
"154560","0.1576034192648885","0.1576034192648885","0.1576034192648885"
"154822","0.1516186309761712","0.1516186309761712","0.1516186309761712"
"155084","0.14973287997505286","0.14973287997505286","0.14973287997505286"
"155347","0.15745767526442928","0.15745767526442928","0.15745767526442928"
"155607","0.14645992765644872","0.14645992765644872","0.14645992765644872"
"155866","0.15224994216543666","0.15224994216543666","0.15224994216543666"
"156133","0.15478604465102797","0.15478604465102797","0.15478604465102797"
"156396","0.15492559884138205","0.15492559884138205","0.15492559884138205"
"156661","0.15188181789355584","0.15188181789355584","0.15188181789355584"
"156921","0.15447693498544152","0.15447693498544152","0.15447693498544152"
"157183","0.15259863141314298","0.15259863141314298","0.15259863141314298"
"157442","0.15133041745192574","0.15133041745192574","0.15133041745192574"
"157704","0.15455050706849238","0.15455050706849238","0.15455050706849238"
"157968","0.15433118993492803","0.15433118993492803","0.15433118993492803"
"158229","0.15230270654953096","0.15230270654953096","0.15230270654953096"
"158491","0.14834683042645752","0.14834683042645752","0.14834683042645752"
"158746","0.1461038199013696","0.1461038199013696","0.1461038199013696"
"159011","0.15397027284607326","0.15397027284607326","0.15397027284607326"
"159274","0.14581902826479615","0.14581902826479615","0.14581902826479615"
"159535","0.14876359122691019","0.14876359122691019","0.14876359122691019"
"159792","0.1449645540710389","0.1449645540710389","0.1449645540710389"
"160054","0.14656383467369416","0.14656383467369416","0.14656383467369416"
"160319","0.15208931942093354","0.15208931942093354","0.15208931942093354"
"160581","0.15321160092283798","0.15321160092283798","0.15321160092283798"
"160841","0.14773014860410577","0.14773014860410577","0.14773014860410577"
"161102","0.14721242282288355","0.14721242282288355","0.14721242282288355"
"161361","0.1510070161685024","0.1510070161685024","0.1510070161685024"
"161621","0.14823910662588521","0.14823910662588521","0.14823910662588521"
"161883","0.14854553633788947","0.14854553633788947","0.14854553633788947"
"162142","0.15283824496264148","0.15283824496264148","0.15283824496264148"
"162400","0.14709022314934783","0.14709022314934783","0.14709022314934783"
"162664","0.1543353529704003","0.1543353529704003","0.1543353529704003"
"162925","0.14956388052975073","0.14956388052975073","0.14956388052975073"
"163190","0.14477959888533015","0.14477959888533015","0.14477959888533015"
"163455","0.1499522641126721","0.1499522641126721","0.1499522641126721"
"163714","0.1459574808672706","0.1459574808672706","0.1459574808672706"
"163976","0.14822443494622561","0.14822443494622561","0.14822443494622561"
"164242","0.15351113482115217","0.15351113482115217","0.15351113482115217"
"164501","0.14280556451758972","0.14280556451758972","0.14280556451758972"
"164761","0.1485948008615683","0.1485948008615683","0.1485948008615683"
"165023","0.1510890906779805","0.1510890906779805","0.1510890906779805"
"165284","0.14887716760245853","0.14887716760245853","0.14887716760245853"
"165545","0.14917923647801534","0.14917923647801534","0.14917923647801534"
"165807","0.1498090578324628","0.1498090578324628","0.1498090578324628"
"166069","0.14840675666289718","0.14840675666289718","0.14840675666289718"
"166332","0.16178782027488428","0.16178782027488428","0.16178782027488428"
"166593","0.1508521885307808","0.1508521885307808","0.1508521885307808"
"166856","0.14927006050479386","0.14927006050479386","0.14927006050479386"
"167114","0.14157458429290273","0.14157458429290273","0.14157458429290273"
"167374","0.14668040910893876","0.14668040910893876","0.14668040910893876"
"167636","0.15251396242789414","0.15251396242789414","0.15251396242789414"
"167899","0.15797997202119055","0.15797997202119055","0.15797997202119055"
"168160","0.15340288618884","0.15340288618884","0.15340288618884"
"168421","0.1536958263790307","0.1536958263790307","0.1536958263790307"
"168680","0.14947481221185382","0.14947481221185382","0.14947481221185382"
"168946","0.14987651789429896","0.14987651789429896","0.14987651789429896"
"169208","0.14501736731208045","0.14501736731208045","0.14501736731208045"
"169472","0.14372069245982805","0.14372069245982805","0.14372069245982805"
"169731","0.14358314127444657","0.14358314127444657","0.14358314127444657"
"169991","0.1476622246046853","0.1476622246046853","0.1476622246046853"
"170249","0.14491775005673108","0.14491775005673108","0.14491775005673108"
"170511","0.1452956979393803","0.1452956979393803","0.1452956979393803"
"170776","0.14714132445815412","0.14714132445815412","0.14714132445815412"
"171040","0.1525234229154414","0.1525234229154414","0.1525234229154414"
"171302","0.14317164938436502","0.14317164938436502","0.14317164938436502"
"171565","0.1487840651899199","0.1487840651899199","0.1487840651899199"
"171830","0.14556611923181556","0.14556611923181556","0.14556611923181556"
"172091","0.14796594826144707","0.14796594826144707","0.14796594826144707"
"172348","0.14745337900701952","0.14745337900701952","0.14745337900701952"
"172607","0.14635769140723406","0.14635769140723406","0.14635769140723406"
"172867","0.14155133753738572","0.14155133753738572","0.14155133753738572"
"173129","0.1470385440700406","0.1470385440700406","0.1470385440700406"
"173392","0.1459966677538445","0.1459966677538445","0.1459966677538445"
"173653","0.1466307855717695","0.1466307855717695","0.1466307855717695"
"173914","0.14990404813701355","0.14990404813701355","0.14990404813701355"
"174180","0.1491904756918418","0.1491904756918418","0.1491904756918418"
"174443","0.14563929707690879","0.14563929707690879","0.14563929707690879"
"174705","0.14607954156991984","0.14607954156991984","0.14607954156991984"
"174966","0.14910934533278","0.14910934533278","0.14910934533278"
"175227","0.15488640859819294","0.15488640859819294","0.15488640859819294"
"175490","0.14986991089171767","0.14986991089171767","0.14986991089171767"
"175755","0.14476351457370468","0.14476351457370468","0.14476351457370468"
"176013","0.1397628514855264","0.1397628514855264","0.1397628514855264"
"176276","0.14645435874990093","0.14645435874990093","0.14645435874990093"
"176537","0.1469640159276554","0.1469640159276554","0.1469640159276554"
"176793","0.14081551884469784","0.14081551884469784","0.14081551884469784"
"177054","0.14397596887623348","0.14397596887623348","0.14397596887623348"
"177314","0.1394719373432727","0.1394719373432727","0.1394719373432727"
"177576","0.14301844685707724","0.14301844685707724","0.14301844685707724"
"177835","0.13898153594377483","0.13898153594377483","0.13898153594377483"
"178098","0.14421489766367776","0.14421489766367776","0.14421489766367776"
"178357","0.13935477616131142","0.13935477616131142","0.13935477616131142"
"178620","0.13915980315990487","0.13915980315990487","0.13915980315990487"
"178882","0.1422429093071025","0.1422429093071025","0.1422429093071025"
"179141","0.14141180910983878","0.14141180910983878","0.14141180910983878"
"179402","0.1476442616538688","0.1476442616538688","0.1476442616538688"
"179664","0.13928210817395564","0.13928210817395564","0.13928210817395564"
"179927","0.14838380267767523","0.14838380267767523","0.14838380267767523"
"180190","0.14533609574171782","0.14533609574171782","0.14533609574171782"
"180454","0.14831458859453212","0.14831458859453212","0.14831458859453212"
"180717","0.14297902957549116","0.14297902957549116","0.14297902957549116"
"180980","0.14454286308644196","0.14454286308644196","0.14454286308644196"
"181243","0.14925542619811016","0.14925542619811016","0.14925542619811016"
"181504","0.1446044962296907","0.1446044962296907","0.1446044962296907"
"181765","0.14400205995356458","0.14400205995356458","0.14400205995356458"
"182029","0.14766929600009251","0.14766929600009251","0.14766929600009251"
"182289","0.14362425642010937","0.14362425642010937","0.14362425642010937"
"182548","0.1393358651904084","0.1393358651904084","0.1393358651904084"
"182812","0.14105069524006092","0.14105069524006092","0.14105069524006092"
"183068","0.13494025481112942","0.13494025481112942","0.13494025481112942"
"183331","0.14452478236785626","0.14452478236785626","0.14452478236785626"
"183591","0.13930594290627163","0.13930594290627163","0.13930594290627163"
"183848","0.14060266578671576","0.14060266578671576","0.14060266578671576"
"184109","0.14320015300231193","0.14320015300231193","0.14320015300231193"
"184372","0.14529678314504363","0.14529678314504363","0.14529678314504363"
"184632","0.13998761174268332","0.13998761174268332","0.13998761174268332"
"184889","0.13943725905648094","0.13943725905648094","0.13943725905648094"
"185153","0.14392549506991836","0.14392549506991836","0.14392549506991836"
"185411","0.13730666437850544","0.13730666437850544","0.13730666437850544"
"185667","0.13228286727885094","0.13228286727885094","0.13228286727885094"
"185931","0.1450334096364451","0.1450334096364451","0.1450334096364451"
"186192","0.1373506769375691","0.1373506769375691","0.1373506769375691"
"186455","0.14782839530196026","0.14782839530196026","0.14782839530196026"
"186722","0.1556158932682025","0.1556158932682025","0.1556158932682025"
"186984","0.141645349907858","0.141645349907858","0.141645349907858"
"187244","0.14499100490025332","0.14499100490025332","0.14499100490025332"
"187506","0.13984100417751955","0.13984100417751955","0.13984100417751955"
"187768","0.14108642326480625","0.14108642326480625","0.14108642326480625"
"188029","0.1382745045782746","0.1382745045782746","0.1382745045782746"
"188293","0.141872510152088","0.141872510152088","0.141872510152088"
"188556","0.1391285057975944","0.1391285057975944","0.1391285057975944"
"188816","0.13854630700582704","0.13854630700582704","0.13854630700582704"
"189073","0.14161385506829938","0.14161385506829938","0.14161385506829938"
"189336","0.14153407493813142","0.14153407493813142","0.14153407493813142"
"189596","0.13855807283540872","0.13855807283540872","0.13855807283540872"
"189856","0.13992909208879759","0.13992909208879759","0.13992909208879759"
"190119","0.139935129075431","0.139935129075431","0.139935129075431"
"190380","0.13813334173499517","0.13813334173499517","0.13813334173499517"
"190646","0.15282454725495084","0.15282454725495084","0.15282454725495084"
"190912","0.14379608725848064","0.14379608725848064","0.14379608725848064"
"191175","0.1436605064099017","0.1436605064099017","0.1436605064099017"
"191441","0.1478346552037986","0.1478346552037986","0.1478346552037986"
"191705","0.13915886212664696","0.13915886212664696","0.13915886212664696"
"191963","0.140705177478764","0.140705177478764","0.140705177478764"
"192222","0.13817122863162035","0.13817122863162035","0.13817122863162035"
"192479","0.135824645294371","0.135824645294371","0.135824645294371"
"192743","0.14234898410289262","0.14234898410289262","0.14234898410289262"
"192998","0.1386213966133856","0.1386213966133856","0.1386213966133856"
"193259","0.1408544199663964","0.1408544199663964","0.1408544199663964"
"193518","0.1384633949528607","0.1384633949528607","0.1384633949528607"
"193779","0.13965186529041898","0.13965186529041898","0.13965186529041898"
"194036","0.13921386707667802","0.13921386707667802","0.13921386707667802"
"194293","0.13969575073979232","0.13969575073979232","0.13969575073979232"
"194552","0.13699947693122527","0.13699947693122527","0.13699947693122527"
"194814","0.1425545998561111","0.1425545998561111","0.1425545998561111"
"195076","0.14483214062957742","0.14483214062957742","0.14483214062957742"
"195342","0.14895151967936338","0.14895151967936338","0.14895151967936338"
"195605","0.13432707144363235","0.13432707144363235","0.13432707144363235"
"195868","0.14171115699174724","0.14171115699174724","0.14171115699174724"
"196125","0.1363180546445991","0.1363180546445991","0.1363180546445991"
"196385","0.12965103916211834","0.12965103916211834","0.12965103916211834"
"196644","0.14180624792067528","0.14180624792067528","0.14180624792067528"
"196905","0.13598708733233272","0.13598708733233272","0.13598708733233272"
"197167","0.14268179512847942","0.14268179512847942","0.14268179512847942"
"197428","0.1433986411629889","0.1433986411629889","0.1433986411629889"
"197694","0.14180870421025338","0.14180870421025338","0.14180870421025338"
"197954","0.13588915341039934","0.13588915341039934","0.13588915341039934"
"198215","0.14006768621199195","0.14006768621199195","0.14006768621199195"
"198475","0.1409757921774412","0.1409757921774412","0.1409757921774412"
"198736","0.14131091570896545","0.14131091570896545","0.14131091570896545"
"198997","0.14277324930046723","0.14277324930046723","0.14277324930046723"
"199253","0.13817399636155758","0.13817399636155758","0.13817399636155758"
"199516","0.14171877252093915","0.14171877252093915","0.14171877252093915"
"199776","0.1367305151903463","0.1367305151903463","0.1367305151903463"
"200041","0.13985708643167696","0.13985708643167696","0.13985708643167696"
"200307","0.1432630266814647","0.1432630266814647","0.1432630266814647"
"200567","0.13476571357372757","0.13476571357372757","0.13476571357372757"
"200828","0.1398415977179987","0.1398415977179987","0.1398415977179987"
"201089","0.13721571918894354","0.13721571918894354","0.13721571918894354"
"201350","0.15041835748387739","0.15041835748387739","0.15041835748387739"
"201615","0.1437117866868977","0.1437117866868977","0.1437117866868977"
"201877","0.14186438258056913","0.14186438258056913","0.14186438258056913"
"202142","0.14173409838297285","0.14173409838297285","0.14173409838297285"
"202403","0.13925608236373588","0.13925608236373588","0.13925608236373588"
"202667","0.13672057080193245","0.13672057080193245","0.13672057080193245"
"202928","0.13851979327705244","0.13851979327705244","0.13851979327705244"
"203191","0.13737526305237788","0.13737526305237788","0.13737526305237788"
"203453","0.1415139967741506","0.1415139967741506","0.1415139967741506"
"203713","0.13454214619159047","0.13454214619159047","0.13454214619159047"
"203975","0.1394732951420642","0.1394732951420642","0.1394732951420642"
"204231","0.13593111525114568","0.13593111525114568","0.13593111525114568"
"204495","0.13982086811145014","0.13982086811145014","0.13982086811145014"
"204759","0.13868868432615672","0.13868868432615672","0.13868868432615672"
"205021","0.13904638428218313","0.13904638428218313","0.13904638428218313"
"205279","0.1327649290837584","0.1327649290837584","0.1327649290837584"
"205540","0.1364770584829415","0.1364770584829415","0.1364770584829415"
"205804","0.13459456406360112","0.13459456406360112","0.13459456406360112"
"206066","0.13884072271847725","0.13884072271847725","0.13884072271847725"
"206326","0.13572962473850114","0.13572962473850114","0.13572962473850114"
"206584","0.13265251553870872","0.13265251553870872","0.13265251553870872"
"206847","0.138706183481021","0.138706183481021","0.138706183481021"
"207109","0.13786121814040592","0.13786121814040592","0.13786121814040592"
"207375","0.14226504539590482","0.14226504539590482","0.14226504539590482"
"207636","0.1389111843815649","0.1389111843815649","0.1389111843815649"
"207899","0.13293981224935084","0.13293981224935084","0.13293981224935084"
"208160","0.14146140569506147","0.14146140569506147","0.14146140569506147"
"208416","0.13514399682381725","0.13514399682381725","0.13514399682381725"
"208678","0.13794956990083715","0.13794956990083715","0.13794956990083715"
"208940","0.1342266362936276","0.1342266362936276","0.1342266362936276"
"209200","0.1374982059502986","0.1374982059502986","0.1374982059502986"
"209458","0.13165038114329353","0.13165038114329353","0.13165038114329353"
"209717","0.13632267651832866","0.13632267651832866","0.13632267651832866"
"209979","0.1347303807731307","0.1347303807731307","0.1347303807731307"
"210240","0.13386929373562356","0.13386929373562356","0.13386929373562356"
"210498","0.13566006192883545","0.13566006192883545","0.13566006192883545"
"210758","0.13807474216681143","0.13807474216681143","0.13807474216681143"
"211016","0.13656011128903695","0.13656011128903695","0.13656011128903695"
"211279","0.14314466797513528","0.14314466797513528","0.14314466797513528"
"211543","0.14074749597435798","0.14074749597435798","0.14074749597435798"
"211803","0.13513676749181622","0.13513676749181622","0.13513676749181622"
"212063","0.1333314723822833","0.1333314723822833","0.1333314723822833"
"212322","0.13385496194326355","0.13385496194326355","0.13385496194326355"
"212584","0.14225302202493964","0.14225302202493964","0.14225302202493964"
"212843","0.13546420611278825","0.13546420611278825","0.13546420611278825"
"213103","0.14173355316392508","0.14173355316392508","0.14173355316392508"
"213363","0.13463223443800126","0.13463223443800126","0.13463223443800126"
"213623","0.13773654342177244","0.13773654342177244","0.13773654342177244"
"213887","0.13983425647418288","0.13983425647418288","0.13983425647418288"
"214148","0.14348169062782576","0.14348169062782576","0.14348169062782576"
"214405","0.13101048846395516","0.13101048846395516","0.13101048846395516"
"214670","0.14466263956182443","0.14466263956182443","0.14466263956182443"
"214934","0.14111785311598818","0.14111785311598818","0.14111785311598818"
"215196","0.13545228484590013","0.13545228484590013","0.13545228484590013"
"215458","0.14049437776237902","0.14049437776237902","0.14049437776237902"
"215716","0.13239221123430073","0.13239221123430073","0.13239221123430073"
"215979","0.14031523637374851","0.14031523637374851","0.14031523637374851"
"216239","0.13308327122021643","0.13308327122021643","0.13308327122021643"
"216505","0.14309781496910443","0.14309781496910443","0.14309781496910443"
"216765","0.13860169251183435","0.13860169251183435","0.13860169251183435"
"217023","0.1321497968123488","0.1321497968123488","0.1321497968123488"
"217284","0.1349703334831985","0.1349703334831985","0.1349703334831985"
"217547","0.13973340143353002","0.13973340143353002","0.13973340143353002"
"217810","0.13992086549276625","0.13992086549276625","0.13992086549276625"
"218072","0.13943504296153778","0.13943504296153778","0.13943504296153778"
"218337","0.13924965811825554","0.13924965811825554","0.13924965811825554"
"218600","0.13771630104618576","0.13771630104618576","0.13771630104618576"
"218859","0.13605630584024758","0.13605630584024758","0.13605630584024758"
"219122","0.14051846923311911","0.14051846923311911","0.14051846923311911"
"219384","0.14515774614334173","0.14515774614334173","0.14515774614334173"
"219642","0.13851567075331833","0.13851567075331833","0.13851567075331833"
"219906","0.14303809267026255","0.14303809267026255","0.14303809267026255"
"220168","0.13787336068179412","0.13787336068179412","0.13787336068179412"
"220433","0.133036693821664","0.133036693821664","0.133036693821664"
"220692","0.13972905466178334","0.13972905466178334","0.13972905466178334"
"220950","0.13549656423186837","0.13549656423186837","0.13549656423186837"
"221209","0.1336697575952511","0.1336697575952511","0.1336697575952511"
"221470","0.13647685211043425","0.13647685211043425","0.13647685211043425"
"221731","0.13237796418825246","0.13237796418825246","0.13237796418825246"
"221997","0.14031372306464707","0.14031372306464707","0.14031372306464707"
"222260","0.1346281840724446","0.1346281840724446","0.1346281840724446"
"222516","0.1340399882833441","0.1340399882833441","0.1340399882833441"
"222773","0.13363468660049396","0.13363468660049396","0.13363468660049396"
"223040","0.14307477923998574","0.14307477923998574","0.14307477923998574"
"223301","0.13124153338731848","0.13124153338731848","0.13124153338731848"
"223561","0.13482204090103314","0.13482204090103314","0.13482204090103314"
"223816","0.13509005275758548","0.13509005275758548","0.13509005275758548"
"224078","0.13718761314367353","0.13718761314367353","0.13718761314367353"
"224338","0.13549033109918868","0.13549033109918868","0.13549033109918868"
"224602","0.1371852909104613","0.1371852909104613","0.1371852909104613"
"224862","0.13297076521700263","0.13297076521700263","0.13297076521700263"
"225121","0.12951494757694018","0.12951494757694018","0.12951494757694018"
"225382","0.14025446526621962","0.14025446526621962","0.14025446526621962"
"225649","0.13842796871238255","0.13842796871238255","0.13842796871238255"
"225912","0.14243498937169424","0.14243498937169424","0.14243498937169424"
"226171","0.1342336814584058","0.1342336814584058","0.1342336814584058"
"226433","0.14078228002831986","0.14078228002831986","0.14078228002831986"
"226695","0.12978387676310119","0.12978387676310119","0.12978387676310119"
"226957","0.13527545733033086","0.13527545733033086","0.13527545733033086"
"227225","0.1408003436529589","0.1408003436529589","0.1408003436529589"
"227486","0.13042296878588908","0.13042296878588908","0.13042296878588908"
"227743","0.12937950234268195","0.12937950234268195","0.12937950234268195"
"228006","0.14598808313390255","0.14598808313390255","0.14598808313390255"
"228269","0.1311830521701692","0.1311830521701692","0.1311830521701692"
"228535","0.14060361029464943","0.14060361029464943","0.14060361029464943"
"228795","0.13435695970317538","0.13435695970317538","0.13435695970317538"
"229058","0.1389213703793713","0.1389213703793713","0.1389213703793713"
"229321","0.1335725092778523","0.1335725092778523","0.1335725092778523"
"229584","0.1384643026838656","0.1384643026838656","0.1384643026838656"
"229843","0.135541874152928","0.135541874152928","0.135541874152928"
"230106","0.13897000413315078","0.13897000413315078","0.13897000413315078"
"230369","0.13689641120607265","0.13689641120607265","0.13689641120607265"
"230627","0.13511704003516717","0.13511704003516717","0.13511704003516717"
"230890","0.13663637448335345","0.13663637448335345","0.13663637448335345"
"231154","0.13873483046836899","0.13873483046836899","0.13873483046836899"
"231414","0.13468311542349246","0.13468311542349246","0.13468311542349246"
"231674","0.13528473605088387","0.13528473605088387","0.13528473605088387"
"231939","0.14209853822454274","0.14209853822454274","0.14209853822454274"
"232198","0.1332311294402857","0.1332311294402857","0.1332311294402857"
"232456","0.1267890889821631","0.1267890889821631","0.1267890889821631"
"232720","0.13532938768705793","0.13532938768705793","0.13532938768705793"
"232975","0.13702813936479813","0.13702813936479813","0.13702813936479813"
"233236","0.1321285762676915","0.1321285762676915","0.1321285762676915"
"233494","0.1528318032622451","0.1528318032622451","0.1528318032622451"
"233752","0.13586681059899905","0.13586681059899905","0.13586681059899905"
"234016","0.1362432051493428","0.1362432051493428","0.1362432051493428"
"234277","0.1445696750639541","0.1445696750639541","0.1445696750639541"
"234540","0.1390176374846228","0.1390176374846228","0.1390176374846228"
"234804","0.13775158206866772","0.13775158206866772","0.13775158206866772"
"235063","0.13229686473036242","0.13229686473036242","0.13229686473036242"
"235325","0.13675710643470798","0.13675710643470798","0.13675710643470798"
"235585","0.13764902944434637","0.13764902944434637","0.13764902944434637"
"235844","0.1324655985454176","0.1324655985454176","0.1324655985454176"
"236105","0.1406161953711944","0.1406161953711944","0.1406161953711944"
"236367","0.13682677590029843","0.13682677590029843","0.13682677590029843"
"236629","0.1332242548222568","0.1332242548222568","0.1332242548222568"
"236892","0.13447123308278802","0.13447123308278802","0.13447123308278802"
"237156","0.1461373505743054","0.1461373505743054","0.1461373505743054"
"237417","0.14053564930115078","0.14053564930115078","0.14053564930115078"
"237681","0.14772346747868484","0.14772346747868484","0.14772346747868484"
"237940","0.1358996657683199","0.1358996657683199","0.1358996657683199"
"238198","0.13231398998932345","0.13231398998932345","0.13231398998932345"
"238465","0.14641085792369415","0.14641085792369415","0.14641085792369415"
"238725","0.13393591396907306","0.13393591396907306","0.13393591396907306"
"238992","0.1365933406373068","0.1365933406373068","0.1365933406373068"
"239255","0.13527586247702536","0.13527586247702536","0.13527586247702536"
"239513","0.1348650137456404","0.1348650137456404","0.1348650137456404"
"239776","0.1394029424788416","0.1394029424788416","0.1394029424788416"
"240036","0.13756592583132313","0.13756592583132313","0.13756592583132313"
"240297","0.1328676857093238","0.1328676857093238","0.1328676857093238"
"240557","0.13390262152970706","0.13390262152970706","0.13390262152970706"
"240819","0.13494599451269398","0.13494599451269398","0.13494599451269398"
"241083","0.12764227802341652","0.12764227802341652","0.12764227802341652"
"241343","0.12641946997451886","0.12641946997451886","0.12641946997451886"
"241606","0.13725202443113899","0.13725202443113899","0.13725202443113899"
"241864","0.13679889109917984","0.13679889109917984","0.13679889109917984"
"242125","0.1321929446794439","0.1321929446794439","0.1321929446794439"
"242389","0.1367904718171655","0.1367904718171655","0.1367904718171655"
"242651","0.13481399904915833","0.13481399904915833","0.13481399904915833"
"242913","0.13622782302292144","0.13622782302292144","0.13622782302292144"
"243177","0.1377226835573932","0.1377226835573932","0.1377226835573932"
"243435","0.14104497956150966","0.14104497956150966","0.14104497956150966"
"243695","0.1345474423761589","0.1345474423761589","0.1345474423761589"
"243954","0.13386949313811305","0.13386949313811305","0.13386949313811305"
"244218","0.13784304217891258","0.13784304217891258","0.13784304217891258"
"244478","0.12838394600704597","0.12838394600704597","0.12838394600704597"
"244736","0.1320238847260015","0.1320238847260015","0.1320238847260015"
"245000","0.13764350063485153","0.13764350063485153","0.13764350063485153"
"245262","0.13256716824775622","0.13256716824775622","0.13256716824775622"
"245524","0.1366989985205346","0.1366989985205346","0.1366989985205346"
"245786","0.13326904539388654","0.13326904539388654","0.13326904539388654"
"246047","0.13849263623816865","0.13849263623816865","0.13849263623816865"
"246308","0.13488656319236508","0.13488656319236508","0.13488656319236508"
"246570","0.13192857419370416","0.13192857419370416","0.13192857419370416"
"246833","0.13280712479809587","0.13280712479809587","0.13280712479809587"
"247097","0.14033001895509378","0.14033001895509378","0.14033001895509378"
"247355","0.13491430993134373","0.13491430993134373","0.13491430993134373"
"247616","0.13619864022599892","0.13619864022599892","0.13619864022599892"
"247876","0.13265331268063107","0.13265331268063107","0.13265331268063107"
"248142","0.13840172075560997","0.13840172075560997","0.13840172075560997"
"248408","0.13854466111354094","0.13854466111354094","0.13854466111354094"
"248667","0.13765622524735618","0.13765622524735618","0.13765622524735618"
"248931","0.14211059260722705","0.14211059260722705","0.14211059260722705"
"249192","0.13237613462304854","0.13237613462304854","0.13237613462304854"
"249451","0.13441260982028427","0.13441260982028427","0.13441260982028427"
"249710","0.13874660010600565","0.13874660010600565","0.13874660010600565"
"249972","0.13722290927272668","0.13722290927272668","0.13722290927272668"
"250231","0.12872827987783791","0.12872827987783791","0.12872827987783791"
"250490","0.1338908967362639","0.1338908967362639","0.1338908967362639"
"250751","0.13336423625059457","0.13336423625059457","0.13336423625059457"
"251015","0.1345782717320368","0.1345782717320368","0.1345782717320368"
"251275","0.13041105076875098","0.13041105076875098","0.13041105076875098"
"251539","0.134470196284122","0.134470196284122","0.134470196284122"
"251806","0.13862082238800708","0.13862082238800708","0.13862082238800708"
"252068","0.13272997288625837","0.13272997288625837","0.13272997288625837"
"252330","0.14768785116785985","0.14768785116785985","0.14768785116785985"
"252590","0.1356125024643801","0.1356125024643801","0.1356125024643801"
"252848","0.1308508580876304","0.1308508580876304","0.1308508580876304"
"253114","0.1396628562199558","0.1396628562199558","0.1396628562199558"
"253378","0.1313679947063321","0.1313679947063321","0.1313679947063321"
"253642","0.13703525732082167","0.13703525732082167","0.13703525732082167"
"253904","0.1345380066102129","0.1345380066102129","0.1345380066102129"
"254167","0.13320557436380373","0.13320557436380373","0.13320557436380373"
"254430","0.1437725139677842","0.1437725139677842","0.1437725139677842"
"254690","0.1369292273239395","0.1369292273239395","0.1369292273239395"
"254953","0.14298978293756745","0.14298978293756745","0.14298978293756745"
"255217","0.13461740540350683","0.13461740540350683","0.13461740540350683"
"255478","0.13489178492486023","0.13489178492486023","0.13489178492486023"
"255740","0.13226067684007325","0.13226067684007325","0.13226067684007325"
"256003","0.13270383155191273","0.13270383155191273","0.13270383155191273"
"256265","0.1355700312915239","0.1355700312915239","0.1355700312915239"
"256526","0.13250730341039946","0.13250730341039946","0.13250730341039946"
"256788","0.13371097896536227","0.13371097896536227","0.13371097896536227"
"257048","0.13379322024372511","0.13379322024372511","0.13379322024372511"
"257308","0.1310547675125979","0.1310547675125979","0.1310547675125979"
"257567","0.13431152055862527","0.13431152055862527","0.13431152055862527"
"257831","0.13894150437643749","0.13894150437643749","0.13894150437643749"
"258094","0.13569945753776846","0.13569945753776846","0.13569945753776846"
"258357","0.1334239825841594","0.1334239825841594","0.1334239825841594"
"258617","0.1308357974675358","0.1308357974675358","0.1308357974675358"
"258878","0.13235390983337542","0.13235390983337542","0.13235390983337542"
"259135","0.1325006669057571","0.1325006669057571","0.1325006669057571"
"259400","0.13835540603977858","0.13835540603977858","0.13835540603977858"
"259660","0.14053765265642973","0.14053765265642973","0.14053765265642973"
"259922","0.1381247382273881","0.1381247382273881","0.1381247382273881"
"260185","0.13750056908898362","0.13750056908898362","0.13750056908898362"
"260445","0.1467805248130788","0.1467805248130788","0.1467805248130788"
"260708","0.1422272803212756","0.1422272803212756","0.1422272803212756"
"260967","0.13530763992263148","0.13530763992263148","0.13530763992263148"
"261226","0.13081958059858406","0.13081958059858406","0.13081958059858406"
"261491","0.13550402305308062","0.13550402305308062","0.13550402305308062"
"261750","0.13193315771527173","0.13193315771527173","0.13193315771527173"