"Step","fine tune random_0_1e-05 - average_loss","fine tune random_0_1e-05 - average_loss__MIN","fine tune random_0_1e-05 - average_loss__MAX"
"259","0.4190619719337326","0.4190619719337326","0.4190619719337326"
"525","0.41873063014398487","0.41873063014398487","0.41873063014398487"
"786","0.4093751623560834","0.4093751623560834","0.4093751623560834"
"1044","0.4011369637863816","0.4011369637863816","0.4011369637863816"
"1302","0.41710190826106347","0.41710190826106347","0.41710190826106347"
"1564","0.397625864538096","0.397625864538096","0.397625864538096"
"1827","0.4149773938360771","0.4149773938360771","0.4149773938360771"
"2089","0.42361327668384713","0.42361327668384713","0.42361327668384713"
"2351","0.42215162032383374","0.42215162032383374","0.42215162032383374"
"2617","0.4275335122118563","0.4275335122118563","0.4275335122118563"
"2882","0.4109117094166176","0.4109117094166176","0.4109117094166176"
"3146","0.4060929199128595","0.4060929199128595","0.4060929199128595"
"3412","0.408599214138169","0.408599214138169","0.408599214138169"
"3679","0.40419287352006505","0.40419287352006505","0.40419287352006505"
"3941","0.41214462897726084","0.41214462897726084","0.41214462897726084"
"4203","0.42092994400790257","0.42092994400790257","0.42092994400790257"
"4461","0.40519639682517244","0.40519639682517244","0.40519639682517244"
"4725","0.41923998643661725","0.41923998643661725","0.41923998643661725"
"4987","0.41097383431695445","0.41097383431695445","0.41097383431695445"
"5245","0.39522345159919214","0.39522345159919214","0.39522345159919214"
"5503","0.40823829090974567","0.40823829090974567","0.40823829090974567"
"5765","0.4256989084962256","0.4256989084962256","0.4256989084962256"
"6025","0.3906394781523477","0.3906394781523477","0.3906394781523477"
"6290","0.3944547876481079","0.3944547876481079","0.3944547876481079"
"6552","0.3966911914850733","0.3966911914850733","0.3966911914850733"
"6813","0.38935294439659823","0.38935294439659823","0.38935294439659823"
"7076","0.39990808913279396","0.39990808913279396","0.39990808913279396"
"7338","0.4046791434498639","0.4046791434498639","0.4046791434498639"
"7596","0.39245368139260955","0.39245368139260955","0.39245368139260955"
"7859","0.3870372982467261","0.3870372982467261","0.3870372982467261"
"8123","0.39541770519596653","0.39541770519596653","0.39541770519596653"
"8383","0.3945110973311972","0.3945110973311972","0.3945110973311972"
"8645","0.39775369202415634","0.39775369202415634","0.39775369202415634"
"8903","0.39285394897630727","0.39285394897630727","0.39285394897630727"
"9166","0.4314190769362699","0.4314190769362699","0.4314190769362699"
"9426","0.39751314877172594","0.39751314877172594","0.39751314877172594"
"9687","0.4128647808849069","0.4128647808849069","0.4128647808849069"
"9950","0.3964254811928906","0.3964254811928906","0.3964254811928906"
"10213","0.40398286955958973","0.40398286955958973","0.40398286955958973"
"10479","0.39488250572689587","0.39488250572689587","0.39488250572689587"
"10748","0.39119339230111083","0.39119339230111083","0.39119339230111083"
"11011","0.38752388974957397","0.38752388974957397","0.38752388974957397"
"11275","0.3967942708712247","0.3967942708712247","0.3967942708712247"
"11538","0.3982689668432648","0.3982689668432648","0.3982689668432648"
"11798","0.3926681590216316","0.3926681590216316","0.3926681590216316"
"12064","0.4287458007234046","0.4287458007234046","0.4287458007234046"
"12326","0.4069344503205191","0.4069344503205191","0.4069344503205191"
"12586","0.3891571186615553","0.3891571186615553","0.3891571186615553"
"12847","0.39526255187937337","0.39526255187937337","0.39526255187937337"
"13106","0.3788757941662046","0.3788757941662046","0.3788757941662046"
"13366","0.4156235797461984","0.4156235797461984","0.4156235797461984"
"13626","0.3920160523560347","0.3920160523560347","0.3920160523560347"
"13888","0.3880440126789229","0.3880440126789229","0.3880440126789229"
"14149","0.3817091192003026","0.3817091192003026","0.3817091192003026"
"14415","0.3856776153326955","0.3856776153326955","0.3856776153326955"
"14675","0.37967194295263407","0.37967194295263407","0.37967194295263407"
"14931","0.38170169880225446","0.38170169880225446","0.38170169880225446"
"15189","0.38186793349317155","0.38186793349317155","0.38186793349317155"
"15456","0.41042607472374826","0.41042607472374826","0.41042607472374826"
"15716","0.3897174534014778","0.3897174534014778","0.3897174534014778"
"15979","0.3888538043547289","0.3888538043547289","0.3888538043547289"
"16239","0.395619774439689","0.395619774439689","0.395619774439689"
"16500","0.4019332036119619","0.4019332036119619","0.4019332036119619"
"16762","0.38288955094077504","0.38288955094077504","0.38288955094077504"
"17026","0.42186060553616495","0.42186060553616495","0.42186060553616495"
"17290","0.38684746514457885","0.38684746514457885","0.38684746514457885"
"17550","0.39043054428581375","0.39043054428581375","0.39043054428581375"
"17812","0.3946895731114498","0.3946895731114498","0.3946895731114498"
"18077","0.38264451262633276","0.38264451262633276","0.38264451262633276"
"18340","0.39594614604370726","0.39594614604370726","0.39594614604370726"
"18601","0.39775656015339816","0.39775656015339816","0.39775656015339816"
"18860","0.39180075296182904","0.39180075296182904","0.39180075296182904"
"19127","0.39319672840076303","0.39319672840076303","0.39319672840076303"
"19384","0.3803929626619404","0.3803929626619404","0.3803929626619404"
"19645","0.3867462536827377","0.3867462536827377","0.3867462536827377"
"19905","0.3918109933438245","0.3918109933438245","0.3918109933438245"
"20163","0.3757696434264089","0.3757696434264089","0.3757696434264089"
"20425","0.3812291907374977","0.3812291907374977","0.3812291907374977"
"20686","0.3977279981346836","0.3977279981346836","0.3977279981346836"
"20940","0.3711899727301037","0.3711899727301037","0.3711899727301037"
"21208","0.3919827859808036","0.3919827859808036","0.3919827859808036"
"21469","0.39158904419773216","0.39158904419773216","0.39158904419773216"
"21731","0.3913591003943181","0.3913591003943181","0.3913591003943181"
"21991","0.37823038547216903","0.37823038547216903","0.37823038547216903"
"22249","0.38067278902983903","0.38067278902983903","0.38067278902983903"
"22512","0.3891662866065267","0.3891662866065267","0.3891662866065267"
"22771","0.39607470345706425","0.39607470345706425","0.39607470345706425"
"23033","0.3878862900592279","0.3878862900592279","0.3878862900592279"
"23292","0.387390048887181","0.387390048887181","0.387390048887181"
"23553","0.3766486991733625","0.3766486991733625","0.3766486991733625"
"23818","0.38760471078984543","0.38760471078984543","0.38760471078984543"
"24079","0.3924435885261816","0.3924435885261816","0.3924435885261816"
"24339","0.37784082462916946","0.37784082462916946","0.37784082462916946"
"24600","0.38775850146678315","0.38775850146678315","0.38775850146678315"
"24862","0.4019047362142032","0.4019047362142032","0.4019047362142032"
"25123","0.3920005712513035","0.3920005712513035","0.3920005712513035"
"25383","0.38058165439460867","0.38058165439460867","0.38058165439460867"
"25642","0.3877943234209222","0.3877943234209222","0.3877943234209222"
"25902","0.385758209092771","0.385758209092771","0.385758209092771"
"26167","0.4066997804911807","0.4066997804911807","0.4066997804911807"
"26431","0.403869421631057","0.403869421631057","0.403869421631057"
"26690","0.39082344019815746","0.39082344019815746","0.39082344019815746"
"26950","0.3896265672875173","0.3896265672875173","0.3896265672875173"
"27210","0.38101089274264077","0.38101089274264077","0.38101089274264077"
"27471","0.3888135289563996","0.3888135289563996","0.3888135289563996"
"27732","0.39190980492744476","0.39190980492744476","0.39190980492744476"
"27994","0.3993453798369532","0.3993453798369532","0.3993453798369532"
"28255","0.388283755017164","0.388283755017164","0.388283755017164"
"28517","0.392915715638749","0.392915715638749","0.392915715638749"
"28780","0.3938349446127087","0.3938349446127087","0.3938349446127087"
"29043","0.3840332683383057","0.3840332683383057","0.3840332683383057"
"29304","0.375831009987091","0.375831009987091","0.375831009987091"
"29563","0.3899805858724953","0.3899805858724953","0.3899805858724953"
"29823","0.4009116347615798","0.4009116347615798","0.4009116347615798"
"30080","0.37792489170166754","0.37792489170166754","0.37792489170166754"
"30342","0.3719447565075936","0.3719447565075936","0.3719447565075936"
"30602","0.37517079822595156","0.37517079822595156","0.37517079822595156"
"30865","0.38901675875038816","0.38901675875038816","0.38901675875038816"
"31129","0.38026584966296056","0.38026584966296056","0.38026584966296056"
"31392","0.38906848945352424","0.38906848945352424","0.38906848945352424"
"31658","0.40480726615516394","0.40480726615516394","0.40480726615516394"
"31919","0.3887224410901774","0.3887224410901774","0.3887224410901774"
"32181","0.388089311223097","0.388089311223097","0.388089311223097"
"32444","0.40837606118469866","0.40837606118469866","0.40837606118469866"
"32705","0.39999450380586016","0.39999450380586016","0.39999450380586016"
"32964","0.3854294338020632","0.3854294338020632","0.3854294338020632"
"33228","0.39066323856291246","0.39066323856291246","0.39066323856291246"
"33491","0.39375727014468287","0.39375727014468287","0.39375727014468287"
"33754","0.3906604004589468","0.3906604004589468","0.3906604004589468"
"34014","0.38026271277517865","0.38026271277517865","0.38026271277517865"
"34279","0.38151392385848204","0.38151392385848204","0.38151392385848204"
"34542","0.394104864719982","0.394104864719982","0.394104864719982"
"34804","0.37256119568800466","0.37256119568800466","0.37256119568800466"
"35063","0.3770206459545778","0.3770206459545778","0.3770206459545778"
"35324","0.3794551036183045","0.3794551036183045","0.3794551036183045"
"35584","0.3855210865455924","0.3855210865455924","0.3855210865455924"
"35848","0.37427955029656035","0.37427955029656035","0.37427955029656035"
"36111","0.3721800018471241","0.3721800018471241","0.3721800018471241"
"36372","0.38503977137635337","0.38503977137635337","0.38503977137635337"
"36634","0.38272597256680674","0.38272597256680674","0.38272597256680674"
"36893","0.38241861580883485","0.38241861580883485","0.38241861580883485"
"37149","0.376985647775409","0.376985647775409","0.376985647775409"
"37408","0.40145599264633697","0.40145599264633697","0.40145599264633697"
"37669","0.3934671899365112","0.3934671899365112","0.3934671899365112"
"37932","0.386800342920863","0.386800342920863","0.386800342920863"
"38193","0.3843688844563351","0.3843688844563351","0.3843688844563351"
"38454","0.38625322317415284","0.38625322317415284","0.38625322317415284"
"38713","0.36907081738677994","0.36907081738677994","0.36907081738677994"
"38973","0.36871577187001886","0.36871577187001886","0.36871577187001886"
"39235","0.37702945861040293","0.37702945861040293","0.37702945861040293"
"39495","0.3798229277570721","0.3798229277570721","0.3798229277570721"
"39757","0.3793448916632408","0.3793448916632408","0.3793448916632408"
"40020","0.37088692963287984","0.37088692963287984","0.37088692963287984"
"40284","0.40744986519881016","0.40744986519881016","0.40744986519881016"
"40544","0.3908253772971167","0.3908253772971167","0.3908253772971167"
"40802","0.3722588306054708","0.3722588306054708","0.3722588306054708"
"41061","0.38637712630868637","0.38637712630868637","0.38637712630868637"
"41321","0.42081412533298135","0.42081412533298135","0.42081412533298135"
"41582","0.39928152083324897","0.39928152083324897","0.39928152083324897"
"41846","0.3777871354270948","0.3777871354270948","0.3777871354270948"
"42105","0.38323850240277385","0.38323850240277385","0.38323850240277385"
"42364","0.38735968174619806","0.38735968174619806","0.38735968174619806"
"42626","0.3780817871928307","0.3780817871928307","0.3780817871928307"
"42886","0.37945334582578777","0.37945334582578777","0.37945334582578777"
"43149","0.3732441294322813","0.3732441294322813","0.3732441294322813"
"43410","0.37941498770978244","0.37941498770978244","0.37941498770978244"
"43675","0.38579212656329775","0.38579212656329775","0.38579212656329775"
"43936","0.3862741127299104","0.3862741127299104","0.3862741127299104"
"44197","0.38424279232763514","0.38424279232763514","0.38424279232763514"
"44463","0.38027973179008046","0.38027973179008046","0.38027973179008046"
"44724","0.3779152595881367","0.3779152595881367","0.3779152595881367"
"44985","0.37014127508429634","0.37014127508429634","0.37014127508429634"
"45249","0.38205590214861196","0.38205590214861196","0.38205590214861196"
"45508","0.39531840779953437","0.39531840779953437","0.39531840779953437"
"45768","0.37602714915466584","0.37602714915466584","0.37602714915466584"
"46027","0.38106381214527724","0.38106381214527724","0.38106381214527724"
"46286","0.38725339290466004","0.38725339290466004","0.38725339290466004"
"46546","0.3659614639387662","0.3659614639387662","0.3659614639387662"
"46804","0.37252248615009526","0.37252248615009526","0.37252248615009526"
"47068","0.4058041510523832","0.4058041510523832","0.4058041510523832"
"47329","0.3939430812473288","0.3939430812473288","0.3939430812473288"
"47589","0.37892995964651244","0.37892995964651244","0.37892995964651244"
"47845","0.37437711406118457","0.37437711406118457","0.37437711406118457"
"48107","0.3958428692963809","0.3958428692963809","0.3958428692963809"
"48366","0.3842834666071233","0.3842834666071233","0.3842834666071233"
"48632","0.37812972144850465","0.37812972144850465","0.37812972144850465"
"48894","0.37005167651180026","0.37005167651180026","0.37005167651180026"
"49155","0.3833207311394118","0.3833207311394118","0.3833207311394118"
"49417","0.38864384415518055","0.38864384415518055","0.38864384415518055"
"49678","0.3856931864011682","0.3856931864011682","0.3856931864011682"
"49938","0.40904547428127846","0.40904547428127846","0.40904547428127846"
"50201","0.37256349988769355","0.37256349988769355","0.37256349988769355"
"50465","0.3882267259241935","0.3882267259241935","0.3882267259241935"
"50729","0.38300080387368024","0.38300080387368024","0.38300080387368024"
"50995","0.4029762173937315","0.4029762173937315","0.4029762173937315"
"51259","0.3779707052032763","0.3779707052032763","0.3779707052032763"
"51521","0.38422564176472884","0.38422564176472884","0.38422564176472884"
"51782","0.40994100264994743","0.40994100264994743","0.40994100264994743"
"52048","0.3810912473315983","0.3810912473315983","0.3810912473315983"
"52315","0.3826496894020238","0.3826496894020238","0.3826496894020238"
"52574","0.3726547541546343","0.3726547541546343","0.3726547541546343"
"52839","0.3779431731586969","0.3779431731586969","0.3779431731586969"
"53100","0.39128704875747994","0.39128704875747994","0.39128704875747994"
"53360","0.3763940241944623","0.3763940241944623","0.3763940241944623"
"53617","0.3766095559302241","0.3766095559302241","0.3766095559302241"
"53877","0.3811203532193674","0.3811203532193674","0.3811203532193674"
"54140","0.37001289493571266","0.37001289493571266","0.37001289493571266"
"54404","0.3843218452109349","0.3843218452109349","0.3843218452109349"
"54661","0.37403771822685555","0.37403771822685555","0.37403771822685555"
"54919","0.36604671858993515","0.36604671858993515","0.36604671858993515"
"55180","0.3744865077109069","0.3744865077109069","0.3744865077109069"
"55442","0.37609293155087437","0.37609293155087437","0.37609293155087437"
"55700","0.3652799858268386","0.3652799858268386","0.3652799858268386"
"55965","0.39753703765445575","0.39753703765445575","0.39753703765445575"
"56223","0.42345525423949404","0.42345525423949404","0.42345525423949404"
"56480","0.3753651905600696","0.3753651905600696","0.3753651905600696"
"56742","0.3845949801904632","0.3845949801904632","0.3845949801904632"
"57000","0.3841022727159165","0.3841022727159165","0.3841022727159165"
"57261","0.3814620491399535","0.3814620491399535","0.3814620491399535"
"57526","0.39002812045623786","0.39002812045623786","0.39002812045623786"
"57786","0.3694507615177295","0.3694507615177295","0.3694507615177295"
"58051","0.37438123826663133","0.37438123826663133","0.37438123826663133"
"58313","0.3940512028404819","0.3940512028404819","0.3940512028404819"
"58575","0.3852564775257839","0.3852564775257839","0.3852564775257839"
"58838","0.37174102725904734","0.37174102725904734","0.37174102725904734"
"59097","0.37328200985383403","0.37328200985383403","0.37328200985383403"
"59359","0.3746991032105253","0.3746991032105253","0.3746991032105253"
"59617","0.3654651506449815","0.3654651506449815","0.3654651506449815"
"59876","0.3811269117103411","0.3811269117103411","0.3811269117103411"
"60140","0.37661417936042163","0.37661417936042163","0.37661417936042163"
"60399","0.3667069015168548","0.3667069015168548","0.3667069015168548"
"60659","0.40885667112648083","0.40885667112648083","0.40885667112648083"
"60921","0.3763142954631309","0.3763142954631309","0.3763142954631309"
"61186","0.38521947176948174","0.38521947176948174","0.38521947176948174"
"61447","0.38620893711980675","0.38620893711980675","0.38620893711980675"
"61707","0.3755355297825995","0.3755355297825995","0.3755355297825995"
"61970","0.37748838418991726","0.37748838418991726","0.37748838418991726"
"62229","0.38390069289359263","0.38390069289359263","0.38390069289359263"
"62497","0.3771310260482379","0.3771310260482379","0.3771310260482379"
"62758","0.3581403298619594","0.3581403298619594","0.3581403298619594"
"63016","0.3726465414421618","0.3726465414421618","0.3726465414421618"
"63277","0.38630135071735366","0.38630135071735366","0.38630135071735366"
"63539","0.3640999520462433","0.3640999520462433","0.3640999520462433"
"63802","0.3803990692943085","0.3803990692943085","0.3803990692943085"
"64066","0.39952270222770253","0.39952270222770253","0.39952270222770253"
"64330","0.3702523521584445","0.3702523521584445","0.3702523521584445"
"64588","0.3701177890635409","0.3701177890635409","0.3701177890635409"
"64854","0.37222176775444804","0.37222176775444804","0.37222176775444804"
"65110","0.39301732398003636","0.39301732398003636","0.39301732398003636"
"65369","0.36815295707776974","0.36815295707776974","0.36815295707776974"
"65632","0.3817480618783645","0.3817480618783645","0.3817480618783645"
"65895","0.3991412108542219","0.3991412108542219","0.3991412108542219"
"66151","0.38669097121029744","0.38669097121029744","0.38669097121029744"
"66409","0.38680745551361306","0.38680745551361306","0.38680745551361306"
"66669","0.36517563897986505","0.36517563897986505","0.36517563897986505"
"66931","0.37105543916877926","0.37105543916877926","0.37105543916877926"
"67190","0.3860838780994973","0.3860838780994973","0.3860838780994973"
"67453","0.3712263319736661","0.3712263319736661","0.3712263319736661"
"67718","0.3784071378177032","0.3784071378177032","0.3784071378177032"
"67977","0.4001433366181915","0.4001433366181915","0.4001433366181915"
"68237","0.369796809041098","0.369796809041098","0.369796809041098"
"68504","0.38399087926359754","0.38399087926359754","0.38399087926359754"
"68764","0.37704133045100696","0.37704133045100696","0.37704133045100696"
"69024","0.3680904007303447","0.3680904007303447","0.3680904007303447"
"69282","0.36554965157575464","0.36554965157575464","0.36554965157575464"
"69542","0.37223713898470473","0.37223713898470473","0.37223713898470473"
"69807","0.38525124337965677","0.38525124337965677","0.38525124337965677"
"70069","0.37571470849117855","0.37571470849117855","0.37571470849117855"
"70334","0.38617315126317714","0.38617315126317714","0.38617315126317714"
"70595","0.37467324390583495","0.37467324390583495","0.37467324390583495"
"70857","0.3753504523746732","0.3753504523746732","0.3753504523746732"
"71116","0.3626920044536241","0.3626920044536241","0.3626920044536241"
"71376","0.3982193298813828","0.3982193298813828","0.3982193298813828"
"71632","0.36310879235555665","0.36310879235555665","0.36310879235555665"
"71897","0.3730875011662972","0.3730875011662972","0.3730875011662972"
"72159","0.38405885398903333","0.38405885398903333","0.38405885398903333"
"72424","0.3846744886120581","0.3846744886120581","0.3846744886120581"
"72685","0.36523616901062605","0.36523616901062605","0.36523616901062605"
"72948","0.38358241385400044","0.38358241385400044","0.38358241385400044"
"73213","0.3752380404049759","0.3752380404049759","0.3752380404049759"
"73471","0.38254231421316026","0.38254231421316026","0.38254231421316026"
"73733","0.3981468159900592","0.3981468159900592","0.3981468159900592"
"73996","0.37186816511337273","0.37186816511337273","0.37186816511337273"
"74260","0.37054920714449097","0.37054920714449097","0.37054920714449097"
"74517","0.37590151867694116","0.37590151867694116","0.37590151867694116"
"74778","0.3836844483581958","0.3836844483581958","0.3836844483581958"
"75036","0.37489026003861387","0.37489026003861387","0.37489026003861387"
"75298","0.37715625691146304","0.37715625691146304","0.37715625691146304"
"75558","0.37232211396877496","0.37232211396877496","0.37232211396877496"
"75823","0.366134871651549","0.366134871651549","0.366134871651549"
"76084","0.3706172745103031","0.3706172745103031","0.3706172745103031"
"76348","0.36948056471021107","0.36948056471021107","0.36948056471021107"
"76606","0.3605631801416166","0.3605631801416166","0.3605631801416166"
"76864","0.3693054485430909","0.3693054485430909","0.3693054485430909"
"77127","0.3625588564543247","0.3625588564543247","0.3625588564543247"
"77389","0.37935838954653345","0.37935838954653345","0.37935838954653345"
"77648","0.36765627633748693","0.36765627633748693","0.36765627633748693"
"77912","0.38410094443572473","0.38410094443572473","0.38410094443572473"
"78176","0.37746777231581236","0.37746777231581236","0.37746777231581236"
"78437","0.3617366068658309","0.3617366068658309","0.3617366068658309"
"78697","0.3686665804558038","0.3686665804558038","0.3686665804558038"
"78959","0.38925176402004913","0.38925176402004913","0.38925176402004913"
"79222","0.37947794221768616","0.37947794221768616","0.37947794221768616"
"79483","0.3652480692407787","0.3652480692407787","0.3652480692407787"
"79746","0.3924920190791174","0.3924920190791174","0.3924920190791174"
"80007","0.3814706020802707","0.3814706020802707","0.3814706020802707"
"80269","0.3699708098396734","0.3699708098396734","0.3699708098396734"
"80534","0.38805199865128776","0.38805199865128776","0.38805199865128776"
"80793","0.39017549751717423","0.39017549751717423","0.39017549751717423"
"81057","0.3702719324265524","0.3702719324265524","0.3702719324265524"
"81318","0.37293765209446383","0.37293765209446383","0.37293765209446383"
"81586","0.3795784916841404","0.3795784916841404","0.3795784916841404"
"81847","0.3658907277905294","0.3658907277905294","0.3658907277905294"
"82106","0.37825099914178","0.37825099914178","0.37825099914178"
"82367","0.3834216435969641","0.3834216435969641","0.3834216435969641"
"82631","0.40459260218013887","0.40459260218013887","0.40459260218013887"
"82894","0.3749581812499497","0.3749581812499497","0.3749581812499497"
"83156","0.3615682297697339","0.3615682297697339","0.3615682297697339"
"83418","0.35837193483522223","0.35837193483522223","0.35837193483522223"
"83679","0.3772988732821902","0.3772988732821902","0.3772988732821902"
"83932","0.36927217858722966","0.36927217858722966","0.36927217858722966"
"84192","0.37661337206721573","0.37661337206721573","0.37661337206721573"
"84453","0.3676965649424155","0.3676965649424155","0.3676965649424155"
"84714","0.37287940004218495","0.37287940004218495","0.37287940004218495"
"84978","0.36767718639281877","0.36767718639281877","0.36767718639281877"
"85236","0.36950880301020367","0.36950880301020367","0.36950880301020367"
"85497","0.36177125814786965","0.36177125814786965","0.36177125814786965"
"85758","0.3787564419819242","0.3787564419819242","0.3787564419819242"
"86021","0.36959327770620637","0.36959327770620637","0.36959327770620637"
"86285","0.3707225203503391","0.3707225203503391","0.3707225203503391"
"86545","0.3922040074846486","0.3922040074846486","0.3922040074846486"
"86804","0.3706569793387067","0.3706569793387067","0.3706569793387067"
"87064","0.3649503239235724","0.3649503239235724","0.3649503239235724"
"87326","0.35919140631504737","0.35919140631504737","0.35919140631504737"
"87587","0.38194711029937023","0.38194711029937023","0.38194711029937023"
"87849","0.3686604256766159","0.3686604256766159","0.3686604256766159"
"88112","0.37526744995806227","0.37526744995806227","0.37526744995806227"
"88369","0.39175222821495653","0.39175222821495653","0.39175222821495653"
"88632","0.3862326110984597","0.3862326110984597","0.3862326110984597"
"88895","0.36693333998018784","0.36693333998018784","0.36693333998018784"
"89157","0.3972784435882755","0.3972784435882755","0.3972784435882755"
"89414","0.36533081112944416","0.36533081112944416","0.36533081112944416"
"89679","0.38840779655789404","0.38840779655789404","0.38840779655789404"
"89938","0.3848509059014393","0.3848509059014393","0.3848509059014393"
"90199","0.3721161341750423","0.3721161341750423","0.3721161341750423"
"90458","0.39783726563662913","0.39783726563662913","0.39783726563662913"
"90726","0.38588712532509817","0.38588712532509817","0.38588712532509817"
"90987","0.36870973672349455","0.36870973672349455","0.36870973672349455"
"91249","0.3737671676849216","0.3737671676849216","0.3737671676849216"
"91514","0.37765742829848514","0.37765742829848514","0.37765742829848514"
"91777","0.3726478711331879","0.3726478711331879","0.3726478711331879"
"92039","0.37592368677278115","0.37592368677278115","0.37592368677278115"
"92299","0.38009026667653256","0.38009026667653256","0.38009026667653256"
"92563","0.3768937404497627","0.3768937404497627","0.3768937404497627"
"92827","0.37562506516241106","0.37562506516241106","0.37562506516241106"
"93091","0.38171536228489433","0.38171536228489433","0.38171536228489433"
"93350","0.37144282046182947","0.37144282046182947","0.37144282046182947"
"93614","0.3640648116881931","0.3640648116881931","0.3640648116881931"
"93875","0.37885190213777786","0.37885190213777786","0.37885190213777786"
"94139","0.36854839507654297","0.36854839507654297","0.36854839507654297"
"94398","0.3704391587347373","0.3704391587347373","0.3704391587347373"
"94657","0.4003929813168322","0.4003929813168322","0.4003929813168322"
"94914","0.37137039862044596","0.37137039862044596","0.37137039862044596"
"95176","0.38153950193367486","0.38153950193367486","0.38153950193367486"
"95438","0.3724185216891728","0.3724185216891728","0.3724185216891728"
"95698","0.3899850272080661","0.3899850272080661","0.3899850272080661"
"95962","0.37654661531825806","0.37654661531825806","0.37654661531825806"
"96227","0.3635935553455221","0.3635935553455221","0.3635935553455221"
"96491","0.3651587299768748","0.3651587299768748","0.3651587299768748"
"96754","0.36868528556189756","0.36868528556189756","0.36868528556189756"
"97012","0.36630876487686714","0.36630876487686714","0.36630876487686714"
"97275","0.40163358442221736","0.40163358442221736","0.40163358442221736"
"97536","0.38185006370298746","0.38185006370298746","0.38185006370298746"
"97794","0.3694027374426802","0.3694027374426802","0.3694027374426802"
"98054","0.3755382333167929","0.3755382333167929","0.3755382333167929"
"98318","0.37525162085710856","0.37525162085710856","0.37525162085710856"
"98585","0.38227335537876056","0.38227335537876056","0.38227335537876056"
"98845","0.3862825938517255","0.3862825938517255","0.3862825938517255"
"99105","0.3747997792762498","0.3747997792762498","0.3747997792762498"
"99363","0.3629612333530811","0.3629612333530811","0.3629612333530811"
"99623","0.3857486095423915","0.3857486095423915","0.3857486095423915"
"99882","0.37768837925905246","0.37768837925905246","0.37768837925905246"
"100140","0.36696949203452767","0.36696949203452767","0.36696949203452767"
"100399","0.3594713379461194","0.3594713379461194","0.3594713379461194"
"100655","0.3676862059075155","0.3676862059075155","0.3676862059075155"
"100914","0.3844821867539398","0.3844821867539398","0.3844821867539398"
"101173","0.3647592880952844","0.3647592880952844","0.3647592880952844"
"101433","0.39044061462047047","0.39044061462047047","0.39044061462047047"
"101693","0.35623969119672416","0.35623969119672416","0.35623969119672416"
"101957","0.36587427446908616","0.36587427446908616","0.36587427446908616"
"102219","0.3901079412014112","0.3901079412014112","0.3901079412014112"
"102481","0.35761981446005375","0.35761981446005375","0.35761981446005375"
"102746","0.3807813051232987","0.3807813051232987","0.3807813051232987"
"103009","0.3624121400539653","0.3624121400539653","0.3624121400539653"
"103269","0.36625313150931293","0.36625313150931293","0.36625313150931293"
"103533","0.3706507728317699","0.3706507728317699","0.3706507728317699"
"103790","0.36829014509499375","0.36829014509499375","0.36829014509499375"
"104050","0.36669105339396196","0.36669105339396196","0.36669105339396196"
"104310","0.35289913425446356","0.35289913425446356","0.35289913425446356"
"104569","0.3694145992536672","0.3694145992536672","0.3694145992536672"
"104829","0.3664726204902533","0.3664726204902533","0.3664726204902533"
"105091","0.3843927528622401","0.3843927528622401","0.3843927528622401"
"105350","0.36589167072504225","0.36589167072504225","0.36589167072504225"
"105613","0.37837682261041744","0.37837682261041744","0.37837682261041744"
"105874","0.37977462143974733","0.37977462143974733","0.37977462143974733"
"106137","0.38273061273149","0.38273061273149","0.38273061273149"
"106395","0.3598236992271212","0.3598236992271212","0.3598236992271212"
"106663","0.3685671976131026","0.3685671976131026","0.3685671976131026"
"106922","0.3708440745884733","0.3708440745884733","0.3708440745884733"
"107182","0.3641639484223658","0.3641639484223658","0.3641639484223658"
"107447","0.3637640816468706","0.3637640816468706","0.3637640816468706"
"107709","0.3938600864975938","0.3938600864975938","0.3938600864975938"
"107970","0.3656609398487378","0.3656609398487378","0.3656609398487378"
"108236","0.3751962033804881","0.3751962033804881","0.3751962033804881"
"108495","0.36868986541177323","0.36868986541177323","0.36868986541177323"
"108757","0.3683075557442265","0.3683075557442265","0.3683075557442265"
"109022","0.3757211416311869","0.3757211416311869","0.3757211416311869"
"109284","0.3652479653753796","0.3652479653753796","0.3652479653753796"
"109542","0.3778889258953927","0.3778889258953927","0.3778889258953927"
"109803","0.3648297530726752","0.3648297530726752","0.3648297530726752"
"110068","0.388826795301308","0.388826795301308","0.388826795301308"
"110327","0.3764626165255155","0.3764626165255155","0.3764626165255155"
"110584","0.3794364553881357","0.3794364553881357","0.3794364553881357"
"110840","0.37769715298726136","0.37769715298726136","0.37769715298726136"
"111103","0.3722388041094911","0.3722388041094911","0.3722388041094911"
"111367","0.3775086772729992","0.3775086772729992","0.3775086772729992"
"111630","0.35796791851404675","0.35796791851404675","0.35796791851404675"
"111891","0.3691807559732795","0.3691807559732795","0.3691807559732795"
"112149","0.3631753053677726","0.3631753053677726","0.3631753053677726"
"112410","0.3669295825334337","0.3669295825334337","0.3669295825334337"
"112672","0.38067562797870336","0.38067562797870336","0.38067562797870336"
"112932","0.3708101318844919","0.3708101318844919","0.3708101318844919"
"113194","0.35566507053364615","0.35566507053364615","0.35566507053364615"
"113453","0.36909349703583416","0.36909349703583416","0.36909349703583416"
"113714","0.36706811018624985","0.36706811018624985","0.36706811018624985"
"113975","0.3555624999134483","0.3555624999134483","0.3555624999134483"
"114239","0.3683079026871743","0.3683079026871743","0.3683079026871743"
"114506","0.38006004815128247","0.38006004815128247","0.38006004815128247"
"114770","0.3768393943351034","0.3768393943351034","0.3768393943351034"
"115031","0.35227953263835515","0.35227953263835515","0.35227953263835515"
"115292","0.36749793717706114","0.36749793717706114","0.36749793717706114"
"115552","0.3708008033173078","0.3708008033173078","0.3708008033173078"
"115812","0.35724150218064665","0.35724150218064665","0.35724150218064665"
"116075","0.36771003575469924","0.36771003575469924","0.36771003575469924"
"116335","0.36150381408054116","0.36150381408054116","0.36150381408054116"
"116598","0.3609567972318625","0.3609567972318625","0.3609567972318625"
"116861","0.38018947946292225","0.38018947946292225","0.38018947946292225"
"117123","0.3742014553930368","0.3742014553930368","0.3742014553930368"
"117383","0.3860570046884182","0.3860570046884182","0.3860570046884182"
"117646","0.3557419021093699","0.3557419021093699","0.3557419021093699"
"117905","0.35802012248038384","0.35802012248038384","0.35802012248038384"
"118165","0.36567186469340857","0.36567186469340857","0.36567186469340857"
"118430","0.38419936036406754","0.38419936036406754","0.38419936036406754"
"118692","0.37036308847240684","0.37036308847240684","0.37036308847240684"
"118953","0.38418659463926674","0.38418659463926674","0.38418659463926674"
"119214","0.3732621925686933","0.3732621925686933","0.3732621925686933"
"119476","0.4001707964245185","0.4001707964245185","0.4001707964245185"
"119735","0.3830263576194784","0.3830263576194784","0.3830263576194784"
"119995","0.37117473672969936","0.37117473672969936","0.37117473672969936"
"120255","0.366245390356478","0.366245390356478","0.366245390356478"
"120517","0.3660012396249757","0.3660012396249757","0.3660012396249757"
"120783","0.41018915830877667","0.41018915830877667","0.41018915830877667"
"121042","0.3649244563736526","0.3649244563736526","0.3649244563736526"
"121303","0.36529792689296575","0.36529792689296575","0.36529792689296575"
"121562","0.36023688633298195","0.36023688633298195","0.36023688633298195"
"121821","0.3690233086998403","0.3690233086998403","0.3690233086998403"
"122086","0.37310058125926243","0.37310058125926243","0.37310058125926243"
"122346","0.36669608751683636","0.36669608751683636","0.36669608751683636"
"122607","0.36949996739462443","0.36949996739462443","0.36949996739462443"
"122873","0.3687651953653797","0.3687651953653797","0.3687651953653797"
"123136","0.36063831335446633","0.36063831335446633","0.36063831335446633"
"123396","0.3572546747344948","0.3572546747344948","0.3572546747344948"
"123652","0.3630853627478141","0.3630853627478141","0.3630853627478141"
"123908","0.3781969011214436","0.3781969011214436","0.3781969011214436"
"124174","0.3595010087119932","0.3595010087119932","0.3595010087119932"
"124435","0.3517150607509187","0.3517150607509187","0.3517150607509187"
"124696","0.3693177464810459","0.3693177464810459","0.3693177464810459"
"124958","0.3786256880787942","0.3786256880787942","0.3786256880787942"
"125224","0.3994179215405204","0.3994179215405204","0.3994179215405204"
"125482","0.3861573214336775","0.3861573214336775","0.3861573214336775"
"125743","0.37175683936596937","0.37175683936596937","0.37175683936596937"
"126003","0.3575172574357066","0.3575172574357066","0.3575172574357066"
"126264","0.36132720205309987","0.36132720205309987","0.36132720205309987"
"126529","0.3692695173135089","0.3692695173135089","0.3692695173135089"
"126789","0.38633999381055145","0.38633999381055145","0.38633999381055145"
"127053","0.37121395743117486","0.37121395743117486","0.37121395743117486"
"127312","0.3586303207397297","0.3586303207397297","0.3586303207397297"
"127574","0.3578207224880757","0.3578207224880757","0.3578207224880757"
"127837","0.36706946543825597","0.36706946543825597","0.36706946543825597"
"128098","0.360749369586092","0.360749369586092","0.360749369586092"
"128359","0.3829801910898076","0.3829801910898076","0.3829801910898076"
"128621","0.37511342665164343","0.37511342665164343","0.37511342665164343"
"128885","0.355216288761131","0.355216288761131","0.355216288761131"
"129145","0.3638687725846327","0.3638687725846327","0.3638687725846327"
"129403","0.3686065094960019","0.3686065094960019","0.3686065094960019"
"129666","0.3875956914459098","0.3875956914459098","0.3875956914459098"
"129927","0.37411147873604805","0.37411147873604805","0.37411147873604805"
"130188","0.3738817203539345","0.3738817203539345","0.3738817203539345"
"130452","0.37374067808518446","0.37374067808518446","0.37374067808518446"
"130711","0.37104587781337056","0.37104587781337056","0.37104587781337056"
"130974","0.37290667063181654","0.37290667063181654","0.37290667063181654"
"131233","0.3613501547477566","0.3613501547477566","0.3613501547477566"
"131495","0.36871516410649224","0.36871516410649224","0.36871516410649224"
"131755","0.3670042708764892","0.3670042708764892","0.3670042708764892"
"132012","0.36447116443243194","0.36447116443243194","0.36447116443243194"
"132277","0.3784839172417601","0.3784839172417601","0.3784839172417601"
"132535","0.34922212591363133","0.34922212591363133","0.34922212591363133"
"132796","0.36766271879493706","0.36766271879493706","0.36766271879493706"
"133062","0.3669277265004293","0.3669277265004293","0.3669277265004293"
"133324","0.37813165996679693","0.37813165996679693","0.37813165996679693"
"133588","0.36440290778867906","0.36440290778867906","0.36440290778867906"
"133850","0.36848272150931516","0.36848272150931516","0.36848272150931516"
"134108","0.3579086219980047","0.3579086219980047","0.3579086219980047"
"134372","0.3921251451271255","0.3921251451271255","0.3921251451271255"
"134630","0.36542499620845775","0.36542499620845775","0.36542499620845775"
"134891","0.3766047877635578","0.3766047877635578","0.3766047877635578"
"135151","0.3484491873944565","0.3484491873944565","0.3484491873944565"
"135407","0.3700403322176519","0.3700403322176519","0.3700403322176519"
"135665","0.36260424045811523","0.36260424045811523","0.36260424045811523"
"135926","0.35521482050502445","0.35521482050502445","0.35521482050502445"
"136189","0.36142909609971713","0.36142909609971713","0.36142909609971713"
"136449","0.36738307342644616","0.36738307342644616","0.36738307342644616"
"136707","0.37481042559232336","0.37481042559232336","0.37481042559232336"
"136964","0.35712005364016824","0.35712005364016824","0.35712005364016824"
"137228","0.3624306537909857","0.3624306537909857","0.3624306537909857"
"137492","0.36160227776215786","0.36160227776215786","0.36160227776215786"
"137752","0.3874976382393546","0.3874976382393546","0.3874976382393546"
"138012","0.3843137913425248","0.3843137913425248","0.3843137913425248"
"138274","0.37684349525774247","0.37684349525774247","0.37684349525774247"
"138531","0.37215370610711485","0.37215370610711485","0.37215370610711485"
"138793","0.36097220061854823","0.36097220061854823","0.36097220061854823"
"139051","0.3541487050027498","0.3541487050027498","0.3541487050027498"
"139311","0.3455318025160163","0.3455318025160163","0.3455318025160163"
"139572","0.3864742948310201","0.3864742948310201","0.3864742948310201"
"139834","0.3615032873790299","0.3615032873790299","0.3615032873790299"
"140089","0.3611985481740243","0.3611985481740243","0.3611985481740243"
"140353","0.37968816278340595","0.37968816278340595","0.37968816278340595"
"140617","0.37278170013229694","0.37278170013229694","0.37278170013229694"
"140880","0.3747114372763811","0.3747114372763811","0.3747114372763811"
"141142","0.3806416193016048","0.3806416193016048","0.3806416193016048"
"141398","0.35599406183519705","0.35599406183519705","0.35599406183519705"
"141660","0.36072562979443457","0.36072562979443457","0.36072562979443457"
"141921","0.37159988746203493","0.37159988746203493","0.37159988746203493"
"142183","0.36971565388381467","0.36971565388381467","0.36971565388381467"
"142439","0.369853349192938","0.369853349192938","0.369853349192938"
"142698","0.3536015190294655","0.3536015190294655","0.3536015190294655"
"142959","0.3598787242944967","0.3598787242944967","0.3598787242944967"
"143221","0.38695194657499477","0.38695194657499477","0.38695194657499477"
"143484","0.4011843339439124","0.4011843339439124","0.4011843339439124"
"143746","0.3759617504792391","0.3759617504792391","0.3759617504792391"
"144009","0.36556387086505426","0.36556387086505426","0.36556387086505426"
"144271","0.37494855063054816","0.37494855063054816","0.37494855063054816"
"144532","0.36218900378111935","0.36218900378111935","0.36218900378111935"
"144790","0.3542680890041222","0.3542680890041222","0.3542680890041222"
"145051","0.35910728553470717","0.35910728553470717","0.35910728553470717"
"145309","0.36590955650885565","0.36590955650885565","0.36590955650885565"
"145576","0.37963285385968565","0.37963285385968565","0.37963285385968565"
"145842","0.3782701543496344","0.3782701543496344","0.3782701543496344"
"146105","0.35210413380964106","0.35210413380964106","0.35210413380964106"
"146367","0.3595641628446341","0.3595641628446341","0.3595641628446341"
"146630","0.35979589788913663","0.35979589788913663","0.35979589788913663"
"146888","0.35344258754943997","0.35344258754943997","0.35344258754943997"
"147154","0.37701176877656867","0.37701176877656867","0.37701176877656867"
"147415","0.35779198696392034","0.35779198696392034","0.35779198696392034"
"147672","0.3587715280784421","0.3587715280784421","0.3587715280784421"
"147932","0.3775453879956331","0.3775453879956331","0.3775453879956331"
"148191","0.36232004099373677","0.36232004099373677","0.36232004099373677"
"148456","0.37955566035391336","0.37955566035391336","0.37955566035391336"
"148715","0.3595364298071497","0.3595364298071497","0.3595364298071497"
"148976","0.3569692985167256","0.3569692985167256","0.3569692985167256"
"149239","0.3589516937656642","0.3589516937656642","0.3589516937656642"
"149500","0.3743628223077007","0.3743628223077007","0.3743628223077007"
"149763","0.358620041360941","0.358620041360941","0.358620041360941"
"150024","0.36751788563081206","0.36751788563081206","0.36751788563081206"
"150285","0.35893249248906717","0.35893249248906717","0.35893249248906717"
"150542","0.3909190847957462","0.3909190847957462","0.3909190847957462"
"150807","0.3625962586474862","0.3625962586474862","0.3625962586474862"
"151072","0.3690520022271785","0.3690520022271785","0.3690520022271785"
"151332","0.3597201659850788","0.3597201659850788","0.3597201659850788"
"151593","0.37904919125518843","0.37904919125518843","0.37904919125518843"
"151854","0.40452999150596897","0.40452999150596897","0.40452999150596897"
"152117","0.37441414922162425","0.37441414922162425","0.37441414922162425"
"152382","0.3825778396346295","0.3825778396346295","0.3825778396346295"
"152641","0.3847348670190303","0.3847348670190303","0.3847348670190303"
"152903","0.3764192844980517","0.3764192844980517","0.3764192844980517"
"153164","0.3706996643094179","0.3706996643094179","0.3706996643094179"
"153427","0.37669048252392356","0.37669048252392356","0.37669048252392356"
"153690","0.3634037220150792","0.3634037220150792","0.3634037220150792"
"153949","0.3559731951138291","0.3559731951138291","0.3559731951138291"
"154211","0.36563507405162804","0.36563507405162804","0.36563507405162804"
"154476","0.3630054342873993","0.3630054342873993","0.3630054342873993"
"154738","0.36665311269783024","0.36665311269783024","0.36665311269783024"
"154996","0.36785500082702266","0.36785500082702266","0.36785500082702266"
"155256","0.35399706362918415","0.35399706362918415","0.35399706362918415"
"155520","0.3714329685961111","0.3714329685961111","0.3714329685961111"
"155781","0.3613313543199664","0.3613313543199664","0.3613313543199664"
"156041","0.36389633304267704","0.36389633304267704","0.36389633304267704"
"156298","0.36294363506368915","0.36294363506368915","0.36294363506368915"
"156559","0.36329048048139007","0.36329048048139007","0.36329048048139007"
"156821","0.36409448875515565","0.36409448875515565","0.36409448875515565"
"157085","0.3650445060283363","0.3650445060283363","0.3650445060283363"
"157347","0.35058071852278194","0.35058071852278194","0.35058071852278194"
"157612","0.3559871081819834","0.3559871081819834","0.3559871081819834"
"157875","0.35897675994553874","0.35897675994553874","0.35897675994553874"
"158138","0.3666914145569295","0.3666914145569295","0.3666914145569295"
"158402","0.3648132658848529","0.3648132658848529","0.3648132658848529"
"158662","0.3662599500310832","0.3662599500310832","0.3662599500310832"
"158925","0.355290935850233","0.355290935850233","0.355290935850233"
"159182","0.35315713909578644","0.35315713909578644","0.35315713909578644"
"159444","0.36661062669564964","0.36661062669564964","0.36661062669564964"
"159709","0.36163421977890364","0.36163421977890364","0.36163421977890364"
"159973","0.36221086402328273","0.36221086402328273","0.36221086402328273"
"160230","0.3566262382045021","0.3566262382045021","0.3566262382045021"
"160492","0.37074576178103236","0.37074576178103236","0.37074576178103236"
"160753","0.3560557658211735","0.3560557658211735","0.3560557658211735"
"161016","0.35636831012604986","0.35636831012604986","0.35636831012604986"
"161275","0.3684365460749108","0.3684365460749108","0.3684365460749108"
"161535","0.3487044579058723","0.3487044579058723","0.3487044579058723"
"161795","0.3605921701798759","0.3605921701798759","0.3605921701798759"
"162054","0.35206785720158973","0.35206785720158973","0.35206785720158973"
"162313","0.37082111010612817","0.37082111010612817","0.37082111010612817"
"162573","0.3568447510327366","0.3568447510327366","0.3568447510327366"
"162837","0.3724524710365277","0.3724524710365277","0.3724524710365277"
"163099","0.36800348432173635","0.36800348432173635","0.36800348432173635"
"163362","0.38413583181243266","0.38413583181243266","0.38413583181243266"
"163625","0.37931748689987793","0.37931748689987793","0.37931748689987793"
"163888","0.36380490526321274","0.36380490526321274","0.36380490526321274"
"164150","0.39076079465263525","0.39076079465263525","0.39076079465263525"
"164410","0.365023745904654","0.365023745904654","0.365023745904654"
"164671","0.3586450957324696","0.3586450957324696","0.3586450957324696"
"164935","0.36772268709445477","0.36772268709445477","0.36772268709445477"
"165199","0.37063726865375374","0.37063726865375374","0.37063726865375374"
"165461","0.3603829693948958","0.3603829693948958","0.3603829693948958"
"165719","0.3569803669514096","0.3569803669514096","0.3569803669514096"
"165977","0.3682920805342012","0.3682920805342012","0.3682920805342012"
"166240","0.36940705937317125","0.36940705937317125","0.36940705937317125"
"166500","0.36052199888061015","0.36052199888061015","0.36052199888061015"
"166757","0.3562726742671362","0.3562726742671362","0.3562726742671362"
"167019","0.3621310713815822","0.3621310713815822","0.3621310713815822"
"167282","0.35919442403253515","0.35919442403253515","0.35919442403253515"
"167542","0.3795010286997869","0.3795010286997869","0.3795010286997869"
"167803","0.36488010420799766","0.36488010420799766","0.36488010420799766"
"168062","0.36390693106478966","0.36390693106478966","0.36390693106478966"
"168321","0.3650035771897679","0.3650035771897679","0.3650035771897679"
"168578","0.3498990752819674","0.3498990752819674","0.3498990752819674"
"168838","0.35015988596396536","0.35015988596396536","0.35015988596396536"
"169101","0.3710880659614909","0.3710880659614909","0.3710880659614909"
"169364","0.3587376904041249","0.3587376904041249","0.3587376904041249"
"169622","0.36219329576213305","0.36219329576213305","0.36219329576213305"
"169886","0.35803121763696855","0.35803121763696855","0.35803121763696855"
"170146","0.3566303740298088","0.3566303740298088","0.3566303740298088"
"170408","0.36632119596354396","0.36632119596354396","0.36632119596354396"
"170668","0.3655060325898895","0.3655060325898895","0.3655060325898895"
"170929","0.36974668879932854","0.36974668879932854","0.36974668879932854"
"171192","0.3664621382991519","0.3664621382991519","0.3664621382991519"
"171450","0.3553901662994942","0.3553901662994942","0.3553901662994942"
"171712","0.36599837480342184","0.36599837480342184","0.36599837480342184"
"171970","0.34951861754242747","0.34951861754242747","0.34951861754242747"
"172237","0.3697347337364682","0.3697347337364682","0.3697347337364682"
"172498","0.3669200048888425","0.3669200048888425","0.3669200048888425"
"172761","0.3583808884102884","0.3583808884102884","0.3583808884102884"
"173024","0.36554043292849336","0.36554043292849336","0.36554043292849336"
"173285","0.3637524128006041","0.3637524128006041","0.3637524128006041"
"173545","0.3645610163305238","0.3645610163305238","0.3645610163305238"
"173808","0.3572463744412397","0.3572463744412397","0.3572463744412397"
"174070","0.3688355766622173","0.3688355766622173","0.3688355766622173"
"174333","0.35352477019572887","0.35352477019572887","0.35352477019572887"
"174597","0.36953471758261347","0.36953471758261347","0.36953471758261347"
"174856","0.36062018433123","0.36062018433123","0.36062018433123"
"175116","0.3650069394580091","0.3650069394580091","0.3650069394580091"
"175376","0.3524773670197288","0.3524773670197288","0.3524773670197288"
"175633","0.35886369266686063","0.35886369266686063","0.35886369266686063"
"175893","0.371446968011881","0.371446968011881","0.371446968011881"
"176155","0.374288820262893","0.374288820262893","0.374288820262893"
"176412","0.36913719649843796","0.36913719649843796","0.36913719649843796"
"176676","0.3836947100677374","0.3836947100677374","0.3836947100677374"
"176944","0.3635781644413526","0.3635781644413526","0.3635781644413526"
"177206","0.35969188989019696","0.35969188989019696","0.35969188989019696"
"177466","0.353248547500474","0.353248547500474","0.353248547500474"
"177733","0.3576927510241183","0.3576927510241183","0.3576927510241183"
"177992","0.3504679590274135","0.3504679590274135","0.3504679590274135"
"178249","0.3574521672830787","0.3574521672830787","0.3574521672830787"
"178506","0.36336646555654584","0.36336646555654584","0.36336646555654584"
"178765","0.37435183807428285","0.37435183807428285","0.37435183807428285"
"179029","0.36120066608619145","0.36120066608619145","0.36120066608619145"
"179294","0.3741636266700887","0.3741636266700887","0.3741636266700887"
"179555","0.3624613914636519","0.3624613914636519","0.3624613914636519"
"179813","0.362962194226694","0.362962194226694","0.362962194226694"
"180078","0.36114243183857936","0.36114243183857936","0.36114243183857936"
"180334","0.3602624978829997","0.3602624978829997","0.3602624978829997"
"180596","0.37218162693898194","0.37218162693898194","0.37218162693898194"
"180856","0.34704757739134284","0.34704757739134284","0.34704757739134284"
"181116","0.35890341817600413","0.35890341817600413","0.35890341817600413"
"181376","0.35776242086946436","0.35776242086946436","0.35776242086946436"
"181635","0.36389849155623766","0.36389849155623766","0.36389849155623766"
"181895","0.37858940389084567","0.37858940389084567","0.37858940389084567"
"182151","0.369078128937018","0.369078128937018","0.369078128937018"
"182410","0.3985154663764311","0.3985154663764311","0.3985154663764311"
"182667","0.3906523761580148","0.3906523761580148","0.3906523761580148"
"182925","0.36162250459227124","0.36162250459227124","0.36162250459227124"
"183186","0.36208138658390776","0.36208138658390776","0.36208138658390776"
"183448","0.3633696497069521","0.3633696497069521","0.3633696497069521"
"183714","0.3624327220692012","0.3624327220692012","0.3624327220692012"
"183977","0.368596197634831","0.368596197634831","0.368596197634831"
"184240","0.42137158280393877","0.42137158280393877","0.42137158280393877"
"184505","0.36744001300605716","0.36744001300605716","0.36744001300605716"
"184766","0.36842871276950767","0.36842871276950767","0.36842871276950767"
"185024","0.36845855387097026","0.36845855387097026","0.36845855387097026"
"185289","0.3751872917416479","0.3751872917416479","0.3751872917416479"
"185547","0.3638003823551004","0.3638003823551004","0.3638003823551004"
"185810","0.3826497594263958","0.3826497594263958","0.3826497594263958"
"186068","0.3592224654251208","0.3592224654251208","0.3592224654251208"
"186329","0.3606856093100554","0.3606856093100554","0.3606856093100554"
"186590","0.36315454234902744","0.36315454234902744","0.36315454234902744"
"186852","0.3635671251485717","0.3635671251485717","0.3635671251485717"
"187114","0.35454938822458015","0.35454938822458015","0.35454938822458015"
"187373","0.3537760608518371","0.3537760608518371","0.3537760608518371"
"187636","0.384551099431712","0.384551099431712","0.384551099431712"
"187899","0.3707709510014551","0.3707709510014551","0.3707709510014551"
"188160","0.3537955373246653","0.3537955373246653","0.3537955373246653"
"188422","0.3548049124864189","0.3548049124864189","0.3548049124864189"
"188686","0.4124010289210811","0.4124010289210811","0.4124010289210811"
"188952","0.38727213976776254","0.38727213976776254","0.38727213976776254"
"189212","0.3512969582839903","0.3512969582839903","0.3512969582839903"
"189475","0.359444630383415","0.359444630383415","0.359444630383415"
"189737","0.36412957744778046","0.36412957744778046","0.36412957744778046"
"189995","0.36429038775554023","0.36429038775554023","0.36429038775554023"
"190256","0.36918412681429","0.36918412681429","0.36918412681429"
"190519","0.3664992476284776","0.3664992476284776","0.3664992476284776"
"190781","0.37857341910324555","0.37857341910324555","0.37857341910324555"
"191045","0.3769964055356593","0.3769964055356593","0.3769964055356593"
"191308","0.3918595796545171","0.3918595796545171","0.3918595796545171"
"191568","0.35092201615602925","0.35092201615602925","0.35092201615602925"
"191835","0.3578392712958675","0.3578392712958675","0.3578392712958675"
"192096","0.3611681158341052","0.3611681158341052","0.3611681158341052"
"192358","0.36013960103771364","0.36013960103771364","0.36013960103771364"
"192615","0.3558749952707503","0.3558749952707503","0.3558749952707503"
"192874","0.3625716621178211","0.3625716621178211","0.3625716621178211"
"193136","0.375032978100155","0.375032978100155","0.375032978100155"
"193397","0.37783412691399676","0.37783412691399676","0.37783412691399676"
"193657","0.37583729369071356","0.37583729369071356","0.37583729369071356"
"193923","0.3623707778982025","0.3623707778982025","0.3623707778982025"
"194184","0.3642495477198975","0.3642495477198975","0.3642495477198975"
"194447","0.3729786327126834","0.3729786327126834","0.3729786327126834"
"194711","0.35696676241852565","0.35696676241852565","0.35696676241852565"
"194972","0.35482228401624627","0.35482228401624627","0.35482228401624627"
"195233","0.36530153662421805","0.36530153662421805","0.36530153662421805"
"195494","0.3503969204510103","0.3503969204510103","0.3503969204510103"
"195759","0.39824059044296073","0.39824059044296073","0.39824059044296073"
"196020","0.36321516574088647","0.36321516574088647","0.36321516574088647"
"196281","0.36181664520371043","0.36181664520371043","0.36181664520371043"
"196540","0.35291534231142035","0.35291534231142035","0.35291534231142035"
"196803","0.36140626380788354","0.36140626380788354","0.36140626380788354"
"197059","0.35666904689252776","0.35666904689252776","0.35666904689252776"
"197323","0.3659472722543734","0.3659472722543734","0.3659472722543734"
"197592","0.3663271671502205","0.3663271671502205","0.3663271671502205"
"197856","0.35348939872438795","0.35348939872438795","0.35348939872438795"
"198122","0.3820449456657765","0.3820449456657765","0.3820449456657765"
"198387","0.3576446719598882","0.3576446719598882","0.3576446719598882"
"198646","0.3656569629504441","0.3656569629504441","0.3656569629504441"
"198908","0.3556283768903637","0.3556283768903637","0.3556283768903637"
"199171","0.3677874370792214","0.3677874370792214","0.3677874370792214"
"199432","0.3529327098637896","0.3529327098637896","0.3529327098637896"
"199699","0.36723736300158427","0.36723736300158427","0.36723736300158427"
"199960","0.37894460944717","0.37894460944717","0.37894460944717"
"200223","0.3771439429688265","0.3771439429688265","0.3771439429688265"
"200483","0.36462640424638904","0.36462640424638904","0.36462640424638904"
"200742","0.35832684673951565","0.35832684673951565","0.35832684673951565"
"201004","0.3600471854082265","0.3600471854082265","0.3600471854082265"
"201267","0.3801308347350035","0.3801308347350035","0.3801308347350035"
"201525","0.36134672543842683","0.36134672543842683","0.36134672543842683"
"201788","0.3832429088587877","0.3832429088587877","0.3832429088587877"
"202052","0.3771519742227941","0.3771519742227941","0.3771519742227941"
"202316","0.37549364932064316","0.37549364932064316","0.37549364932064316"
"202578","0.35950528797603154","0.35950528797603154","0.35950528797603154"
"202838","0.36952321513055847","0.36952321513055847","0.36952321513055847"
"203099","0.35719112120505364","0.35719112120505364","0.35719112120505364"
"203362","0.4095375130699767","0.4095375130699767","0.4095375130699767"
"203628","0.34870306173865745","0.34870306173865745","0.34870306173865745"
"203884","0.35184779293912644","0.35184779293912644","0.35184779293912644"
"204144","0.3538603186779642","0.3538603186779642","0.3538603186779642"
"204405","0.3592876950101579","0.3592876950101579","0.3592876950101579"
"204667","0.36725059070429517","0.36725059070429517","0.36725059070429517"
"204928","0.3788309797588913","0.3788309797588913","0.3788309797588913"
"205191","0.3608493596905972","0.3608493596905972","0.3608493596905972"
"205447","0.36145546190911204","0.36145546190911204","0.36145546190911204"
"205706","0.3615767553046224","0.3615767553046224","0.3615767553046224"
"205966","0.37414444333164565","0.37414444333164565","0.37414444333164565"
"206226","0.3965085909429175","0.3965085909429175","0.3965085909429175"
"206486","0.3667154352161623","0.3667154352161623","0.3667154352161623"
"206747","0.3605585289332695","0.3605585289332695","0.3605585289332695"
"207007","0.3634973464770072","0.3634973464770072","0.3634973464770072"
"207267","0.36385993574400927","0.36385993574400927","0.36385993574400927"
"207527","0.3641464689048794","0.3641464689048794","0.3641464689048794"
"207790","0.38398205949105313","0.38398205949105313","0.38398205949105313"
"208055","0.37356503927485185","0.37356503927485185","0.37356503927485185"
"208315","0.35591869635652873","0.35591869635652873","0.35591869635652873"
"208571","0.3732706417228057","0.3732706417228057","0.3732706417228057"
"208833","0.4078962248093801","0.4078962248093801","0.4078962248093801"
"209093","0.35171866623891723","0.35171866623891723","0.35171866623891723"
"209357","0.3690297837487957","0.3690297837487957","0.3690297837487957"
"209619","0.35482167101692785","0.35482167101692785","0.35482167101692785"
"209878","0.37142587902978264","0.37142587902978264","0.37142587902978264"
"210142","0.35377717228235134","0.35377717228235134","0.35377717228235134"
"210401","0.35879684601010525","0.35879684601010525","0.35879684601010525"
"210668","0.3606162678261171","0.3606162678261171","0.3606162678261171"
"210930","0.3573401114013527","0.3573401114013527","0.3573401114013527"
"211191","0.3584632101672109","0.3584632101672109","0.3584632101672109"
"211448","0.35122611724785274","0.35122611724785274","0.35122611724785274"
"211709","0.35590512789939777","0.35590512789939777","0.35590512789939777"
"211972","0.3800849679826452","0.3800849679826452","0.3800849679826452"
"212231","0.351607539273155","0.351607539273155","0.351607539273155"
"212493","0.3813409574478845","0.3813409574478845","0.3813409574478845"
"212759","0.38301350368573417","0.38301350368573417","0.38301350368573417"
"213022","0.3605380851424315","0.3605380851424315","0.3605380851424315"
"213285","0.35354967606366794","0.35354967606366794","0.35354967606366794"
"213549","0.36118478593482406","0.36118478593482406","0.36118478593482406"
"213808","0.35434112512288934","0.35434112512288934","0.35434112512288934"
"214065","0.3724862658992956","0.3724862658992956","0.3724862658992956"
"214333","0.3770916439801507","0.3770916439801507","0.3770916439801507"
"214594","0.3637934097190488","0.3637934097190488","0.3637934097190488"
"214855","0.37357068041691","0.37357068041691","0.37357068041691"
"215116","0.3484063554225079","0.3484063554225079","0.3484063554225079"
"215377","0.3654298592866987","0.3654298592866987","0.3654298592866987"
"215639","0.3615872890055415","0.3615872890055415","0.3615872890055415"
"215902","0.3660447684288413","0.3660447684288413","0.3660447684288413"
"216160","0.36238078555771425","0.36238078555771425","0.36238078555771425"
"216418","0.3599787398053958","0.3599787398053958","0.3599787398053958"
"216676","0.3697298510393747","0.3697298510393747","0.3697298510393747"
"216939","0.3616849957781699","0.3616849957781699","0.3616849957781699"
"217201","0.35969783892744633","0.35969783892744633","0.35969783892744633"
"217458","0.3544435386784071","0.3544435386784071","0.3544435386784071"
"217717","0.35493076087092934","0.35493076087092934","0.35493076087092934"
"217978","0.36191335019188353","0.36191335019188353","0.36191335019188353"
"218240","0.3702164421278352","0.3702164421278352","0.3702164421278352"
"218498","0.3556768638119914","0.3556768638119914","0.3556768638119914"
"218762","0.3598268636419424","0.3598268636419424","0.3598268636419424"
"219020","0.35353449243887325","0.35353449243887325","0.35353449243887325"
"219282","0.360694106644705","0.360694106644705","0.360694106644705"
"219542","0.36312769710935894","0.36312769710935894","0.36312769710935894"
"219802","0.373957784827884","0.373957784827884","0.373957784827884"
"220064","0.3622969249889947","0.3622969249889947","0.3622969249889947"
"220324","0.3588252917005582","0.3588252917005582","0.3588252917005582"
"220584","0.3561946985689823","0.3561946985689823","0.3561946985689823"
"220846","0.3640635550785934","0.3640635550785934","0.3640635550785934"
"221109","0.3584995808877372","0.3584995808877372","0.3584995808877372"
"221370","0.36891739459657014","0.36891739459657014","0.36891739459657014"
"221638","0.38548552898274413","0.38548552898274413","0.38548552898274413"
"221902","0.3553703427703679","0.3553703427703679","0.3553703427703679"
"222165","0.36813238299943263","0.36813238299943263","0.36813238299943263"
"222425","0.3627079496567992","0.3627079496567992","0.3627079496567992"
"222685","0.38276194888349535","0.38276194888349535","0.38276194888349535"
"222947","0.36241895950130854","0.36241895950130854","0.36241895950130854"
"223202","0.3509706510871988","0.3509706510871988","0.3509706510871988"
"223465","0.3629488969658296","0.3629488969658296","0.3629488969658296"
"223727","0.3600793997340147","0.3600793997340147","0.3600793997340147"
"223985","0.3519486605978466","0.3519486605978466","0.3519486605978466"
"224242","0.35200058561063735","0.35200058561063735","0.35200058561063735"
"224502","0.365941008509006","0.365941008509006","0.365941008509006"
"224762","0.3635671418803049","0.3635671418803049","0.3635671418803049"
"225022","0.3703349663836499","0.3703349663836499","0.3703349663836499"
"225285","0.3755807460411886","0.3755807460411886","0.3755807460411886"
"225548","0.3673726170075466","0.3673726170075466","0.3673726170075466"
"225809","0.38713352456865185","0.38713352456865185","0.38713352456865185"
"226071","0.3542008339103301","0.3542008339103301","0.3542008339103301"
"226331","0.3568133102241448","0.3568133102241448","0.3568133102241448"
"226590","0.35240695117065507","0.35240695117065507","0.35240695117065507"
"226854","0.37321091905304266","0.37321091905304266","0.37321091905304266"
"227113","0.3697537610294463","0.3697537610294463","0.3697537610294463"
"227375","0.37694622290734237","0.37694622290734237","0.37694622290734237"
"227639","0.35711548515018354","0.35711548515018354","0.35711548515018354"
"227900","0.36216998197292616","0.36216998197292616","0.36216998197292616"
"228167","0.3705510042556662","0.3705510042556662","0.3705510042556662"
"228429","0.3854974833199773","0.3854974833199773","0.3854974833199773"
"228687","0.3758916986220897","0.3758916986220897","0.3758916986220897"
"228949","0.3563436854687559","0.3563436854687559","0.3563436854687559"
"229211","0.3507811493137992","0.3507811493137992","0.3507811493137992"
"229475","0.36036562753752904","0.36036562753752904","0.36036562753752904"
"229738","0.36451556723411405","0.36451556723411405","0.36451556723411405"
"230000","0.3547853960681371","0.3547853960681371","0.3547853960681371"
"230265","0.3661171345705081","0.3661171345705081","0.3661171345705081"
"230526","0.35762407375865785","0.35762407375865785","0.35762407375865785"
"230790","0.3606550329189411","0.3606550329189411","0.3606550329189411"
"231051","0.3560180050943734","0.3560180050943734","0.3560180050943734"
"231310","0.3530283760456585","0.3530283760456585","0.3530283760456585"
"231572","0.36900704909484455","0.36900704909484455","0.36900704909484455"
"231831","0.34579438472011254","0.34579438472011254","0.34579438472011254"
"232089","0.3472631710621779","0.3472631710621779","0.3472631710621779"
"232346","0.3666814684753354","0.3666814684753354","0.3666814684753354"
"232607","0.3618497337024024","0.3618497337024024","0.3618497337024024"
"232873","0.36454771650653156","0.36454771650653156","0.36454771650653156"
"233138","0.3542521514151441","0.3542521514151441","0.3542521514151441"
"233393","0.3620349013016564","0.3620349013016564","0.3620349013016564"
"233652","0.35026763539503797","0.35026763539503797","0.35026763539503797"
"233916","0.3624631072746944","0.3624631072746944","0.3624631072746944"
"234179","0.3542437293498083","0.3542437293498083","0.3542437293498083"
"234443","0.3539376013831257","0.3539376013831257","0.3539376013831257"
"234707","0.37290961486787605","0.37290961486787605","0.37290961486787605"
"234966","0.35279983493667083","0.35279983493667083","0.35279983493667083"
"235229","0.3605218803591516","0.3605218803591516","0.3605218803591516"
"235490","0.3708900751474478","0.3708900751474478","0.3708900751474478"
"235752","0.3620385450931106","0.3620385450931106","0.3620385450931106"
"236015","0.35270594721035387","0.35270594721035387","0.35270594721035387"
"236274","0.36846647809648037","0.36846647809648037","0.36846647809648037"
"236535","0.3562672832673833","0.3562672832673833","0.3562672832673833"
"236799","0.3859749203230988","0.3859749203230988","0.3859749203230988"
"237061","0.3522468429630708","0.3522468429630708","0.3522468429630708"
"237324","0.3549938228670968","0.3549938228670968","0.3549938228670968"
"237587","0.36083630110109044","0.36083630110109044","0.36083630110109044"
"237843","0.35960945302767905","0.35960945302767905","0.35960945302767905"
"238100","0.3615134735879917","0.3615134735879917","0.3615134735879917"
"238360","0.3586625616496717","0.3586625616496717","0.3586625616496717"
"238623","0.35747157693659765","0.35747157693659765","0.35747157693659765"
"238882","0.35385046153022753","0.35385046153022753","0.35385046153022753"
"239140","0.356418027919332","0.356418027919332","0.356418027919332"
"239399","0.36707159532105343","0.36707159532105343","0.36707159532105343"
"239662","0.36837626923921263","0.36837626923921263","0.36837626923921263"
"239920","0.34580060427729087","0.34580060427729087","0.34580060427729087"
"240182","0.3678727601212184","0.3678727601212184","0.3678727601212184"
"240445","0.3709836651243455","0.3709836651243455","0.3709836651243455"
"240711","0.36251126789561483","0.36251126789561483","0.36251126789561483"
"240972","0.3638134227656247","0.3638134227656247","0.3638134227656247"
"241235","0.36267719274779553","0.36267719274779553","0.36267719274779553"
"241499","0.3623190780906489","0.3623190780906489","0.3623190780906489"
"241758","0.36665329221118903","0.36665329221118903","0.36665329221118903"
"242016","0.36584496651597037","0.36584496651597037","0.36584496651597037"
"242279","0.3854378212957414","0.3854378212957414","0.3854378212957414"
"242537","0.34886449456203616","0.34886449456203616","0.34886449456203616"
"242802","0.3758724536912732","0.3758724536912732","0.3758724536912732"
"243065","0.3656767695915493","0.3656767695915493","0.3656767695915493"
"243327","0.3596462095426878","0.3596462095426878","0.3596462095426878"
"243590","0.3556919657973176","0.3556919657973176","0.3556919657973176"
"243857","0.3594721105465345","0.3594721105465345","0.3594721105465345"
"244119","0.3740500259388436","0.3740500259388436","0.3740500259388436"
"244380","0.3597644285185953","0.3597644285185953","0.3597644285185953"
"244644","0.3766235308025308","0.3766235308025308","0.3766235308025308"
"244908","0.37048651678483246","0.37048651678483246","0.37048651678483246"
"245169","0.3532018512765447","0.3532018512765447","0.3532018512765447"
"245429","0.3563612405751393","0.3563612405751393","0.3563612405751393"
"245691","0.3782655426614539","0.3782655426614539","0.3782655426614539"
"245953","0.3713392907838528","0.3713392907838528","0.3713392907838528"
"246212","0.3562380873129288","0.3562380873129288","0.3562380873129288"
"246473","0.364656420087963","0.364656420087963","0.364656420087963"
"246731","0.3560340527662003","0.3560340527662003","0.3560340527662003"
"246994","0.3613294433438888","0.3613294433438888","0.3613294433438888"
"247253","0.36758232032684296","0.36758232032684296","0.36758232032684296"
"247514","0.37515573957197385","0.37515573957197385","0.37515573957197385"
"247779","0.36502669267708476","0.36502669267708476","0.36502669267708476"
"248040","0.3472901984733701","0.3472901984733701","0.3472901984733701"
"248302","0.3736210756126115","0.3736210756126115","0.3736210756126115"
"248563","0.366782257861849","0.366782257861849","0.366782257861849"
"248826","0.3553916032505683","0.3553916032505683","0.3553916032505683"
"249088","0.3650585951391101","0.3650585951391101","0.3650585951391101"
"249347","0.39641515571425373","0.39641515571425373","0.39641515571425373"
"249611","0.39339829570402934","0.39339829570402934","0.39339829570402934"
"249877","0.3620799071324062","0.3620799071324062","0.3620799071324062"
"250136","0.3606007007186852","0.3606007007186852","0.3606007007186852"
"250393","0.3556917999602485","0.3556917999602485","0.3556917999602485"
"250659","0.3634942273888847","0.3634942273888847","0.3634942273888847"
"250920","0.3621717371157143","0.3621717371157143","0.3621717371157143"
"251180","0.351531758159088","0.351531758159088","0.351531758159088"
"251440","0.35985200512488336","0.35985200512488336","0.35985200512488336"
"251699","0.3582631313071873","0.3582631313071873","0.3582631313071873"
"251959","0.3523896285426466","0.3523896285426466","0.3523896285426466"
"252221","0.35817363910333205","0.35817363910333205","0.35817363910333205"
"252483","0.3554074924584265","0.3554074924584265","0.3554074924584265"
"252745","0.3663811705955873","0.3663811705955873","0.3663811705955873"
"253006","0.3614682549614994","0.3614682549614994","0.3614682549614994"
"253269","0.3533459889634821","0.3533459889634821","0.3533459889634821"
"253529","0.35145103218008333","0.35145103218008333","0.35145103218008333"
"253790","0.3631831873017256","0.3631831873017256","0.3631831873017256"
"254050","0.381438828728056","0.381438828728056","0.381438828728056"
"254318","0.378822209794811","0.378822209794811","0.378822209794811"
"254583","0.36789864104166725","0.36789864104166725","0.36789864104166725"
"254843","0.35640443832485824","0.35640443832485824","0.35640443832485824"
"255105","0.3645884951613026","0.3645884951613026","0.3645884951613026"
"255367","0.35752983059291127","0.35752983059291127","0.35752983059291127"
"255626","0.3718155182973568","0.3718155182973568","0.3718155182973568"
"255885","0.3597001600025928","0.3597001600025928","0.3597001600025928"
"256143","0.3546988306168905","0.3546988306168905","0.3546988306168905"
"256402","0.35349660870343186","0.35349660870343186","0.35349660870343186"
"256659","0.3435066952310664","0.3435066952310664","0.3435066952310664"
"256921","0.34949647271324386","0.34949647271324386","0.34949647271324386"
"257178","0.34881015907937396","0.34881015907937396","0.34881015907937396"
"257437","0.3824909501753992","0.3824909501753992","0.3824909501753992"
"257697","0.3699308851456193","0.3699308851456193","0.3699308851456193"
"257956","0.3557602085059214","0.3557602085059214","0.3557602085059214"
"258217","0.36155608161814223","0.36155608161814223","0.36155608161814223"
"258477","0.3587880539390394","0.3587880539390394","0.3587880539390394"
"258739","0.3689292569112643","0.3689292569112643","0.3689292569112643"
"258999","0.3562631576278637","0.3562631576278637","0.3562631576278637"
"259264","0.3710499827658262","0.3710499827658262","0.3710499827658262"
"259525","0.36720451173931984","0.36720451173931984","0.36720451173931984"
"259782","0.34907323331633683","0.34907323331633683","0.34907323331633683"
"260045","0.3628238037098058","0.3628238037098058","0.3628238037098058"
"260312","0.3639815758172729","0.3639815758172729","0.3639815758172729"
"260575","0.35995383822704546","0.35995383822704546","0.35995383822704546"
"260842","0.36730017845902213","0.36730017845902213","0.36730017845902213"
"261103","0.36512255289160905","0.36512255289160905","0.36512255289160905"
"261369","0.3690883160768794","0.3690883160768794","0.3690883160768794"
"261630","0.36328752800981773","0.36328752800981773","0.36328752800981773"