"Step","fine tune relabel+random_0_1e-05 - average_loss","fine tune relabel+random_0_1e-05 - average_loss__MIN","fine tune relabel+random_0_1e-05 - average_loss__MAX"
"266","1.26850475900703","1.26850475900703","1.26850475900703"
"519","1.2555689169852822","1.2555689169852822","1.2555689169852822"
"786","1.1754849422376838","1.1754849422376838","1.1754849422376838"
"1041","1.2904904815877132","1.2904904815877132","1.2904904815877132"
"1309","1.193593229741078","1.193593229741078","1.193593229741078"
"1582","1.1238457814298872","1.1238457814298872","1.1238457814298872"
"1850","1.1419463716266263","1.1419463716266263","1.1419463716266263"
"2109","1.0548955448247768","1.0548955448247768","1.0548955448247768"
"2371","1.1917533047497273","1.1917533047497273","1.1917533047497273"
"2635","1.0535756990091125","1.0535756990091125","1.0535756990091125"
"2909","1.1158217970126618","1.1158217970126618","1.1158217970126618"
"3156","1.2124229102866328","1.2124229102866328","1.2124229102866328"
"3423","1.1590581792801948","1.1590581792801948","1.1590581792801948"
"3677","1.2210059511308462","1.2210059511308462","1.2210059511308462"
"3943","1.215681901403277","1.215681901403277","1.215681901403277"
"4196","1.1650476673879142","1.1650476673879142","1.1650476673879142"
"4461","1.1254607016462144","1.1254607016462144","1.1254607016462144"
"4723","1.04207196411736","1.04207196411736","1.04207196411736"
"4986","1.2461362345581593","1.2461362345581593","1.2461362345581593"
"5257","1.112187185389165","1.112187185389165","1.112187185389165"
"5508","1.1019749900933062","1.1019749900933062","1.1019749900933062"
"5772","1.1371361247768172","1.1371361247768172","1.1371361247768172"
"6034","1.2472477043982333","1.2472477043982333","1.2472477043982333"
"6297","1.1590627753238314","1.1590627753238314","1.1590627753238314"
"6554","1.2442642295781565","1.2442642295781565","1.2442642295781565"
"6812","1.245448948753146","1.245448948753146","1.245448948753146"
"7062","1.1975040339404321","1.1975040339404321","1.1975040339404321"
"7319","1.228055698838499","1.228055698838499","1.228055698838499"
"7584","1.2045920264599603","1.2045920264599603","1.2045920264599603"
"7856","1.1777840128443706","1.1777840128443706","1.1777840128443706"
"8123","1.1255811964811715","1.1255811964811715","1.1255811964811715"
"8390","1.133068371536555","1.133068371536555","1.133068371536555"
"8656","1.2578261882731283","1.2578261882731283","1.2578261882731283"
"8931","1.1881872688839383","1.1881872688839383","1.1881872688839383"
"9197","1.1511324456578156","1.1511324456578156","1.1511324456578156"
"9460","1.2598471525272896","1.2598471525272896","1.2598471525272896"
"9721","1.2840077136758343","1.2840077136758343","1.2840077136758343"
"9982","1.177999166033233","1.177999166033233","1.177999166033233"
"10240","1.0698846449883357","1.0698846449883357","1.0698846449883357"
"10508","1.1937073772724676","1.1937073772724676","1.1937073772724676"
"10777","1.0481294617056847","1.0481294617056847","1.0481294617056847"
"11040","1.0614731728789155","1.0614731728789155","1.0614731728789155"
"11305","1.2030490987796039","1.2030490987796039","1.2030490987796039"
"11566","1.140124769200918","1.140124769200918","1.140124769200918"
"11832","1.16975275598018","1.16975275598018","1.16975275598018"
"12092","1.121817974665354","1.121817974665354","1.121817974665354"
"12344","1.159212010195929","1.159212010195929","1.159212010195929"
"12609","1.1831103238067504","1.1831103238067504","1.1831103238067504"
"12875","1.304041690044859","1.304041690044859","1.304041690044859"
"13135","1.0863290373997618","1.0863290373997618","1.0863290373997618"
"13405","1.2099445228666998","1.2099445228666998","1.2099445228666998"
"13661","1.0801204785152718","1.0801204785152718","1.0801204785152718"
"13917","1.1177117964915568","1.1177117964915568","1.1177117964915568"
"14168","1.2691859320357994","1.2691859320357994","1.2691859320357994"
"14437","1.0650029251166375","1.0650029251166375","1.0650029251166375"
"14707","1.2728328787389693","1.2728328787389693","1.2728328787389693"
"14975","1.187159354341426","1.187159354341426","1.187159354341426"
"15247","1.3327838282852147","1.3327838282852147","1.3327838282852147"
"15504","1.305123102976098","1.305123102976098","1.305123102976098"
"15769","0.9924427685757404","0.9924427685757404","0.9924427685757404"
"16031","1.187651179719045","1.187651179719045","1.187651179719045"
"16302","1.218382547347681","1.218382547347681","1.218382547347681"
"16569","1.1227131832750656","1.1227131832750656","1.1227131832750656"
"16826","1.3121406448888162","1.3121406448888162","1.3121406448888162"
"17089","1.2856857874327237","1.2856857874327237","1.2856857874327237"
"17355","1.0738672599811647","1.0738672599811647","1.0738672599811647"
"17609","1.1396716162734202","1.1396716162734202","1.1396716162734202"
"17878","1.2875506826967467","1.2875506826967467","1.2875506826967467"
"18127","1.0984183844628395","1.0984183844628395","1.0984183844628395"
"18391","1.1131005462716093","1.1131005462716093","1.1131005462716093"
"18652","1.1414251608386217","1.1414251608386217","1.1414251608386217"
"18912","1.1251095758096903","1.1251095758096903","1.1251095758096903"
"19171","1.186375575445926","1.186375575445926","1.186375575445926"
"19435","1.132936207352329","1.132936207352329","1.132936207352329"
"19698","1.16690597548476","1.16690597548476","1.16690597548476"
"19957","1.1635049408863807","1.1635049408863807","1.1635049408863807"
"20227","1.2131701186898647","1.2131701186898647","1.2131701186898647"
"20496","1.131316386366746","1.131316386366746","1.131316386366746"
"20764","1.2752820437705075","1.2752820437705075","1.2752820437705075"
"21032","1.2351407196637108","1.2351407196637108","1.2351407196637108"
"21300","1.3301345738076487","1.3301345738076487","1.3301345738076487"
"21560","1.2087869488555127","1.2087869488555127","1.2087869488555127"
"21819","1.1131802496047418","1.1131802496047418","1.1131802496047418"
"22086","1.1804976334700499","1.1804976334700499","1.1804976334700499"
"22340","1.128709642012944","1.128709642012944","1.128709642012944"
"22585","1.1234555324768045","1.1234555324768045","1.1234555324768045"
"22851","1.0627334761790712","1.0627334761790712","1.0627334761790712"
"23116","1.1142598347243946","1.1142598347243946","1.1142598347243946"
"23372","1.0756606004273581","1.0756606004273581","1.0756606004273581"
"23621","1.0636108018540982","1.0636108018540982","1.0636108018540982"
"23883","1.012813280340021","1.012813280340021","1.012813280340021"
"24145","1.214628563006669","1.214628563006669","1.214628563006669"
"24417","1.1113463756508053","1.1113463756508053","1.1113463756508053"
"24672","1.0538597565922718","1.0538597565922718","1.0538597565922718"
"24931","1.0442536570874088","1.0442536570874088","1.0442536570874088"
"25192","1.140250706028416","1.140250706028416","1.140250706028416"
"25453","1.01387800079715","1.01387800079715","1.01387800079715"
"25718","1.1239462434141725","1.1239462434141725","1.1239462434141725"
"25978","1.207781257654876","1.207781257654876","1.207781257654876"
"26241","1.2485163224808336","1.2485163224808336","1.2485163224808336"
"26504","1.281440825682812","1.281440825682812","1.281440825682812"
"26760","1.109176778203659","1.109176778203659","1.109176778203659"
"27013","1.067764477668846","1.067764477668846","1.067764477668846"
"27276","1.1276309972704557","1.1276309972704557","1.1276309972704557"
"27534","1.2019549586658316","1.2019549586658316","1.2019549586658316"
"27797","1.2174829757599919","1.2174829757599919","1.2174829757599919"
"28049","1.208905933157204","1.208905933157204","1.208905933157204"
"28319","1.1079805331430106","1.1079805331430106","1.1079805331430106"
"28590","1.1430092194014125","1.1430092194014125","1.1430092194014125"
"28861","1.1923978789971226","1.1923978789971226","1.1923978789971226"
"29136","1.0755510579973349","1.0755510579973349","1.0755510579973349"
"29395","1.0793112903799973","1.0793112903799973","1.0793112903799973"
"29657","1.241737488132936","1.241737488132936","1.241737488132936"
"29914","1.277362191267173","1.277362191267173","1.277362191267173"
"30179","1.1772800007052582","1.1772800007052582","1.1772800007052582"
"30433","1.2031413147772998","1.2031413147772998","1.2031413147772998"
"30694","1.0806873555113028","1.0806873555113028","1.0806873555113028"
"30952","1.145296717193803","1.145296717193803","1.145296717193803"
"31216","1.2136885045441212","1.2136885045441212","1.2136885045441212"
"31475","1.2221701517080268","1.2221701517080268","1.2221701517080268"
"31730","1.0398930440969574","1.0398930440969574","1.0398930440969574"
"31989","1.2165496383425933","1.2165496383425933","1.2165496383425933"
"32248","1.2143810632869714","1.2143810632869714","1.2143810632869714"
"32511","0.9982012869257023","0.9982012869257023","0.9982012869257023"
"32769","1.0158387375478115","1.0158387375478115","1.0158387375478115"
"33033","1.2147963257575476","1.2147963257575476","1.2147963257575476"
"33292","1.0595352656182784","1.0595352656182784","1.0595352656182784"
"33552","1.0638235119203778","1.0638235119203778","1.0638235119203778"
"33817","1.1977399494847778","1.1977399494847778","1.1977399494847778"
"34077","1.1946250608025937","1.1946250608025937","1.1946250608025937"
"34334","1.2273100627892053","1.2273100627892053","1.2273100627892053"
"34605","1.1502264377221163","1.1502264377221163","1.1502264377221163"
"34857","1.0835888381909442","1.0835888381909442","1.0835888381909442"
"35113","1.1354865574932234","1.1354865574932234","1.1354865574932234"
"35377","1.2346117289055623","1.2346117289055623","1.2346117289055623"
"35638","0.9713319055248116","0.9713319055248116","0.9713319055248116"
"35910","1.3099509763188848","1.3099509763188848","1.3099509763188848"
"36171","1.24132583689156","1.24132583689156","1.24132583689156"
"36443","1.1749638174091361","1.1749638174091361","1.1749638174091361"
"36697","1.1049454324775272","1.1049454324775272","1.1049454324775272"
"36968","1.0741234286673234","1.0741234286673234","1.0741234286673234"
"37240","0.9774516936529566","0.9774516936529566","0.9774516936529566"
"37501","1.0600928264161884","1.0600928264161884","1.0600928264161884"
"37758","1.0877597987873404","1.0877597987873404","1.0877597987873404"
"38023","1.2170302502644386","1.2170302502644386","1.2170302502644386"
"38285","1.2112013019648866","1.2112013019648866","1.2112013019648866"
"38560","1.1575605909685787","1.1575605909685787","1.1575605909685787"
"38826","1.1108132446747663","1.1108132446747663","1.1108132446747663"
"39092","1.225498300159137","1.225498300159137","1.225498300159137"
"39359","1.155982236410113","1.155982236410113","1.155982236410113"
"39622","1.2026713324275142","1.2026713324275142","1.2026713324275142"
"39888","1.1382909140342587","1.1382909140342587","1.1382909140342587"
"40148","1.1340788579286252","1.1340788579286252","1.1340788579286252"
"40408","1.1559958925661225","1.1559958925661225","1.1559958925661225"
"40663","1.1466566226270987","1.1466566226270987","1.1466566226270987"
"40932","1.192269600396658","1.192269600396658","1.192269600396658"
"41192","1.0447189339015175","1.0447189339015175","1.0447189339015175"
"41456","1.2187905240114087","1.2187905240114087","1.2187905240114087"
"41720","1.201448347363899","1.201448347363899","1.201448347363899"
"41989","1.2796187080166959","1.2796187080166959","1.2796187080166959"
"42245","1.0479293592986694","1.0479293592986694","1.0479293592986694"
"42511","1.2284312952460756","1.2284312952460756","1.2284312952460756"
"42756","1.1857118961170203","1.1857118961170203","1.1857118961170203"
"43016","1.104602184977255","1.104602184977255","1.104602184977255"
"43274","1.0776840948948154","1.0776840948948154","1.0776840948948154"
"43537","1.1478196839648178","1.1478196839648178","1.1478196839648178"
"43809","1.1922206252261445","1.1922206252261445","1.1922206252261445"
"44076","1.1801125298645416","1.1801125298645416","1.1801125298645416"
"44340","1.1422497174043909","1.1422497174043909","1.1422497174043909"
"44605","1.0774659268144104","1.0774659268144104","1.0774659268144104"
"44854","1.190337312588496","1.190337312588496","1.190337312588496"
"45109","1.3591315767435885","1.3591315767435885","1.3591315767435885"
"45366","1.102980963913277","1.102980963913277","1.102980963913277"
"45635","1.1902852595704136","1.1902852595704136","1.1902852595704136"
"45894","1.3073046437543696","1.3073046437543696","1.3073046437543696"
"46151","1.2098367138793553","1.2098367138793553","1.2098367138793553"
"46413","1.2148705909478739","1.2148705909478739","1.2148705909478739"
"46678","1.2137268348424524","1.2137268348424524","1.2137268348424524"
"46946","1.2601301236511158","1.2601301236511158","1.2601301236511158"
"47212","1.133530482344159","1.133530482344159","1.133530482344159"
"47467","1.2432246038566437","1.2432246038566437","1.2432246038566437"
"47720","1.1892752384405527","1.1892752384405527","1.1892752384405527"
"47979","1.218703139634898","1.218703139634898","1.218703139634898"
"48241","1.0117726961350089","1.0117726961350089","1.0117726961350089"
"48511","1.253988893661234","1.253988893661234","1.253988893661234"
"48777","1.256298462859637","1.256298462859637","1.256298462859637"
"49040","1.1204646941565226","1.1204646941565226","1.1204646941565226"
"49304","1.1064327260341358","1.1064327260341358","1.1064327260341358"
"49566","1.104578778285162","1.104578778285162","1.104578778285162"
"49829","1.2113680380913947","1.2113680380913947","1.2113680380913947"
"50087","1.0993034645915032","1.0993034645915032","1.0993034645915032"
"50352","1.1962106340737255","1.1962106340737255","1.1962106340737255"
"50612","1.2553154301049525","1.2553154301049525","1.2553154301049525"
"50873","1.232789037412383","1.232789037412383","1.232789037412383"
"51137","1.1486862029607208","1.1486862029607208","1.1486862029607208"
"51401","1.3294727041765495","1.3294727041765495","1.3294727041765495"
"51669","1.1492583951464406","1.1492583951464406","1.1492583951464406"
"51936","1.1402479198009994","1.1402479198009994","1.1402479198009994"
"52201","1.1571039435865749","1.1571039435865749","1.1571039435865749"
"52461","1.2070851146071047","1.2070851146071047","1.2070851146071047"
"52706","0.963946633728228","0.963946633728228","0.963946633728228"
"52969","1.2795127059763938","1.2795127059763938","1.2795127059763938"
"53238","1.2910575155015707","1.2910575155015707","1.2910575155015707"
"53498","1.1980626796994263","1.1980626796994263","1.1980626796994263"
"53766","1.2540758696979262","1.2540758696979262","1.2540758696979262"
"54023","1.1438229955099006","1.1438229955099006","1.1438229955099006"
"54280","1.0436858036900285","1.0436858036900285","1.0436858036900285"
"54548","1.07433606610906","1.07433606610906","1.07433606610906"
"54803","1.0655644285256294","1.0655644285256294","1.0655644285256294"
"55070","1.2310372823609133","1.2310372823609133","1.2310372823609133"
"55336","1.163915508501406","1.163915508501406","1.163915508501406"
"55578","1.2450139341099236","1.2450139341099236","1.2450139341099236"
"55847","1.0840076204326274","1.0840076204326274","1.0840076204326274"
"56106","1.1627578399871275","1.1627578399871275","1.1627578399871275"
"56350","1.124162898484851","1.124162898484851","1.124162898484851"
"56620","1.3331954200028486","1.3331954200028486","1.3331954200028486"
"56883","1.1413203464010835","1.1413203464010835","1.1413203464010835"
"57152","1.0995816116421742","1.0995816116421742","1.0995816116421742"
"57408","1.2196374162206791","1.2196374162206791","1.2196374162206791"
"57672","1.186288610185255","1.186288610185255","1.186288610185255"
"57933","1.2017162699515491","1.2017162699515491","1.2017162699515491"
"58190","1.0858010145589765","1.0858010145589765","1.0858010145589765"
"58445","1.0964722426125297","1.0964722426125297","1.0964722426125297"
"58701","1.0240627997640754","1.0240627997640754","1.0240627997640754"
"58965","1.16950232998146","1.16950232998146","1.16950232998146"
"59221","1.0679542113521503","1.0679542113521503","1.0679542113521503"
"59478","1.1835138852888334","1.1835138852888334","1.1835138852888334"
"59747","1.1579701273778618","1.1579701273778618","1.1579701273778618"
"60008","1.1669049609312896","1.1669049609312896","1.1669049609312896"
"60265","1.1859156722860709","1.1859156722860709","1.1859156722860709"
"60518","1.1540505115536117","1.1540505115536117","1.1540505115536117"
"60783","1.1240760264607768","1.1240760264607768","1.1240760264607768"
"61054","1.1292922466826283","1.1292922466826283","1.1292922466826283"
"61320","1.1253362863771987","1.1253362863771987","1.1253362863771987"
"61591","1.1326585754037344","1.1326585754037344","1.1326585754037344"
"61849","1.0889088770847266","1.0889088770847266","1.0889088770847266"
"62113","1.044442800393975","1.044442800393975","1.044442800393975"
"62384","1.2146787278275395","1.2146787278275395","1.2146787278275395"
"62650","1.2655304976604962","1.2655304976604962","1.2655304976604962"
"62910","1.1629229154575753","1.1629229154575753","1.1629229154575753"
"63167","1.2024577975825028","1.2024577975825028","1.2024577975825028"
"63432","1.1801948157008963","1.1801948157008963","1.1801948157008963"
"63696","1.1301110223152055","1.1301110223152055","1.1301110223152055"
"63954","0.9994935554531871","0.9994935554531871","0.9994935554531871"
"64208","1.085376196744727","1.085376196744727","1.085376196744727"
"64464","1.0348599127873226","1.0348599127873226","1.0348599127873226"
"64724","1.1147087289503328","1.1147087289503328","1.1147087289503328"
"64988","1.0446618185814627","1.0446618185814627","1.0446618185814627"
"65242","1.0599173553755363","1.0599173553755363","1.0599173553755363"
"65502","1.0797080603886897","1.0797080603886897","1.0797080603886897"
"65761","1.2376919782973244","1.2376919782973244","1.2376919782973244"
"66012","1.1187918382008561","1.1187918382008561","1.1187918382008561"
"66280","1.0476683392499413","1.0476683392499413","1.0476683392499413"
"66531","1.0870926343935552","1.0870926343935552","1.0870926343935552"
"66787","1.2200291595494437","1.2200291595494437","1.2200291595494437"
"67053","1.1445327746823817","1.1445327746823817","1.1445327746823817"
"67312","1.1269480981863902","1.1269480981863902","1.1269480981863902"
"67567","1.1575179636033612","1.1575179636033612","1.1575179636033612"
"67831","1.1418763082226548","1.1418763082226548","1.1418763082226548"
"68096","1.2189977491374138","1.2189977491374138","1.2189977491374138"
"68363","1.1640005354097984","1.1640005354097984","1.1640005354097984"
"68621","1.1606470051171813","1.1606470051171813","1.1606470051171813"
"68886","1.141724095603934","1.141724095603934","1.141724095603934"
"69155","1.1901393540575453","1.1901393540575453","1.1901393540575453"
"69414","1.1496146214780985","1.1496146214780985","1.1496146214780985"
"69687","1.0870455100531993","1.0870455100531993","1.0870455100531993"
"69955","1.1087631530370188","1.1087631530370188","1.1087631530370188"
"70228","1.1675577815432212","1.1675577815432212","1.1675577815432212"
"70502","1.2131244395618086","1.2131244395618086","1.2131244395618086"
"70771","1.0491448983046823","1.0491448983046823","1.0491448983046823"
"71035","1.1755635900957968","1.1755635900957968","1.1755635900957968"
"71299","1.19079911853916","1.19079911853916","1.19079911853916"
"71564","1.0978013556679893","1.0978013556679893","1.0978013556679893"
"71830","1.2004678593072","1.2004678593072","1.2004678593072"
"72087","1.109571985116005","1.109571985116005","1.109571985116005"
"72330","1.1825488700358957","1.1825488700358957","1.1825488700358957"
"72586","1.182266993046527","1.182266993046527","1.182266993046527"
"72851","1.1457025505118374","1.1457025505118374","1.1457025505118374"
"73115","1.217386655062712","1.217386655062712","1.217386655062712"
"73369","1.1541465657129606","1.1541465657129606","1.1541465657129606"
"73634","1.1832275755608592","1.1832275755608592","1.1832275755608592"
"73903","1.1162178896230794","1.1162178896230794","1.1162178896230794"
"74169","1.2278942568163242","1.2278942568163242","1.2278942568163242"
"74437","1.1351045809039242","1.1351045809039242","1.1351045809039242"
"74680","1.2344806396850834","1.2344806396850834","1.2344806396850834"
"74950","1.1537518660760893","1.1537518660760893","1.1537518660760893"
"75207","1.1528124176793628","1.1528124176793628","1.1528124176793628"
"75466","1.1381768936763947","1.1381768936763947","1.1381768936763947"
"75727","1.1822553960863122","1.1822553960863122","1.1822553960863122"
"75995","1.2354350715075713","1.2354350715075713","1.2354350715075713"
"76259","1.114121874524315","1.114121874524315","1.114121874524315"
"76512","1.1869940417471216","1.1869940417471216","1.1869940417471216"
"76776","1.1324542583244752","1.1324542583244752","1.1324542583244752"
"77024","1.1695232681348422","1.1695232681348422","1.1695232681348422"
"77274","1.0714544700665607","1.0714544700665607","1.0714544700665607"
"77528","1.1564340702168583","1.1564340702168583","1.1564340702168583"
"77785","1.146216338234645","1.146216338234645","1.146216338234645"
"78045","1.0489350524213579","1.0489350524213579","1.0489350524213579"
"78307","1.2516676567374143","1.2516676567374143","1.2516676567374143"
"78568","1.0608646196814435","1.0608646196814435","1.0608646196814435"
"78843","1.0783545002068422","1.0783545002068422","1.0783545002068422"
"79092","1.0547031565780534","1.0547031565780534","1.0547031565780534"
"79357","1.0963857848831826","1.0963857848831826","1.0963857848831826"
"79623","1.1306382559542287","1.1306382559542287","1.1306382559542287"
"79888","1.0806495836806878","1.0806495836806878","1.0806495836806878"
"80155","1.1942509811785487","1.1942509811785487","1.1942509811785487"
"80425","1.3478253852326478","1.3478253852326478","1.3478253852326478"
"80689","1.2306051399972704","1.2306051399972704","1.2306051399972704"
"80953","1.0445657131012753","1.0445657131012753","1.0445657131012753"
"81207","1.3349774884407057","1.3349774884407057","1.3349774884407057"
"81466","1.2140163249685862","1.2140163249685862","1.2140163249685862"
"81720","1.1498404027846028","1.1498404027846028","1.1498404027846028"
"81987","1.0219514772548186","1.0219514772548186","1.0219514772548186"
"82245","1.0665656832391235","1.0665656832391235","1.0665656832391235"
"82516","1.2505938931733445","1.2505938931733445","1.2505938931733445"
"82785","1.1467473644807424","1.1467473644807424","1.1467473644807424"
"83045","1.1235766180645335","1.1235766180645335","1.1235766180645335"
"83314","1.1365251866872885","1.1365251866872885","1.1365251866872885"
"83584","1.0928543778378723","1.0928543778378723","1.0928543778378723"
"83833","1.1693068259441004","1.1693068259441004","1.1693068259441004"
"84095","1.1252525232390977","1.1252525232390977","1.1252525232390977"
"84342","1.1185164614408105","1.1185164614408105","1.1185164614408105"
"84614","1.1839328810572625","1.1839328810572625","1.1839328810572625"
"84868","1.1624659712499341","1.1624659712499341","1.1624659712499341"
"85129","1.061809685385648","1.061809685385648","1.061809685385648"
"85384","1.2353355634547942","1.2353355634547942","1.2353355634547942"
"85640","1.1296148971275046","1.1296148971275046","1.1296148971275046"
"85901","1.283893785542912","1.283893785542912","1.283893785542912"
"86171","1.150588414949201","1.150588414949201","1.150588414949201"
"86421","1.0772502236760682","1.0772502236760682","1.0772502236760682"
"86692","1.1498948013078338","1.1498948013078338","1.1498948013078338"
"86947","1.1774703448700639","1.1774703448700639","1.1774703448700639"
"87213","1.1702383729119306","1.1702383729119306","1.1702383729119306"
"87480","1.326367592314879","1.326367592314879","1.326367592314879"
"87750","1.309492077169823","1.309492077169823","1.309492077169823"
"88006","1.1906134479050268","1.1906134479050268","1.1906134479050268"
"88275","1.183325239689591","1.183325239689591","1.183325239689591"
"88543","1.2138106071219226","1.2138106071219226","1.2138106071219226"
"88789","1.2027266894036264","1.2027266894036264","1.2027266894036264"
"89055","1.0824089116825828","1.0824089116825828","1.0824089116825828"
"89323","1.255059926378797","1.255059926378797","1.255059926378797"
"89594","1.2677959542982693","1.2677959542982693","1.2677959542982693"
"89852","1.1034529256186096","1.1034529256186096","1.1034529256186096"
"90108","1.0652302487694474","1.0652302487694474","1.0652302487694474"
"90370","1.1112471083528148","1.1112471083528148","1.1112471083528148"
"90640","1.1557928198642695","1.1557928198642695","1.1557928198642695"
"90897","1.2541004563873628","1.2541004563873628","1.2541004563873628"
"91142","1.1039665168925616","1.1039665168925616","1.1039665168925616"
"91402","1.04680458630771","1.04680458630771","1.04680458630771"
"91663","1.225771797626321","1.225771797626321","1.225771797626321"
"91919","1.1065129547541432","1.1065129547541432","1.1065129547541432"
"92186","1.2750734000776935","1.2750734000776935","1.2750734000776935"
"92445","1.1685970055991979","1.1685970055991979","1.1685970055991979"
"92696","1.3255788275644127","1.3255788275644127","1.3255788275644127"
"92968","1.129807335809148","1.129807335809148","1.129807335809148"
"93237","1.3040541362431315","1.3040541362431315","1.3040541362431315"
"93497","1.1860916466351779","1.1860916466351779","1.1860916466351779"
"93766","1.2281601939541165","1.2281601939541165","1.2281601939541165"
"94030","1.1437189247613673","1.1437189247613673","1.1437189247613673"
"94288","1.1879084870828571","1.1879084870828571","1.1879084870828571"
"94548","1.1005083144645849","1.1005083144645849","1.1005083144645849"
"94815","1.2428477498687078","1.2428477498687078","1.2428477498687078"
"95078","1.0220286027704917","1.0220286027704917","1.0220286027704917"
"95337","1.1739216328811226","1.1739216328811226","1.1739216328811226"
"95600","1.1412677676895686","1.1412677676895686","1.1412677676895686"
"95856","1.1242712491088442","1.1242712491088442","1.1242712491088442"
"96123","1.2451063272752885","1.2451063272752885","1.2451063272752885"
"96376","1.2669907790937818","1.2669907790937818","1.2669907790937818"
"96633","1.0281711254227028","1.0281711254227028","1.0281711254227028"
"96891","1.0672750893014449","1.0672750893014449","1.0672750893014449"
"97139","1.0702734786946098","1.0702734786946098","1.0702734786946098"
"97404","1.072864051619579","1.072864051619579","1.072864051619579"
"97668","1.1606953032290974","1.1606953032290974","1.1606953032290974"
"97914","1.037946618442531","1.037946618442531","1.037946618442531"
"98176","1.1022482456371354","1.1022482456371354","1.1022482456371354"
"98431","1.1507863521045352","1.1507863521045352","1.1507863521045352"
"98694","1.1700723054421986","1.1700723054421986","1.1700723054421986"
"98950","1.1250299811262938","1.1250299811262938","1.1250299811262938"
"99216","1.146249793112498","1.146249793112498","1.146249793112498"
"99473","1.2430298963078745","1.2430298963078745","1.2430298963078745"
"99725","1.1036508607209388","1.1036508607209388","1.1036508607209388"
"99984","1.0672656328122305","1.0672656328122305","1.0672656328122305"
"100248","1.0764566594337306","1.0764566594337306","1.0764566594337306"
"100508","1.0927401270885513","1.0927401270885513","1.0927401270885513"
"100767","1.2002055339210538","1.2002055339210538","1.2002055339210538"
"101022","1.1474977310339889","1.1474977310339889","1.1474977310339889"
"101277","1.1105440402531086","1.1105440402531086","1.1105440402531086"
"101530","1.1575672855006713","1.1575672855006713","1.1575672855006713"
"101783","0.99383939105971","0.99383939105971","0.99383939105971"
"102049","1.0930336705236523","1.0930336705236523","1.0930336705236523"
"102298","1.1296464177410144","1.1296464177410144","1.1296464177410144"
"102557","1.138471297389559","1.138471297389559","1.138471297389559"
"102808","1.1589160774631693","1.1589160774631693","1.1589160774631693"
"103065","1.2030587083904065","1.2030587083904065","1.2030587083904065"
"103333","1.0793920472458172","1.0793920472458172","1.0793920472458172"
"103595","1.1419122107742443","1.1419122107742443","1.1419122107742443"
"103840","1.2264715569485598","1.2264715569485598","1.2264715569485598"
"104104","1.1624231684911734","1.1624231684911734","1.1624231684911734"
"104350","1.1146599055731787","1.1146599055731787","1.1146599055731787"
"104608","1.2764876751436127","1.2764876751436127","1.2764876751436127"
"104874","1.1887929164873505","1.1887929164873505","1.1887929164873505"
"105136","1.1759895457161798","1.1759895457161798","1.1759895457161798"
"105403","1.218945871106235","1.218945871106235","1.218945871106235"
"105668","1.223951510741258","1.223951510741258","1.223951510741258"
"105940","1.128989565294241","1.128989565294241","1.128989565294241"
"106205","1.0833594242570668","1.0833594242570668","1.0833594242570668"
"106460","1.087833340740694","1.087833340740694","1.087833340740694"
"106720","1.063533993222431","1.063533993222431","1.063533993222431"
"106988","1.2615128721469435","1.2615128721469435","1.2615128721469435"
"107245","1.058211018561916","1.058211018561916","1.058211018561916"
"107513","1.2576144939697185","1.2576144939697185","1.2576144939697185"
"107782","1.2262574901372711","1.2262574901372711","1.2262574901372711"
"108041","1.2506628624525749","1.2506628624525749","1.2506628624525749"
"108302","1.2116995399342712","1.2116995399342712","1.2116995399342712"
"108563","1.0430465884933273","1.0430465884933273","1.0430465884933273"
"108835","1.0467272840084487","1.0467272840084487","1.0467272840084487"
"109092","1.2481195411374828","1.2481195411374828","1.2481195411374828"
"109341","1.1013150442654325","1.1013150442654325","1.1013150442654325"
"109594","1.1527613795661398","1.1527613795661398","1.1527613795661398"
"109842","1.1324761958585845","1.1324761958585845","1.1324761958585845"
"110107","1.1735366271664387","1.1735366271664387","1.1735366271664387"
"110361","1.1171823273051242","1.1171823273051242","1.1171823273051242"
"110622","1.1029249892133628","1.1029249892133628","1.1029249892133628"
"110885","1.1000887059512443","1.1000887059512443","1.1000887059512443"
"111151","1.0512963975161727","1.0512963975161727","1.0512963975161727"
"111409","1.1992087811257501","1.1992087811257501","1.1992087811257501"
"111673","1.128048799911307","1.128048799911307","1.128048799911307"
"111926","1.1629952072216168","1.1629952072216168","1.1629952072216168"
"112195","1.0906053369433653","1.0906053369433653","1.0906053369433653"
"112449","1.2532478936819782","1.2532478936819782","1.2532478936819782"
"112698","1.1224891197593951","1.1224891197593951","1.1224891197593951"
"112952","1.0958137902739322","1.0958137902739322","1.0958137902739322"
"113211","1.114128098132049","1.114128098132049","1.114128098132049"
"113474","1.0207154007559573","1.0207154007559573","1.0207154007559573"
"113740","1.204106325506052","1.204106325506052","1.204106325506052"
"114008","1.1134831624112447","1.1134831624112447","1.1134831624112447"
"114275","1.1856134617222631","1.1856134617222631","1.1856134617222631"
"114525","1.1621058511474345","1.1621058511474345","1.1621058511474345"
"114782","1.1913098133688043","1.1913098133688043","1.1913098133688043"
"115053","1.1065614489542932","1.1065614489542932","1.1065614489542932"
"115299","1.1397901123473004","1.1397901123473004","1.1397901123473004"
"115560","1.1032330910932975","1.1032330910932975","1.1032330910932975"
"115818","1.2485727925543433","1.2485727925543433","1.2485727925543433"
"116087","1.1535578033863203","1.1535578033863203","1.1535578033863203"
"116346","1.2065940561889432","1.2065940561889432","1.2065940561889432"
"116610","1.1380882922146056","1.1380882922146056","1.1380882922146056"
"116875","1.0151890802363772","1.0151890802363772","1.0151890802363772"
"117131","1.2355380706351113","1.2355380706351113","1.2355380706351113"
"117385","1.130866120109688","1.130866120109688","1.130866120109688"
"117651","1.2554108068552052","1.2554108068552052","1.2554108068552052"
"117907","1.104166181964243","1.104166181964243","1.104166181964243"
"118164","1.1277905892469544","1.1277905892469544","1.1277905892469544"
"118430","0.9793235350774382","0.9793235350774382","0.9793235350774382"
"118698","1.071669223510091","1.071669223510091","1.071669223510091"
"118954","1.1605198613471455","1.1605198613471455","1.1605198613471455"
"119217","1.0672282757582487","1.0672282757582487","1.0672282757582487"
"119485","1.121658933425028","1.121658933425028","1.121658933425028"
"119746","1.053655771943913","1.053655771943913","1.053655771943913"
"120007","1.194813571704489","1.194813571704489","1.194813571704489"
"120269","1.1166364434010772","1.1166364434010772","1.1166364434010772"
"120534","1.012166216972763","1.012166216972763","1.012166216972763"
"120799","1.238128016540109","1.238128016540109","1.238128016540109"
"121050","1.112594092676367","1.112594092676367","1.112594092676367"
"121315","1.2388900882667966","1.2388900882667966","1.2388900882667966"
"121563","1.0258464392052213","1.0258464392052213","1.0258464392052213"
"121825","1.1417345527608902","1.1417345527608902","1.1417345527608902"
"122092","1.179462841571037","1.179462841571037","1.179462841571037"
"122359","1.1798728455716385","1.1798728455716385","1.1798728455716385"
"122616","0.9109738241992335","0.9109738241992335","0.9109738241992335"
"122875","1.0946961043632806","1.0946961043632806","1.0946961043632806"
"123139","1.1466959064556321","1.1466959064556321","1.1466959064556321"
"123410","1.1494196003029722","1.1494196003029722","1.1494196003029722"
"123678","1.1457535239825296","1.1457535239825296","1.1457535239825296"
"123943","1.1623652251230345","1.1623652251230345","1.1623652251230345"
"124207","1.151897329110903","1.151897329110903","1.151897329110903"
"124463","1.2296938831168789","1.2296938831168789","1.2296938831168789"
"124728","1.3242948609369773","1.3242948609369773","1.3242948609369773"
"124987","1.1714604246449198","1.1714604246449198","1.1714604246449198"
"125254","1.127642615855223","1.127642615855223","1.127642615855223"
"125520","1.0886106467405894","1.0886106467405894","1.0886106467405894"
"125788","0.9907960119231186","0.9907960119231186","0.9907960119231186"
"126047","1.1632848046511524","1.1632848046511524","1.1632848046511524"
"126309","1.052929145383659","1.052929145383659","1.052929145383659"
"126568","1.0891501949833944","1.0891501949833944","1.0891501949833944"
"126819","1.216566571765008","1.216566571765008","1.216566571765008"
"127066","1.140795451781079","1.140795451781079","1.140795451781079"
"127332","1.0456911659848291","1.0456911659848291","1.0456911659848291"
"127589","1.0514216893335258","1.0514216893335258","1.0514216893335258"
"127843","1.0840804112389628","1.0840804112389628","1.0840804112389628"
"128114","1.1246151944762655","1.1246151944762655","1.1246151944762655"
"128383","1.2097541132389946","1.2097541132389946","1.2097541132389946"
"128640","1.145280600172078","1.145280600172078","1.145280600172078"
"128902","1.1115050550105845","1.1115050550105845","1.1115050550105845"
"129162","1.1666037300770924","1.1666037300770924","1.1666037300770924"
"129428","1.1578145331488983","1.1578145331488983","1.1578145331488983"
"129687","1.072240282614618","1.072240282614618","1.072240282614618"
"129953","1.2008018027404668","1.2008018027404668","1.2008018027404668"
"130199","1.1507047275739088","1.1507047275739088","1.1507047275739088"
"130468","1.2049437232898261","1.2049437232898261","1.2049437232898261"
"130730","1.2711279050368005","1.2711279050368005","1.2711279050368005"
"130991","1.1342814226275988","1.1342814226275988","1.1342814226275988"
"131256","1.1123553704319185","1.1123553704319185","1.1123553704319185"
"131527","1.206717248423312","1.206717248423312","1.206717248423312"
"131785","1.039066042611573","1.039066042611573","1.039066042611573"
"132040","1.0955250646307397","1.0955250646307397","1.0955250646307397"
"132299","1.341526603518652","1.341526603518652","1.341526603518652"
"132543","0.9976879777421666","0.9976879777421666","0.9976879777421666"
"132802","1.2600599589723127","1.2600599589723127","1.2600599589723127"
"133056","1.0860571509507415","1.0860571509507415","1.0860571509507415"
"133313","1.235883319494228","1.235883319494228","1.235883319494228"
"133581","1.1451540269646066","1.1451540269646066","1.1451540269646066"
"133843","1.3447295593235562","1.3447295593235562","1.3447295593235562"
"134105","1.224671110374911","1.224671110374911","1.224671110374911"
"134354","1.171237150800761","1.171237150800761","1.171237150800761"
"134607","1.0919647875300793","1.0919647875300793","1.0919647875300793"
"134864","1.2650942638516427","1.2650942638516427","1.2650942638516427"
"135109","1.0272285104296464","1.0272285104296464","1.0272285104296464"
"135372","1.112698973328979","1.112698973328979","1.112698973328979"
"135622","1.1072481632232667","1.1072481632232667","1.1072481632232667"
"135879","1.1783302125524493","1.1783302125524493","1.1783302125524493"
"136142","1.1182731521626315","1.1182731521626315","1.1182731521626315"
"136410","1.1775926887537935","1.1775926887537935","1.1775926887537935"
"136683","1.1682719180661443","1.1682719180661443","1.1682719180661443"
"136947","1.2585221762146896","1.2585221762146896","1.2585221762146896"
"137203","1.1382299237781102","1.1382299237781102","1.1382299237781102"
"137467","1.195623665700146","1.195623665700146","1.195623665700146"
"137732","1.153373489134994","1.153373489134994","1.153373489134994"
"137988","1.1572776709947346","1.1572776709947346","1.1572776709947346"
"138247","1.18241178725153","1.18241178725153","1.18241178725153"
"138513","1.0843157228288616","1.0843157228288616","1.0843157228288616"
"138785","1.2421703140335434","1.2421703140335434","1.2421703140335434"
"139038","1.261104996876303","1.261104996876303","1.261104996876303"
"139300","1.16007744496159","1.16007744496159","1.16007744496159"
"139553","1.2051875272075887","1.2051875272075887","1.2051875272075887"
"139814","1.0314807606239254","1.0314807606239254","1.0314807606239254"
"140068","1.151033991872666","1.151033991872666","1.151033991872666"
"140330","1.097006039063118","1.097006039063118","1.097006039063118"
"140591","1.2597703254898358","1.2597703254898358","1.2597703254898358"
"140841","1.128319595259083","1.128319595259083","1.128319595259083"
"141091","0.998328172004045","0.998328172004045","0.998328172004045"
"141359","1.0678947833338632","1.0678947833338632","1.0678947833338632"
"141621","1.1744456324190231","1.1744456324190231","1.1744456324190231"
"141872","1.1320582788938016","1.1320582788938016","1.1320582788938016"
"142135","1.1318718464392137","1.1318718464392137","1.1318718464392137"
"142400","1.106716708840744","1.106716708840744","1.106716708840744"
"142665","1.2208692697666765","1.2208692697666765","1.2208692697666765"
"142921","1.0637883874197873","1.0637883874197873","1.0637883874197873"
"143184","1.158109654004246","1.158109654004246","1.158109654004246"
"143448","1.119075013558308","1.119075013558308","1.119075013558308"
"143711","1.1359474513256493","1.1359474513256493","1.1359474513256493"
"143970","1.230207909002657","1.230207909002657","1.230207909002657"
"144233","1.1897850991919166","1.1897850991919166","1.1897850991919166"
"144486","1.1916446830337861","1.1916446830337861","1.1916446830337861"
"144756","1.110467096852121","1.110467096852121","1.110467096852121"
"145021","1.187507421737388","1.187507421737388","1.187507421737388"
"145282","1.070157828071603","1.070157828071603","1.070157828071603"
"145548","1.1606712870333358","1.1606712870333358","1.1606712870333358"
"145818","1.1314671982313433","1.1314671982313433","1.1314671982313433"
"146085","1.206039018186696","1.206039018186696","1.206039018186696"
"146339","1.1152175162891829","1.1152175162891829","1.1152175162891829"
"146598","1.2400515767837692","1.2400515767837692","1.2400515767837692"
"146856","1.1102344426976456","1.1102344426976456","1.1102344426976456"
"147123","1.253220473563609","1.253220473563609","1.253220473563609"
"147383","0.98660127048031","0.98660127048031","0.98660127048031"
"147648","1.2185178995682304","1.2185178995682304","1.2185178995682304"
"147923","1.2210946555500266","1.2210946555500266","1.2210946555500266"
"148187","1.2193075262599296","1.2193075262599296","1.2193075262599296"
"148449","1.2049750829736392","1.2049750829736392","1.2049750829736392"
"148707","1.1221713919560123","1.1221713919560123","1.1221713919560123"
"148970","1.009346597140445","1.009346597140445","1.009346597140445"
"149225","1.3105574780348066","1.3105574780348066","1.3105574780348066"
"149487","1.0637880293410065","1.0637880293410065","1.0637880293410065"
"149756","1.159697242743439","1.159697242743439","1.159697242743439"
"150014","1.1122111913291015","1.1122111913291015","1.1122111913291015"
"150279","1.1883283573810453","1.1883283573810453","1.1883283573810453"
"150537","1.0817871439139437","1.0817871439139437","1.0817871439139437"
"150788","1.124909140151417","1.124909140151417","1.124909140151417"
"151043","1.0550230770199387","1.0550230770199387","1.0550230770199387"
"151305","1.121468956170941","1.121468956170941","1.121468956170941"
"151567","1.02396427817584","1.02396427817584","1.02396427817584"
"151838","1.0488197534255739","1.0488197534255739","1.0488197534255739"
"152095","1.1491064525946808","1.1491064525946808","1.1491064525946808"
"152355","1.1573655340761269","1.1573655340761269","1.1573655340761269"
"152620","1.139361716796337","1.139361716796337","1.139361716796337"
"152885","1.0850816882664116","1.0850816882664116","1.0850816882664116"
"153146","1.1729348608044121","1.1729348608044121","1.1729348608044121"
"153403","1.2317895810762698","1.2317895810762698","1.2317895810762698"
"153663","1.1046343012725783","1.1046343012725783","1.1046343012725783"
"153918","1.2084182514183557","1.2084182514183557","1.2084182514183557"
"154182","1.0912698261247349","1.0912698261247349","1.0912698261247349"
"154446","1.1554245038440933","1.1554245038440933","1.1554245038440933"
"154703","1.264314080533704","1.264314080533704","1.264314080533704"
"154970","1.1195807650798761","1.1195807650798761","1.1195807650798761"
"155224","1.0924353912998235","1.0924353912998235","1.0924353912998235"
"155497","1.2002508464884494","1.2002508464884494","1.2002508464884494"
"155758","1.1703414790969355","1.1703414790969355","1.1703414790969355"
"156020","1.191384767537532","1.191384767537532","1.191384767537532"
"156283","1.1143397415077598","1.1143397415077598","1.1143397415077598"
"156552","1.0238143600128413","1.0238143600128413","1.0238143600128413"
"156817","1.1763755234311504","1.1763755234311504","1.1763755234311504"
"157089","1.1336512028284675","1.1336512028284675","1.1336512028284675"
"157356","1.1927743355558875","1.1927743355558875","1.1927743355558875"
"157623","1.1421519770167727","1.1421519770167727","1.1421519770167727"
"157887","1.2387804187992717","1.2387804187992717","1.2387804187992717"
"158151","1.0890603745321836","1.0890603745321836","1.0890603745321836"
"158414","1.1475568857417393","1.1475568857417393","1.1475568857417393"
"158676","1.1301114887117494","1.1301114887117494","1.1301114887117494"
"158929","1.015640978312216","1.015640978312216","1.015640978312216"
"159189","1.2398675482526582","1.2398675482526582","1.2398675482526582"
"159452","1.261092985894328","1.261092985894328","1.261092985894328"
"159715","1.1154819887295295","1.1154819887295295","1.1154819887295295"
"159984","1.113831231955232","1.113831231955232","1.113831231955232"
"160244","1.0585503579013877","1.0585503579013877","1.0585503579013877"
"160510","1.139258083170381","1.139258083170381","1.139258083170381"
"160766","1.171350583434105","1.171350583434105","1.171350583434105"
"161022","1.1194419941416494","1.1194419941416494","1.1194419941416494"
"161286","1.152199551683885","1.152199551683885","1.152199551683885"
"161538","1.1705905070172484","1.1705905070172484","1.1705905070172484"
"161796","1.1434236060287872","1.1434236060287872","1.1434236060287872"
"162049","1.0276226845135188","1.0276226845135188","1.0276226845135188"
"162313","1.0905383603709211","1.0905383603709211","1.0905383603709211"
"162565","1.0266514992841016","1.0266514992841016","1.0266514992841016"
"162826","1.1299477331545238","1.1299477331545238","1.1299477331545238"
"163088","1.0557122940715766","1.0557122940715766","1.0557122940715766"
"163336","1.0998266772865368","1.0998266772865368","1.0998266772865368"
"163609","1.1622513306258353","1.1622513306258353","1.1622513306258353"
"163871","1.1401041535728498","1.1401041535728498","1.1401041535728498"
"164140","1.2370211743646198","1.2370211743646198","1.2370211743646198"
"164396","1.1854570789685037","1.1854570789685037","1.1854570789685037"
"164652","1.1879567880574744","1.1879567880574744","1.1879567880574744"
"164910","1.2585130944684217","1.2585130944684217","1.2585130944684217"
"165177","1.2159775816731984","1.2159775816731984","1.2159775816731984"
"165440","1.189880372451821","1.189880372451821","1.189880372451821"
"165697","1.118656015651033","1.118656015651033","1.118656015651033"
"165961","1.118397148485046","1.118397148485046","1.118397148485046"
"166226","0.9365743907945827","0.9365743907945827","0.9365743907945827"
"166498","1.2167503375146125","1.2167503375146125","1.2167503375146125"
"166769","1.1284599604344485","1.1284599604344485","1.1284599604344485"
"167025","1.1044601029280419","1.1044601029280419","1.1044601029280419"
"167296","1.1749313027462969","1.1749313027462969","1.1749313027462969"
"167563","1.0759842068341825","1.0759842068341825","1.0759842068341825"
"167824","1.0186694052667764","1.0186694052667764","1.0186694052667764"
"168084","1.0588625900694806","1.0588625900694806","1.0588625900694806"
"168354","1.2307830751218178","1.2307830751218178","1.2307830751218178"
"168615","1.0775449102698884","1.0775449102698884","1.0775449102698884"
"168886","1.2630746979902647","1.2630746979902647","1.2630746979902647"
"169124","1.1311585879348025","1.1311585879348025","1.1311585879348025"
"169393","1.0671172196739713","1.0671172196739713","1.0671172196739713"
"169661","1.1658938313603358","1.1658938313603358","1.1658938313603358"
"169924","1.1017960298314897","1.1017960298314897","1.1017960298314897"
"170188","1.0581538208758166","1.0581538208758166","1.0581538208758166"
"170455","1.0720476153065208","1.0720476153065208","1.0720476153065208"
"170709","1.112594058395325","1.112594058395325","1.112594058395325"
"170977","1.140015325862983","1.140015325862983","1.140015325862983"
"171241","1.1775238584865022","1.1775238584865022","1.1775238584865022"
"171504","1.1698066226057846","1.1698066226057846","1.1698066226057846"
"171767","1.039216640867569","1.039216640867569","1.039216640867569"
"172026","1.1294782535732308","1.1294782535732308","1.1294782535732308"
"172280","1.1239706142130395","1.1239706142130395","1.1239706142130395"
"172538","1.1567375166133158","1.1567375166133158","1.1567375166133158"
"172797","1.0726191805013487","1.0726191805013487","1.0726191805013487"
"173063","1.0513528850465683","1.0513528850465683","1.0513528850465683"
"173332","1.188182193064178","1.188182193064178","1.188182193064178"
"173581","1.1488611607639878","1.1488611607639878","1.1488611607639878"
"173848","1.1171029833938275","1.1171029833938275","1.1171029833938275"
"174094","1.122748887870047","1.122748887870047","1.122748887870047"
"174354","1.0444534181778722","1.0444534181778722","1.0444534181778722"
"174615","1.1128790824725978","1.1128790824725978","1.1128790824725978"
"174886","1.1911904122541939","1.1911904122541939","1.1911904122541939"
"175148","1.1174159849677205","1.1174159849677205","1.1174159849677205"
"175405","1.1328955331523787","1.1328955331523787","1.1328955331523787"
"175674","1.1930695100260589","1.1930695100260589","1.1930695100260589"
"175931","1.2175958228044794","1.2175958228044794","1.2175958228044794"
"176185","1.1787058249449043","1.1787058249449043","1.1787058249449043"
"176446","1.047597283174411","1.047597283174411","1.047597283174411"
"176709","1.192259596831799","1.192259596831799","1.192259596831799"
"176969","1.166145117262776","1.166145117262776","1.166145117262776"
"177232","1.2900674468476834","1.2900674468476834","1.2900674468476834"
"177489","1.191807746971236","1.191807746971236","1.191807746971236"
"177753","1.1050311703096938","1.1050311703096938","1.1050311703096938"
"178012","1.1647652786363054","1.1647652786363054","1.1647652786363054"
"178279","1.156777491779239","1.156777491779239","1.156777491779239"
"178549","1.111857336618172","1.111857336618172","1.111857336618172"
"178810","1.0544930369180756","1.0544930369180756","1.0544930369180756"
"179068","1.0905016752449295","1.0905016752449295","1.0905016752449295"
"179314","1.1918298079944682","1.1918298079944682","1.1918298079944682"
"179572","1.2498355377115042","1.2498355377115042","1.2498355377115042"
"179841","1.0821940121324547","1.0821940121324547","1.0821940121324547"
"180095","1.0842259253797937","1.0842259253797937","1.0842259253797937"
"180358","1.149989564622645","1.149989564622645","1.149989564622645"
"180620","1.2330756374319385","1.2330756374319385","1.2330756374319385"
"180883","1.101066349501963","1.101066349501963","1.101066349501963"
"181137","1.083057990717983","1.083057990717983","1.083057990717983"
"181405","1.054954285664415","1.054954285664415","1.054954285664415"
"181654","1.114849502601588","1.114849502601588","1.114849502601588"
"181920","1.1032322727725408","1.1032322727725408","1.1032322727725408"
"182184","1.1280787668785028","1.1280787668785028","1.1280787668785028"
"182454","1.1310693595144483","1.1310693595144483","1.1310693595144483"
"182713","1.1567191701460786","1.1567191701460786","1.1567191701460786"
"182975","1.2387922414782766","1.2387922414782766","1.2387922414782766"
"183236","1.1069280064654394","1.1069280064654394","1.1069280064654394"
"183496","1.2199682081977379","1.2199682081977379","1.2199682081977379"
"183760","1.1398598996363938","1.1398598996363938","1.1398598996363938"
"184025","1.1613453572615104","1.1613453572615104","1.1613453572615104"
"184286","1.2381254056445365","1.2381254056445365","1.2381254056445365"
"184538","1.0237561278183152","1.0237561278183152","1.0237561278183152"
"184803","1.2800480130921912","1.2800480130921912","1.2800480130921912"
"185063","1.0933160222879248","1.0933160222879248","1.0933160222879248"
"185310","1.1225031943232924","1.1225031943232924","1.1225031943232924"
"185579","1.179383552281393","1.179383552281393","1.179383552281393"
"185835","1.2230209858162633","1.2230209858162633","1.2230209858162633"
"186092","1.188442644426604","1.188442644426604","1.188442644426604"
"186362","1.1656550429177186","1.1656550429177186","1.1656550429177186"
"186631","1.197447924795093","1.197447924795093","1.197447924795093"
"186899","1.2361196264984662","1.2361196264984662","1.2361196264984662"
"187158","1.107674185264531","1.107674185264531","1.107674185264531"
"187418","1.134097640039737","1.134097640039737","1.134097640039737"
"187675","1.0899976197832597","1.0899976197832597","1.0899976197832597"
"187928","0.9251460148277779","0.9251460148277779","0.9251460148277779"
"188182","1.094613244301743","1.094613244301743","1.094613244301743"
"188447","1.2215431436896325","1.2215431436896325","1.2215431436896325"
"188711","1.1610066275699993","1.1610066275699993","1.1610066275699993"
"188973","1.0976134607085475","1.0976134607085475","1.0976134607085475"
"189233","1.2082309200807855","1.2082309200807855","1.2082309200807855"
"189488","1.0819918727094175","1.0819918727094175","1.0819918727094175"
"189729","1.209971303653429","1.209971303653429","1.209971303653429"
"190000","1.0946199171712478","1.0946199171712478","1.0946199171712478"
"190262","1.006452489822993","1.006452489822993","1.006452489822993"
"190531","1.233778692836911","1.233778692836911","1.233778692836911"
"190799","0.9826789608482176","0.9826789608482176","0.9826789608482176"
"191065","1.0961101449875261","1.0961101449875261","1.0961101449875261"
"191333","1.1394164886007079","1.1394164886007079","1.1394164886007079"
"191596","1.1792756436828897","1.1792756436828897","1.1792756436828897"
"191850","1.1324461001999044","1.1324461001999044","1.1324461001999044"
"192120","1.1328604365250579","1.1328604365250579","1.1328604365250579"
"192376","1.0677655310266547","1.0677655310266547","1.0677655310266547"
"192634","1.0728608950383178","1.0728608950383178","1.0728608950383178"
"192889","1.1571538812425093","1.1571538812425093","1.1571538812425093"
"193148","1.22214474600126","1.22214474600126","1.22214474600126"
"193410","1.2632812344673399","1.2632812344673399","1.2632812344673399"
"193666","1.2131219334902794","1.2131219334902794","1.2131219334902794"
"193929","1.1966984238408265","1.1966984238408265","1.1966984238408265"
"194193","1.144206353494162","1.144206353494162","1.144206353494162"
"194447","1.1776773592112242","1.1776773592112242","1.1776773592112242"
"194707","1.0502587493712348","1.0502587493712348","1.0502587493712348"
"194969","1.226480351169475","1.226480351169475","1.226480351169475"
"195221","1.1311400685344037","1.1311400685344037","1.1311400685344037"
"195486","1.0867316863635188","1.0867316863635188","1.0867316863635188"
"195752","1.1140844630987246","1.1140844630987246","1.1140844630987246"
"196011","1.1441056079679617","1.1441056079679617","1.1441056079679617"
"196270","1.1733661248079903","1.1733661248079903","1.1733661248079903"
"196534","1.1971273171580414","1.1971273171580414","1.1971273171580414"
"196784","1.0942622369993131","1.0942622369993131","1.0942622369993131"
"197038","1.0608528808647708","1.0608528808647708","1.0608528808647708"
"197296","1.1195478816874815","1.1195478816874815","1.1195478816874815"
"197557","1.0701962801768716","1.0701962801768716","1.0701962801768716"
"197816","1.1686056156445392","1.1686056156445392","1.1686056156445392"
"198074","1.0919344142155083","1.0919344142155083","1.0919344142155083"
"198343","1.1636599234156824","1.1636599234156824","1.1636599234156824"
"198588","1.0918255456820576","1.0918255456820576","1.0918255456820576"
"198851","1.2077387542084412","1.2077387542084412","1.2077387542084412"
"199104","1.10721647484595","1.10721647484595","1.10721647484595"
"199371","1.0859515870440135","1.0859515870440135","1.0859515870440135"
"199637","1.0096340443078153","1.0096340443078153","1.0096340443078153"
"199903","1.0294971006605216","1.0294971006605216","1.0294971006605216"
"200154","1.0023705886767598","1.0023705886767598","1.0023705886767598"
"200409","0.8855592781189661","0.8855592781189661","0.8855592781189661"
"200665","1.059617118400355","1.059617118400355","1.059617118400355"
"200929","1.162357381729685","1.162357381729685","1.162357381729685"
"201184","1.1022915392286248","1.1022915392286248","1.1022915392286248"
"201445","1.148255223359508","1.148255223359508","1.148255223359508"
"201700","1.250776482906131","1.250776482906131","1.250776482906131"
"201963","1.1592025423505858","1.1592025423505858","1.1592025423505858"
"202227","1.168142767726315","1.168142767726315","1.168142767726315"
"202474","1.1157122093081921","1.1157122093081921","1.1157122093081921"
"202718","1.1272635610230146","1.1272635610230146","1.1272635610230146"
"202976","1.1313645820026061","1.1313645820026061","1.1313645820026061"
"203240","1.0320014540144056","1.0320014540144056","1.0320014540144056"
"203494","1.045827638413479","1.045827638413479","1.045827638413479"
"203749","1.2411126046302945","1.2411126046302945","1.2411126046302945"
"204010","1.150032563880086","1.150032563880086","1.150032563880086"
"204275","1.2443862163937112","1.2443862163937112","1.2443862163937112"
"204537","1.1189139725488917","1.1189139725488917","1.1189139725488917"
"204804","1.19769361772471","1.19769361772471","1.19769361772471"
"205056","1.1298655011725647","1.1298655011725647","1.1298655011725647"
"205314","1.0689628030302014","1.0689628030302014","1.0689628030302014"
"205578","1.054802908758277","1.054802908758277","1.054802908758277"
"205842","1.115639352166855","1.115639352166855","1.115639352166855"
"206097","1.0751603009275743","1.0751603009275743","1.0751603009275743"
"206359","1.0231250228284152","1.0231250228284152","1.0231250228284152"
"206619","1.1766263067405425","1.1766263067405425","1.1766263067405425"
"206871","1.2371285677341077","1.2371285677341077","1.2371285677341077"
"207132","1.1090343523908543","1.1090343523908543","1.1090343523908543"
"207391","1.1211060526589374","1.1211060526589374","1.1211060526589374"
"207651","1.0213620764868891","1.0213620764868891","1.0213620764868891"
"207914","1.0502382052653785","1.0502382052653785","1.0502382052653785"
"208168","1.082507439817825","1.082507439817825","1.082507439817825"
"208411","0.9840056373831931","0.9840056373831931","0.9840056373831931"
"208669","1.110647033138346","1.110647033138346","1.110647033138346"
"208924","1.166793441129883","1.166793441129883","1.166793441129883"
"209193","1.2941437252763845","1.2941437252763845","1.2941437252763845"
"209459","1.2555427993569404","1.2555427993569404","1.2555427993569404"
"209708","1.1805656478240911","1.1805656478240911","1.1805656478240911"
"209976","1.1055914765383121","1.1055914765383121","1.1055914765383121"
"210238","1.0996958989209573","1.0996958989209573","1.0996958989209573"
"210500","1.2032804676927666","1.2032804676927666","1.2032804676927666"
"210758","1.0997682802241158","1.0997682802241158","1.0997682802241158"
"211015","1.1315099153158108","1.1315099153158108","1.1315099153158108"
"211282","1.1787675114973994","1.1787675114973994","1.1787675114973994"
"211539","1.1567362012393094","1.1567362012393094","1.1567362012393094"
"211791","1.048798883431539","1.048798883431539","1.048798883431539"
"212054","1.1071987302916197","1.1071987302916197","1.1071987302916197"
"212320","1.021647533222481","1.021647533222481","1.021647533222481"
"212576","1.046360937576249","1.046360937576249","1.046360937576249"
"212843","1.174178666372249","1.174178666372249","1.174178666372249"
"213100","1.0791862770699245","1.0791862770699245","1.0791862770699245"
"213366","1.257928440913006","1.257928440913006","1.257928440913006"
"213624","0.9989536469181378","0.9989536469181378","0.9989536469181378"
"213892","1.0628425623255748","1.0628425623255748","1.0628425623255748"
"214157","1.0712130877418464","1.0712130877418464","1.0712130877418464"
"214411","1.0369119432489649","1.0369119432489649","1.0369119432489649"
"214669","1.0623493863539524","1.0623493863539524","1.0623493863539524"
"214921","0.968251385043988","0.968251385043988","0.968251385043988"
"215183","1.1684634688840037","1.1684634688840037","1.1684634688840037"
"215451","1.0821303072341673","1.0821303072341673","1.0821303072341673"
"215717","1.1116088104252386","1.1116088104252386","1.1116088104252386"
"215981","1.0992917735758052","1.0992917735758052","1.0992917735758052"
"216249","1.0545261077858783","1.0545261077858783","1.0545261077858783"
"216501","1.0381904336327958","1.0381904336327958","1.0381904336327958"
"216755","1.016131308592028","1.016131308592028","1.016131308592028"
"217016","1.1552618572125863","1.1552618572125863","1.1552618572125863"
"217277","1.1277315789195537","1.1277315789195537","1.1277315789195537"
"217531","1.2363915248877473","1.2363915248877473","1.2363915248877473"
"217800","1.2200970621680256","1.2200970621680256","1.2200970621680256"
"218070","1.1848134587393866","1.1848134587393866","1.1848134587393866"
"218333","0.95150714511083","0.95150714511083","0.95150714511083"
"218580","1.1202781969375575","1.1202781969375575","1.1202781969375575"
"218845","1.1897722724416306","1.1897722724416306","1.1897722724416306"
"219098","1.2904605406256857","1.2904605406256857","1.2904605406256857"
"219368","1.0519099924377842","1.0519099924377842","1.0519099924377842"
"219626","1.0267902370365105","1.0267902370365105","1.0267902370365105"
"219882","1.1499812767241968","1.1499812767241968","1.1499812767241968"
"220154","1.1349474893237737","1.1349474893237737","1.1349474893237737"
"220410","1.221326964403744","1.221326964403744","1.221326964403744"
"220672","1.118247753950987","1.118247753950987","1.118247753950987"
"220935","1.1261426964913732","1.1261426964913732","1.1261426964913732"
"221201","1.104231292544406","1.104231292544406","1.104231292544406"
"221467","1.0688933205801059","1.0688933205801059","1.0688933205801059"
"221724","1.043131419329374","1.043131419329374","1.043131419329374"
"221986","1.191415449803686","1.191415449803686","1.191415449803686"
"222251","1.0739424933520532","1.0739424933520532","1.0739424933520532"
"222513","1.0595124513359258","1.0595124513359258","1.0595124513359258"
"222784","1.1427289009438903","1.1427289009438903","1.1427289009438903"
"223041","1.2330942513164977","1.2330942513164977","1.2330942513164977"
"223308","1.0142190167161058","1.0142190167161058","1.0142190167161058"
"223573","1.0625965093999212","1.0625965093999212","1.0625965093999212"
"223833","1.031463223036879","1.031463223036879","1.031463223036879"
"224095","1.0208484546513363","1.0208484546513363","1.0208484546513363"
"224356","1.1685811533864134","1.1685811533864134","1.1685811533864134"
"224610","1.1967760892653907","1.1967760892653907","1.1967760892653907"
"224878","1.0911121738771896","1.0911121738771896","1.0911121738771896"
"225113","1.102624256469583","1.102624256469583","1.102624256469583"
"225376","1.1444983315994721","1.1444983315994721","1.1444983315994721"
"225636","1.2220183431550309","1.2220183431550309","1.2220183431550309"
"225901","1.153292771173087","1.153292771173087","1.153292771173087"
"226169","1.1261998401449225","1.1261998401449225","1.1261998401449225"
"226428","1.1356987453191492","1.1356987453191492","1.1356987453191492"
"226692","1.1879465484723615","1.1879465484723615","1.1879465484723615"
"226959","0.9743304701801326","0.9743304701801326","0.9743304701801326"
"227226","1.0745750589227234","1.0745750589227234","1.0745750589227234"
"227484","1.1091067845712277","1.1091067845712277","1.1091067845712277"
"227748","1.0937057035837185","1.0937057035837185","1.0937057035837185"
"228011","1.1504059977720003","1.1504059977720003","1.1504059977720003"
"228280","1.1833564163189092","1.1833564163189092","1.1833564163189092"
"228547","1.1315059998722203","1.1315059998722203","1.1315059998722203"
"228816","1.1030599240426702","1.1030599240426702","1.1030599240426702"
"229076","1.1571665749319788","1.1571665749319788","1.1571665749319788"
"229334","1.1947838158816133","1.1947838158816133","1.1947838158816133"
"229599","1.1601678370755868","1.1601678370755868","1.1601678370755868"
"229859","1.1062800578181924","1.1062800578181924","1.1062800578181924"
"230125","0.9889054831143791","0.9889054831143791","0.9889054831143791"
"230380","1.0395630643722447","1.0395630643722447","1.0395630643722447"
"230636","1.1719429306299305","1.1719429306299305","1.1719429306299305"
"230902","1.1789432826834845","1.1789432826834845","1.1789432826834845"
"231162","1.1792201356318361","1.1792201356318361","1.1792201356318361"
"231430","1.1897937801690792","1.1897937801690792","1.1897937801690792"
"231703","1.2479968048714625","1.2479968048714625","1.2479968048714625"
"231964","1.113426365022174","1.113426365022174","1.113426365022174"
"232232","1.2405389829090954","1.2405389829090954","1.2405389829090954"
"232495","1.0342189423387431","1.0342189423387431","1.0342189423387431"
"232761","1.121933296352792","1.121933296352792","1.121933296352792"
"233032","1.0024215570862187","1.0024215570862187","1.0024215570862187"
"233293","1.16382343625761","1.16382343625761","1.16382343625761"
"233557","1.060335410904264","1.060335410904264","1.060335410904264"
"233828","1.1715702364164082","1.1715702364164082","1.1715702364164082"
"234097","1.129034213029319","1.129034213029319","1.129034213029319"
"234360","1.0701556491585913","1.0701556491585913","1.0701556491585913"
"234619","1.0714969874808082","1.0714969874808082","1.0714969874808082"
"234875","0.9631010240496835","0.9631010240496835","0.9631010240496835"
"235142","1.0677686527825039","1.0677686527825039","1.0677686527825039"
"235400","1.0875230798862077","1.0875230798862077","1.0875230798862077"
"235666","1.2071843720611368","1.2071843720611368","1.2071843720611368"
"235937","1.1387445614859324","1.1387445614859324","1.1387445614859324"
"236200","1.1512426109675222","1.1512426109675222","1.1512426109675222"
"236466","1.064350236124768","1.064350236124768","1.064350236124768"
"236709","0.9606194760941218","0.9606194760941218","0.9606194760941218"
"236972","1.1133536224839864","1.1133536224839864","1.1133536224839864"
"237226","1.1721208918161108","1.1721208918161108","1.1721208918161108"
"237492","1.1267176885884878","1.1267176885884878","1.1267176885884878"
"237750","1.087118001659796","1.087118001659796","1.087118001659796"
"238012","1.1659112681182568","1.1659112681182568","1.1659112681182568"
"238281","1.1590522753604864","1.1590522753604864","1.1590522753604864"
"238531","1.0692721070238838","1.0692721070238838","1.0692721070238838"
"238792","1.336759615814154","1.336759615814154","1.336759615814154"
"239053","1.1353718703846054","1.1353718703846054","1.1353718703846054"
"239298","1.0547376511825455","1.0547376511825455","1.0547376511825455"
"239566","1.0399056074199124","1.0399056074199124","1.0399056074199124"
"239835","1.2243877153705667","1.2243877153705667","1.2243877153705667"
"240101","1.2457318182083028","1.2457318182083028","1.2457318182083028"
"240363","1.1489931729797163","1.1489931729797163","1.1489931729797163"
"240635","1.1597746601535215","1.1597746601535215","1.1597746601535215"
"240910","1.0511810059107285","1.0511810059107285","1.0511810059107285"
"241170","1.204019116251557","1.204019116251557","1.204019116251557"
"241421","1.1491753625991619","1.1491753625991619","1.1491753625991619"
"241682","1.1056811192588358","1.1056811192588358","1.1056811192588358"
"241939","1.1128254892461895","1.1128254892461895","1.1128254892461895"
"242196","1.1510161420537366","1.1510161420537366","1.1510161420537366"
"242453","1.1230889946717177","1.1230889946717177","1.1230889946717177"
"242702","1.1619948921824188","1.1619948921824188","1.1619948921824188"
"242967","1.1849011393437632","1.1849011393437632","1.1849011393437632"
"243236","1.1331107931620126","1.1331107931620126","1.1331107931620126"
"243496","1.159363813044976","1.159363813044976","1.159363813044976"
"243763","1.0619423750250905","1.0619423750250905","1.0619423750250905"
"244025","1.0691233232728168","1.0691233232728168","1.0691233232728168"
"244295","1.2620485762479128","1.2620485762479128","1.2620485762479128"
"244559","1.1599579143898073","1.1599579143898073","1.1599579143898073"
"244828","1.229464994690709","1.229464994690709","1.229464994690709"
"245073","1.1049851470733907","1.1049851470733907","1.1049851470733907"
"245341","1.211067123857905","1.211067123857905","1.211067123857905"
"245614","1.0632483837448943","1.0632483837448943","1.0632483837448943"
"245888","0.9773300361009585","0.9773300361009585","0.9773300361009585"
"246150","1.072920894375043","1.072920894375043","1.072920894375043"
"246408","1.073332731029514","1.073332731029514","1.073332731029514"
"246674","1.1806480953858463","1.1806480953858463","1.1806480953858463"
"246938","1.0216019232791882","1.0216019232791882","1.0216019232791882"
"247206","1.1853821081720592","1.1853821081720592","1.1853821081720592"
"247455","1.1316190682685205","1.1316190682685205","1.1316190682685205"
"247716","1.1946554096760573","1.1946554096760573","1.1946554096760573"
"247979","1.151622539151598","1.151622539151598","1.151622539151598"
"248236","1.177551771810761","1.177551771810761","1.177551771810761"
"248486","1.125200184875293","1.125200184875293","1.125200184875293"
"248747","1.1686496054100703","1.1686496054100703","1.1686496054100703"
"249003","1.131638804265054","1.131638804265054","1.131638804265054"
"249269","1.1178881344540093","1.1178881344540093","1.1178881344540093"
"249537","1.2136217993582075","1.2136217993582075","1.2136217993582075"
"249799","1.1705858689711761","1.1705858689711761","1.1705858689711761"
"250064","1.0882656292084072","1.0882656292084072","1.0882656292084072"
"250325","1.1160040736807766","1.1160040736807766","1.1160040736807766"
"250573","1.0858642872134259","1.0858642872134259","1.0858642872134259"
"250836","1.1138798036439341","1.1138798036439341","1.1138798036439341"
"251095","1.0996570706118216","1.0996570706118216","1.0996570706118216"
"251362","1.1229599166841533","1.1229599166841533","1.1229599166841533"
"251626","1.1857287527176854","1.1857287527176854","1.1857287527176854"
"251892","1.0600929152954204","1.0600929152954204","1.0600929152954204"
"252157","1.2112141888670156","1.2112141888670156","1.2112141888670156"
"252412","1.0680354014454039","1.0680354014454039","1.0680354014454039"
"252678","1.1549908670086864","1.1549908670086864","1.1549908670086864"
"252941","1.1710083529235338","1.1710083529235338","1.1710083529235338"
"253186","1.0217590090787543","1.0217590090787543","1.0217590090787543"
"253455","1.151712045432241","1.151712045432241","1.151712045432241"
"253719","1.1305071736507721","1.1305071736507721","1.1305071736507721"
"253984","1.0827815686387043","1.0827815686387043","1.0827815686387043"
"254248","1.0115373956232294","1.0115373956232294","1.0115373956232294"
"254512","1.1612503137853412","1.1612503137853412","1.1612503137853412"
"254775","1.0345236029212803","1.0345236029212803","1.0345236029212803"
"255039","1.0569792763226562","1.0569792763226562","1.0569792763226562"
"255297","1.0868278138916871","1.0868278138916871","1.0868278138916871"
"255562","1.0434525945529727","1.0434525945529727","1.0434525945529727"
"255814","0.9853807323632214","0.9853807323632214","0.9853807323632214"
"256066","1.0701633166103202","1.0701633166103202","1.0701633166103202"
"256324","1.1462151611292803","1.1462151611292803","1.1462151611292803"
"256584","1.0939809494694097","1.0939809494694097","1.0939809494694097"
"256853","1.1252428821308968","1.1252428821308968","1.1252428821308968"
"257125","1.2756292517761385","1.2756292517761385","1.2756292517761385"
"257387","1.214060097767247","1.214060097767247","1.214060097767247"
"257650","1.1429909869521166","1.1429909869521166","1.1429909869521166"
"257902","1.0901980562570268","1.0901980562570268","1.0901980562570268"
"258166","1.0205875521322612","1.0205875521322612","1.0205875521322612"
"258435","1.1085225263790193","1.1085225263790193","1.1085225263790193"
"258697","1.158471444973092","1.158471444973092","1.158471444973092"
"258968","1.132428775557633","1.132428775557633","1.132428775557633"
"259230","1.214693672227006","1.214693672227006","1.214693672227006"
"259488","1.085288178589609","1.085288178589609","1.085288178589609"
"259756","1.1077591952725858","1.1077591952725858","1.1077591952725858"
"260010","1.1705212074012334","1.1705212074012334","1.1705212074012334"
"260278","1.252348076874545","1.252348076874545","1.252348076874545"
"260532","1.150127674114925","1.150127674114925","1.150127674114925"
"260804","1.2189909566109622","1.2189909566109622","1.2189909566109622"
"261067","1.0510025875172715","1.0510025875172715","1.0510025875172715"
"261336","1.2133448569035088","1.2133448569035088","1.2133448569035088"
"261597","1.1347245273597957","1.1347245273597957","1.1347245273597957"