"Step","fine tune relabel_0_1e-05 - average_loss","fine tune relabel_0_1e-05 - average_loss__MIN","fine tune relabel_0_1e-05 - average_loss__MAX"
"260","1.1657991183270242","1.1657991183270242","1.1657991183270242"
"519","0.9334189981534992","0.9334189981534992","0.9334189981534992"
"786","1.0244249362898887","1.0244249362898887","1.0244249362898887"
"1043","0.9635849334385798","0.9635849334385798","0.9635849334385798"
"1288","0.9575858185268217","0.9575858185268217","0.9575858185268217"
"1539","0.9978832745483256","0.9978832745483256","0.9978832745483256"
"1810","1.1402001801778983","1.1402001801778983","1.1402001801778983"
"2067","1.0672061103272317","1.0672061103272317","1.0672061103272317"
"2336","1.18399930514783","1.18399930514783","1.18399930514783"
"2608","1.0320605399981744","1.0320605399981744","1.0320605399981744"
"2865","1.0926425788137648","1.0926425788137648","1.0926425788137648"
"3138","1.1305715626122004","1.1305715626122004","1.1305715626122004"
"3401","1.050724284744201","1.050724284744201","1.050724284744201"
"3651","0.9311127626265968","0.9311127626265968","0.9311127626265968"
"3906","0.9424810495323801","0.9424810495323801","0.9424810495323801"
"4166","1.1193707386543803","1.1193707386543803","1.1193707386543803"
"4435","0.9093153936812013","0.9093153936812013","0.9093153936812013"
"4692","1.0755016713189738","1.0755016713189738","1.0755016713189738"
"4959","0.8462762117424902","0.8462762117424902","0.8462762117424902"
"5228","1.0393546555869864","1.0393546555869864","1.0393546555869864"
"5491","0.9582757027375864","0.9582757027375864","0.9582757027375864"
"5759","0.9474523180395064","0.9474523180395064","0.9474523180395064"
"6024","1.1478488924232229","1.1478488924232229","1.1478488924232229"
"6292","1.0834477753739296","1.0834477753739296","1.0834477753739296"
"6551","1.0512803807512143","1.0512803807512143","1.0512803807512143"
"6811","1.0430163790558085","1.0430163790558085","1.0430163790558085"
"7080","1.0641071026753015","1.0641071026753015","1.0641071026753015"
"7351","1.0471503883600235","1.0471503883600235","1.0471503883600235"
"7615","1.1242353828057448","1.1242353828057448","1.1242353828057448"
"7881","1.0753438254137464","1.0753438254137464","1.0753438254137464"
"8151","1.0077633603407177","1.0077633603407177","1.0077633603407177"
"8412","1.0049832914852435","1.0049832914852435","1.0049832914852435"
"8679","1.1620735782038076","1.1620735782038076","1.1620735782038076"
"8948","0.862404500289375","0.862404500289375","0.862404500289375"
"9210","1.0704695999829306","1.0704695999829306","1.0704695999829306"
"9475","1.0256766768931327","1.0256766768931327","1.0256766768931327"
"9735","1.0168816063467072","1.0168816063467072","1.0168816063467072"
"9989","0.9395510270647149","0.9395510270647149","0.9395510270647149"
"10253","1.093268737093442","1.093268737093442","1.093268737093442"
"10518","1.050490522511343","1.050490522511343","1.050490522511343"
"10781","0.9408119644049427","0.9408119644049427","0.9408119644049427"
"11045","0.8054555535211142","0.8054555535211142","0.8054555535211142"
"11306","1.1094199405250025","1.1094199405250025","1.1094199405250025"
"11565","1.1139395342129403","1.1139395342129403","1.1139395342129403"
"11830","0.9496618773400163","0.9496618773400163","0.9496618773400163"
"12091","0.968640045404822","0.968640045404822","0.968640045404822"
"12341","1.0951016043347686","1.0951016043347686","1.0951016043347686"
"12600","1.0527498068432306","1.0527498068432306","1.0527498068432306"
"12862","1.0188800835162917","1.0188800835162917","1.0188800835162917"
"13129","1.0217007303549355","1.0217007303549355","1.0217007303549355"
"13391","0.9722760400825075","0.9722760400825075","0.9722760400825075"
"13653","0.9749645235669723","0.9749645235669723","0.9749645235669723"
"13910","1.1911446042600329","1.1911446042600329","1.1911446042600329"
"14173","1.0692160274644131","1.0692160274644131","1.0692160274644131"
"14443","0.9865660547845807","0.9865660547845807","0.9865660547845807"
"14711","0.994092363702415","0.994092363702415","0.994092363702415"
"14975","0.9869790126738264","0.9869790126738264","0.9869790126738264"
"15229","1.108644151798001","1.108644151798001","1.108644151798001"
"15486","1.0598131487456461","1.0598131487456461","1.0598131487456461"
"15749","1.1087956382054203","1.1087956382054203","1.1087956382054203"
"15998","1.1322178294282332","1.1322178294282332","1.1322178294282332"
"16252","0.9964907466913301","0.9964907466913301","0.9964907466913301"
"16501","1.1502585056684496","1.1502585056684496","1.1502585056684496"
"16751","0.928431660367451","0.928431660367451","0.928431660367451"
"17014","0.9696537891271279","0.9696537891271279","0.9696537891271279"
"17281","1.0623348754589204","1.0623348754589204","1.0623348754589204"
"17547","0.9064244359361004","0.9064244359361004","0.9064244359361004"
"17798","0.9550761821231356","0.9550761821231356","0.9550761821231356"
"18066","1.0290124071872255","1.0290124071872255","1.0290124071872255"
"18311","0.9173339740131741","0.9173339740131741","0.9173339740131741"
"18568","1.0137480204338554","1.0137480204338554","1.0137480204338554"
"18824","0.9394621633948961","0.9394621633948961","0.9394621633948961"
"19088","0.9298137870701564","0.9298137870701564","0.9298137870701564"
"19337","1.0788058495140394","1.0788058495140394","1.0788058495140394"
"19595","0.9722342649656909","0.9722342649656909","0.9722342649656909"
"19856","1.157444018996065","1.157444018996065","1.157444018996065"
"20124","0.9735785889995626","0.9735785889995626","0.9735785889995626"
"20390","1.0919667571401601","1.0919667571401601","1.0919667571401601"
"20657","1.1022749167311867","1.1022749167311867","1.1022749167311867"
"20914","0.9106062221172309","0.9106062221172309","0.9106062221172309"
"21162","0.9781537027546752","0.9781537027546752","0.9781537027546752"
"21418","1.1105212394085593","1.1105212394085593","1.1105212394085593"
"21671","1.0650464493958116","1.0650464493958116","1.0650464493958116"
"21933","1.064159106172372","1.064159106172372","1.064159106172372"
"22196","0.9368370952179518","0.9368370952179518","0.9368370952179518"
"22461","0.7729140013363501","0.7729140013363501","0.7729140013363501"
"22723","1.0153767739206112","1.0153767739206112","1.0153767739206112"
"22982","1.0370331023440547","1.0370331023440547","1.0370331023440547"
"23245","1.0764788483027918","1.0764788483027918","1.0764788483027918"
"23505","1.1541764865117319","1.1541764865117319","1.1541764865117319"
"23767","1.0372294914281406","1.0372294914281406","1.0372294914281406"
"24032","1.17909865274301","1.17909865274301","1.17909865274301"
"24293","0.9995167816097684","0.9995167816097684","0.9995167816097684"
"24555","1.1245441137525969","1.1245441137525969","1.1245441137525969"
"24812","1.1313741335379475","1.1313741335379475","1.1313741335379475"
"25069","1.0019202156147609","1.0019202156147609","1.0019202156147609"
"25331","0.9267523001921912","0.9267523001921912","0.9267523001921912"
"25595","0.9924928154279796","0.9924928154279796","0.9924928154279796"
"25858","0.9693337527459234","0.9693337527459234","0.9693337527459234"
"26125","1.1427189262402224","1.1427189262402224","1.1427189262402224"
"26393","0.9460976665123961","0.9460976665123961","0.9460976665123961"
"26664","0.9918319479088948","0.9918319479088948","0.9918319479088948"
"26925","0.9540954564737145","0.9540954564737145","0.9540954564737145"
"27195","0.9929886259579453","0.9929886259579453","0.9929886259579453"
"27457","1.0263433348577111","1.0263433348577111","1.0263433348577111"
"27715","1.0361660984925982","1.0361660984925982","1.0361660984925982"
"27977","0.9459375120229745","0.9459375120229745","0.9459375120229745"
"28244","0.9034640313436587","0.9034640313436587","0.9034640313436587"
"28496","1.0713868377250413","1.0713868377250413","1.0713868377250413"
"28757","0.9368935816099436","0.9368935816099436","0.9368935816099436"
"29012","1.0144165328358887","1.0144165328358887","1.0144165328358887"
"29275","0.9844334156427706","0.9844334156427706","0.9844334156427706"
"29540","1.0191278457589863","1.0191278457589863","1.0191278457589863"
"29793","0.9722123655363423","0.9722123655363423","0.9722123655363423"
"30055","1.08342764526941","1.08342764526941","1.08342764526941"
"30319","1.0234097434982181","1.0234097434982181","1.0234097434982181"
"30578","1.1217950826165852","1.1217950826165852","1.1217950826165852"
"30830","1.137149832262984","1.137149832262984","1.137149832262984"
"31090","1.0125964406343644","1.0125964406343644","1.0125964406343644"
"31360","1.1184433198979942","1.1184433198979942","1.1184433198979942"
"31623","0.9786414299989326","0.9786414299989326","0.9786414299989326"
"31891","1.1734189187076123","1.1734189187076123","1.1734189187076123"
"32151","0.8594338687220727","0.8594338687220727","0.8594338687220727"
"32404","0.9592098529191895","0.9592098529191895","0.9592098529191895"
"32661","0.8981556646608339","0.8981556646608339","0.8981556646608339"
"32918","0.9680466020806973","0.9680466020806973","0.9680466020806973"
"33182","1.003012590411865","1.003012590411865","1.003012590411865"
"33448","1.0102847822549226","1.0102847822549226","1.0102847822549226"
"33711","0.9931299287075613","0.9931299287075613","0.9931299287075613"
"33983","1.0714579362969008","1.0714579362969008","1.0714579362969008"
"34242","1.0492778184973388","1.0492778184973388","1.0492778184973388"
"34498","0.985005845803602","0.985005845803602","0.985005845803602"
"34766","1.046050588447049","1.046050588447049","1.046050588447049"
"35034","0.9536623426604474","0.9536623426604474","0.9536623426604474"
"35301","1.0933060511029888","1.0933060511029888","1.0933060511029888"
"35573","1.1456900230749685","1.1456900230749685","1.1456900230749685"
"35828","0.9788665071295983","0.9788665071295983","0.9788665071295983"
"36095","1.0610476123462258","1.0610476123462258","1.0610476123462258"
"36359","1.029123311874821","1.029123311874821","1.029123311874821"
"36626","0.9931559446241851","0.9931559446241851","0.9931559446241851"
"36893","1.1174429833041764","1.1174429833041764","1.1174429833041764"
"37154","1.001258255776749","1.001258255776749","1.001258255776749"
"37407","0.8643650582267178","0.8643650582267178","0.8643650582267178"
"37665","1.0290014394056353","1.0290014394056353","1.0290014394056353"
"37913","0.8905095978329579","0.8905095978329579","0.8905095978329579"
"38177","1.1441425822407376","1.1441425822407376","1.1441425822407376"
"38432","0.9796230553420494","0.9796230553420494","0.9796230553420494"
"38692","0.9305544667783924","0.9305544667783924","0.9305544667783924"
"38958","0.9913573567657183","0.9913573567657183","0.9913573567657183"
"39228","0.9483985499712179","0.9483985499712179","0.9483985499712179"
"39477","1.0610565855926661","1.0610565855926661","1.0610565855926661"
"39738","0.9462954879238108","0.9462954879238108","0.9462954879238108"
"40002","0.9749181744295871","0.9749181744295871","0.9749181744295871"
"40261","1.0918017499695034","1.0918017499695034","1.0918017499695034"
"40526","0.9973885934115886","0.9973885934115886","0.9973885934115886"
"40786","1.135538426593498","1.135538426593498","1.135538426593498"
"41057","1.0164138372664657","1.0164138372664657","1.0164138372664657"
"41320","1.1555675643800234","1.1555675643800234","1.1555675643800234"
"41578","1.062158216038642","1.062158216038642","1.062158216038642"
"41834","0.964128529764373","0.964128529764373","0.964128529764373"
"42109","0.9868392134106776","0.9868392134106776","0.9868392134106776"
"42356","1.0337972864547518","1.0337972864547518","1.0337972864547518"
"42613","0.8681782278764889","0.8681782278764889","0.8681782278764889"
"42877","1.064189018509601","1.064189018509601","1.064189018509601"
"43134","1.0077734107935865","1.0077734107935865","1.0077734107935865"
"43409","1.0179457971424164","1.0179457971424164","1.0179457971424164"
"43675","0.979522570974946","0.979522570974946","0.979522570974946"
"43943","1.0316375972702156","1.0316375972702156","1.0316375972702156"
"44207","1.0492877899270963","1.0492877899270963","1.0492877899270963"
"44480","0.9828291168140859","0.9828291168140859","0.9828291168140859"
"44736","1.0733100729833058","1.0733100729833058","1.0733100729833058"
"44994","1.0669337184196945","1.0669337184196945","1.0669337184196945"
"45267","0.8644772327019687","0.8644772327019687","0.8644772327019687"
"45528","1.0366270168329432","1.0366270168329432","1.0366270168329432"
"45798","1.0666317895147923","1.0666317895147923","1.0666317895147923"
"46044","1.0113942022830578","1.0113942022830578","1.0113942022830578"
"46307","0.9309888355283975","0.9309888355283975","0.9309888355283975"
"46571","0.9326657911027454","0.9326657911027454","0.9326657911027454"
"46831","1.0826485475151346","1.0826485475151346","1.0826485475151346"
"47092","0.9045887537051096","0.9045887537051096","0.9045887537051096"
"47351","0.9806620082916989","0.9806620082916989","0.9806620082916989"
"47622","1.0408879052333475","1.0408879052333475","1.0408879052333475"
"47894","0.966471667060848","0.966471667060848","0.966471667060848"
"48158","1.0315968950761758","1.0315968950761758","1.0315968950761758"
"48426","1.060407223527114","1.060407223527114","1.060407223527114"
"48689","1.0696997573475502","1.0696997573475502","1.0696997573475502"
"48946","0.8599838863430638","0.8599838863430638","0.8599838863430638"
"49204","0.8666738012912898","0.8666738012912898","0.8666738012912898"
"49468","0.9052459637966698","0.9052459637966698","0.9052459637966698"
"49734","1.012909226372644","1.012909226372644","1.012909226372644"
"49979","0.9170882892324014","0.9170882892324014","0.9170882892324014"
"50238","0.978421884669657","0.978421884669657","0.978421884669657"
"50508","1.1422382342900628","1.1422382342900628","1.1422382342900628"
"50763","0.9928068232024948","0.9928068232024948","0.9928068232024948"
"51034","1.010460710372927","1.010460710372927","1.010460710372927"
"51291","1.0561053094994948","1.0561053094994948","1.0561053094994948"
"51559","0.9993698519187183","0.9993698519187183","0.9993698519187183"
"51827","1.1235965713536171","1.1235965713536171","1.1235965713536171"
"52096","1.0177215669055941","1.0177215669055941","1.0177215669055941"
"52348","0.9971255995879859","0.9971255995879859","0.9971255995879859"
"52612","0.9901619392095149","0.9901619392095149","0.9901619392095149"
"52878","1.0261477502305267","1.0261477502305267","1.0261477502305267"
"53140","0.982074773393742","0.982074773393742","0.982074773393742"
"53398","1.076708977003749","1.076708977003749","1.076708977003749"
"53655","0.9801970817636542","0.9801970817636542","0.9801970817636542"
"53908","0.9353132831066764","0.9353132831066764","0.9353132831066764"
"54172","1.0461723872965312","1.0461723872965312","1.0461723872965312"
"54423","0.8987174513500219","0.8987174513500219","0.8987174513500219"
"54686","1.1251039042155155","1.1251039042155155","1.1251039042155155"
"54955","0.9906149439832402","0.9906149439832402","0.9906149439832402"
"55211","1.0461628584640683","1.0461628584640683","1.0461628584640683"
"55473","0.9571476633832963","0.9571476633832963","0.9571476633832963"
"55723","1.004996014261318","1.004996014261318","1.004996014261318"
"55985","1.0171983409913434","1.0171983409913434","1.0171983409913434"
"56252","1.1043545975020794","1.1043545975020794","1.1043545975020794"
"56500","0.8892886243539008","0.8892886243539008","0.8892886243539008"
"56768","0.9437124987624284","0.9437124987624284","0.9437124987624284"
"57028","0.9581760683526105","0.9581760683526105","0.9581760683526105"
"57291","1.0633704911133304","1.0633704911133304","1.0633704911133304"
"57549","1.0648442865293093","1.0648442865293093","1.0648442865293093"
"57793","1.0868575711800375","1.0868575711800375","1.0868575711800375"
"58050","1.093345834797947","1.093345834797947","1.093345834797947"
"58315","0.9339779609809996","0.9339779609809996","0.9339779609809996"
"58567","1.016096512568602","1.016096512568602","1.016096512568602"
"58814","1.0777585368327756","1.0777585368327756","1.0777585368327756"
"59083","0.9629419177661737","0.9629419177661737","0.9629419177661737"
"59352","1.1538133526448056","1.1538133526448056","1.1538133526448056"
"59618","1.091045814562213","1.091045814562213","1.091045814562213"
"59878","1.05460125227288","1.05460125227288","1.05460125227288"
"60151","1.0692928311242549","1.0692928311242549","1.0692928311242549"
"60415","1.0965975949425524","1.0965975949425524","1.0965975949425524"
"60687","1.1202294767001393","1.1202294767001393","1.1202294767001393"
"60939","1.001311527537112","1.001311527537112","1.001311527537112"
"61207","1.1147453299967565","1.1147453299967565","1.1147453299967565"
"61460","0.9245522881288137","0.9245522881288137","0.9245522881288137"
"61727","1.0270287023842875","1.0270287023842875","1.0270287023842875"
"61990","1.0318122660370668","1.0318122660370668","1.0318122660370668"
"62249","0.9635309376702318","0.9635309376702318","0.9635309376702318"
"62509","1.027537218765199","1.027537218765199","1.027537218765199"
"62774","1.0407968598647737","1.0407968598647737","1.0407968598647737"
"63040","1.066340186489685","1.066340186489685","1.066340186489685"
"63294","0.8891390880459941","0.8891390880459941","0.8891390880459941"
"63554","1.0051190038001547","1.0051190038001547","1.0051190038001547"
"63818","1.096834429011293","1.096834429011293","1.096834429011293"
"64081","0.9963036211365593","0.9963036211365593","0.9963036211365593"
"64353","1.0756983630127959","1.0756983630127959","1.0756983630127959"
"64615","1.0881628423280614","1.0881628423280614","1.0881628423280614"
"64883","1.1569759350749063","1.1569759350749063","1.1569759350749063"
"65136","1.0819372106378","1.0819372106378","1.0819372106378"
"65399","1.0739097789795966","1.0739097789795966","1.0739097789795966"
"65659","0.8809618866209079","0.8809618866209079","0.8809618866209079"
"65914","0.9728318038082339","0.9728318038082339","0.9728318038082339"
"66185","1.001595075943516","1.001595075943516","1.001595075943516"
"66449","1.0012842560031763","1.0012842560031763","1.0012842560031763"
"66713","0.9914798428243389","0.9914798428243389","0.9914798428243389"
"66958","1.127520554295389","1.127520554295389","1.127520554295389"
"67221","0.9936590595094924","0.9936590595094924","0.9936590595094924"
"67487","1.0223619047936086","1.0223619047936086","1.0223619047936086"
"67739","1.034138700525586","1.034138700525586","1.034138700525586"
"68006","1.0536577557387925","1.0536577557387925","1.0536577557387925"
"68259","1.0144397202406605","1.0144397202406605","1.0144397202406605"
"68525","1.0711777393928548","1.0711777393928548","1.0711777393928548"
"68784","1.08026228857361","1.08026228857361","1.08026228857361"
"69034","0.920857936637758","0.920857936637758","0.920857936637758"
"69294","0.9931304283504335","0.9931304283504335","0.9931304283504335"
"69553","0.9965399984851805","0.9965399984851805","0.9965399984851805"
"69818","1.0712132411147974","1.0712132411147974","1.0712132411147974"
"70076","1.0755865360834393","1.0755865360834393","1.0755865360834393"
"70342","1.0455712224275515","1.0455712224275515","1.0455712224275515"
"70601","0.9446278376170478","0.9446278376170478","0.9446278376170478"
"70863","1.0455329150271848","1.0455329150271848","1.0455329150271848"
"71132","1.0031670053455193","1.0031670053455193","1.0031670053455193"
"71405","1.0149652887474452","1.0149652887474452","1.0149652887474452"
"71665","0.9867120993244582","0.9867120993244582","0.9867120993244582"
"71938","1.0577233842852507","1.0577233842852507","1.0577233842852507"
"72209","0.8186576035238005","0.8186576035238005","0.8186576035238005"
"72475","1.0709325319138787","1.0709325319138787","1.0709325319138787"
"72728","1.0608930670090975","1.0608930670090975","1.0608930670090975"
"72994","0.9545236241099909","0.9545236241099909","0.9545236241099909"
"73258","1.0679971835174658","1.0679971835174658","1.0679971835174658"
"73525","1.0291105989006113","1.0291105989006113","1.0291105989006113"
"73790","0.9784324453183358","0.9784324453183358","0.9784324453183358"
"74056","0.9584125404413243","0.9584125404413243","0.9584125404413243"
"74317","1.1092091234987256","1.1092091234987256","1.1092091234987256"
"74580","0.9909933193135587","0.9909933193135587","0.9909933193135587"
"74850","1.0913330742774179","1.0913330742774179","1.0913330742774179"
"75112","0.9627691348881292","0.9627691348881292","0.9627691348881292"
"75378","1.0589328093644748","1.0589328093644748","1.0589328093644748"
"75633","0.972157851195344","0.972157851195344","0.972157851195344"
"75889","1.1031770018826745","1.1031770018826745","1.1031770018826745"
"76153","1.0269169703308016","1.0269169703308016","1.0269169703308016"
"76423","1.007331432905992","1.007331432905992","1.007331432905992"
"76691","1.0634964857554157","1.0634964857554157","1.0634964857554157"
"76957","1.0014632377751358","1.0014632377751358","1.0014632377751358"
"77222","0.9555174402304637","0.9555174402304637","0.9555174402304637"
"77479","1.0723034342599238","1.0723034342599238","1.0723034342599238"
"77745","1.1362259984985825","1.1362259984985825","1.1362259984985825"
"78003","1.1035400554814747","1.1035400554814747","1.1035400554814747"
"78260","1.1770572023755903","1.1770572023755903","1.1770572023755903"
"78530","1.0229549099218898","1.0229549099218898","1.0229549099218898"
"78797","1.1061477802276183","1.1061477802276183","1.1061477802276183"
"79064","0.9555281598095521","0.9555281598095521","0.9555281598095521"
"79323","1.0441578778967981","1.0441578778967981","1.0441578778967981"
"79575","1.008230988072816","1.008230988072816","1.008230988072816"
"79839","0.9956365888775205","0.9956365888775205","0.9956365888775205"
"80108","0.9401697699626816","0.9401697699626816","0.9401697699626816"
"80379","1.0322671661146512","1.0322671661146512","1.0322671661146512"
"80642","0.9435103318213683","0.9435103318213683","0.9435103318213683"
"80909","1.0652833697009891","1.0652833697009891","1.0652833697009891"
"81174","1.1968332525094143","1.1968332525094143","1.1968332525094143"
"81441","1.1254899396147164","1.1254899396147164","1.1254899396147164"
"81703","1.0172343180275982","1.0172343180275982","1.0172343180275982"
"81964","1.1038481977802737","1.1038481977802737","1.1038481977802737"
"82213","0.9455381123075951","0.9455381123075951","0.9455381123075951"
"82473","0.9214680602268284","0.9214680602268284","0.9214680602268284"
"82741","1.009175774384216","1.009175774384216","1.009175774384216"
"82999","0.9452491474601842","0.9452491474601842","0.9452491474601842"
"83264","1.0734003011503488","1.0734003011503488","1.0734003011503488"
"83514","0.9488654562686881","0.9488654562686881","0.9488654562686881"
"83771","0.9535996770325601","0.9535996770325601","0.9535996770325601"
"84042","1.0269502785119653","1.0269502785119653","1.0269502785119653"
"84303","1.078100023923603","1.078100023923603","1.078100023923603"
"84546","0.9851923413298748","0.9851923413298748","0.9851923413298748"
"84801","0.9873251961578907","0.9873251961578907","0.9873251961578907"
"85062","0.935731733020748","0.935731733020748","0.935731733020748"
"85318","0.9738316747264391","0.9738316747264391","0.9738316747264391"
"85583","1.0019198724642349","1.0019198724642349","1.0019198724642349"
"85836","1.0355942750960283","1.0355942750960283","1.0355942750960283"
"86105","0.9209488973210649","0.9209488973210649","0.9209488973210649"
"86373","0.9667907375377143","0.9667907375377143","0.9667907375377143"
"86642","1.0474328913706241","1.0474328913706241","1.0474328913706241"
"86906","0.8941129037070068","0.8941129037070068","0.8941129037070068"
"87165","1.1082816840256882","1.1082816840256882","1.1082816840256882"
"87433","0.9992784121324382","0.9992784121324382","0.9992784121324382"
"87694","0.9757643498611882","0.9757643498611882","0.9757643498611882"
"87943","1.002029664578345","1.002029664578345","1.002029664578345"
"88200","0.9531942372796712","0.9531942372796712","0.9531942372796712"
"88460","0.9704602141612557","0.9704602141612557","0.9704602141612557"
"88721","1.0426747647562513","1.0426747647562513","1.0426747647562513"
"88988","1.137613688279799","1.137613688279799","1.137613688279799"
"89249","0.9675276030578017","0.9675276030578017","0.9675276030578017"
"89514","1.0108596734785067","1.0108596734785067","1.0108596734785067"
"89769","1.0080285043336772","1.0080285043336772","1.0080285043336772"
"90031","1.0737869390166224","1.0737869390166224","1.0737869390166224"
"90301","0.9130430446814689","0.9130430446814689","0.9130430446814689"
"90563","1.0275397579704593","1.0275397579704593","1.0275397579704593"
"90827","0.9267476544795022","0.9267476544795022","0.9267476544795022"
"91091","1.0705812226800893","1.0705812226800893","1.0705812226800893"
"91349","1.0028503101645732","1.0028503101645732","1.0028503101645732"
"91608","0.966352981873861","0.966352981873861","0.966352981873861"
"91863","0.9817976210135565","0.9817976210135565","0.9817976210135565"
"92119","0.9814613137039159","0.9814613137039159","0.9814613137039159"
"92379","1.0393953960507567","1.0393953960507567","1.0393953960507567"
"92646","1.0192861225850687","1.0192861225850687","1.0192861225850687"
"92905","1.0196675688389745","1.0196675688389745","1.0196675688389745"
"93156","1.0328678345578572","1.0328678345578572","1.0328678345578572"
"93417","1.0266342959191082","1.0266342959191082","1.0266342959191082"
"93680","1.003724832971117","1.003724832971117","1.003724832971117"
"93936","0.916042231405464","0.916042231405464","0.916042231405464"
"94192","0.9980950231215469","0.9980950231215469","0.9980950231215469"
"94459","0.984562090589529","0.984562090589529","0.984562090589529"
"94728","1.1100064448707072","1.1100064448707072","1.1100064448707072"
"94993","1.0543631197451862","1.0543631197451862","1.0543631197451862"
"95252","1.0874901584759333","1.0874901584759333","1.0874901584759333"
"95517","1.0817600830063923","1.0817600830063923","1.0817600830063923"
"95784","1.0877219371343414","1.0877219371343414","1.0877219371343414"
"96054","0.8314051620153737","0.8314051620153737","0.8314051620153737"
"96324","0.9742952469628527","0.9742952469628527","0.9742952469628527"
"96589","1.0676565234199387","1.0676565234199387","1.0676565234199387"
"96861","1.0747668413548352","1.0747668413548352","1.0747668413548352"
"97121","0.9436242403780852","0.9436242403780852","0.9436242403780852"
"97381","0.9756877770733235","0.9756877770733235","0.9756877770733235"
"97640","0.9681027610365609","0.9681027610365609","0.9681027610365609"
"97908","1.0240604490119927","1.0240604490119927","1.0240604490119927"
"98172","1.0370334680261675","1.0370334680261675","1.0370334680261675"
"98445","1.1252046578684378","1.1252046578684378","1.1252046578684378"
"98717","1.054159543268071","1.054159543268071","1.054159543268071"
"98984","1.0170676728923347","1.0170676728923347","1.0170676728923347"
"99243","1.022105667050238","1.022105667050238","1.022105667050238"
"99511","1.0680762201219935","1.0680762201219935","1.0680762201219935"
"99782","0.9774517010669174","0.9774517010669174","0.9774517010669174"
"100031","0.9358782241047786","0.9358782241047786","0.9358782241047786"
"100301","0.865120576131169","0.865120576131169","0.865120576131169"
"100551","0.9961469815483017","0.9961469815483017","0.9961469815483017"
"100811","1.1401526746612651","1.1401526746612651","1.1401526746612651"
"101071","0.9830895326835851","0.9830895326835851","0.9830895326835851"
"101334","1.0423047391890106","1.0423047391890106","1.0423047391890106"
"101578","0.8540292202905359","0.8540292202905359","0.8540292202905359"
"101838","1.016332938587301","1.016332938587301","1.016332938587301"
"102099","1.1072203841750268","1.1072203841750268","1.1072203841750268"
"102366","1.0749894277501597","1.0749894277501597","1.0749894277501597"
"102627","0.873186783970321","0.873186783970321","0.873186783970321"
"102892","1.0208083853679295","1.0208083853679295","1.0208083853679295"
"103160","0.955329773893967","0.955329773893967","0.955329773893967"
"103429","1.078984848151433","1.078984848151433","1.078984848151433"
"103677","1.0243806804760576","1.0243806804760576","1.0243806804760576"
"103937","0.9062289953994894","0.9062289953994894","0.9062289953994894"
"104210","0.9298651171332359","0.9298651171332359","0.9298651171332359"
"104474","1.019551094843591","1.019551094843591","1.019551094843591"
"104736","1.0588248621096148","1.0588248621096148","1.0588248621096148"
"104991","1.1315725699616939","1.1315725699616939","1.1315725699616939"
"105250","0.9753467500795053","0.9753467500795053","0.9753467500795053"
"105513","1.0370024241507054","1.0370024241507054","1.0370024241507054"
"105778","0.9983725470855604","0.9983725470855604","0.9983725470855604"
"106035","0.9520231748661795","0.9520231748661795","0.9520231748661795"
"106294","1.1026587457680004","1.1026587457680004","1.1026587457680004"
"106553","0.9137054578412998","0.9137054578412998","0.9137054578412998"
"106814","0.9662849637522791","0.9662849637522791","0.9662849637522791"
"107088","1.052236888887361","1.052236888887361","1.052236888887361"
"107354","0.962904683929078","0.962904683929078","0.962904683929078"
"107622","1.1319617320780428","1.1319617320780428","1.1319617320780428"
"107896","1.0480904430292985","1.0480904430292985","1.0480904430292985"
"108151","0.9443335784945401","0.9443335784945401","0.9443335784945401"
"108414","0.9730854892958535","0.9730854892958535","0.9730854892958535"
"108675","0.8795037257014275","0.8795037257014275","0.8795037257014275"
"108937","1.0159985069642021","1.0159985069642021","1.0159985069642021"
"109203","0.9419349670723831","0.9419349670723831","0.9419349670723831"
"109455","0.9382588721940415","0.9382588721940415","0.9382588721940415"
"109721","1.0747939434483356","1.0747939434483356","1.0747939434483356"
"109974","0.9146953463872304","0.9146953463872304","0.9146953463872304"
"110230","0.9476083573229886","0.9476083573229886","0.9476083573229886"
"110498","1.0704502768250745","1.0704502768250745","1.0704502768250745"
"110760","0.9169298099297565","0.9169298099297565","0.9169298099297565"
"111014","0.944674135496219","0.944674135496219","0.944674135496219"
"111269","0.9659789646280679","0.9659789646280679","0.9659789646280679"
"111521","0.7235984781080373","0.7235984781080373","0.7235984781080373"
"111782","1.04644595806612","1.04644595806612","1.04644595806612"
"112052","0.9735218979264818","0.9735218979264818","0.9735218979264818"
"112306","0.9743876832389579","0.9743876832389579","0.9743876832389579"
"112570","1.0801507420240486","1.0801507420240486","1.0801507420240486"
"112838","0.947288931374195","0.947288931374195","0.947288931374195"
"113105","1.0421362498213278","1.0421362498213278","1.0421362498213278"
"113375","0.9566911707439902","0.9566911707439902","0.9566911707439902"
"113642","1.0527133486061184","1.0527133486061184","1.0527133486061184"
"113908","0.8701410554004488","0.8701410554004488","0.8701410554004488"
"114179","1.0213025972754783","1.0213025972754783","1.0213025972754783"
"114439","1.021549442826115","1.021549442826115","1.021549442826115"
"114689","0.7754876008093426","0.7754876008093426","0.7754876008093426"
"114958","1.1641487881893142","1.1641487881893142","1.1641487881893142"
"115219","0.8998217301236832","0.8998217301236832","0.8998217301236832"
"115487","1.0194657853378388","1.0194657853378388","1.0194657853378388"
"115758","0.8659077368460256","0.8659077368460256","0.8659077368460256"
"116025","1.0325248858792462","1.0325248858792462","1.0325248858792462"
"116286","1.0713182194622788","1.0713182194622788","1.0713182194622788"
"116544","1.0203889930796683","1.0203889930796683","1.0203889930796683"
"116803","1.0806005370435459","1.0806005370435459","1.0806005370435459"
"117061","1.0012490529575708","1.0012490529575708","1.0012490529575708"
"117328","1.083229599312804","1.083229599312804","1.083229599312804"
"117595","1.0508968441816435","1.0508968441816435","1.0508968441816435"
"117853","0.8011669813921736","0.8011669813921736","0.8011669813921736"
"118122","0.9669486419911226","0.9669486419911226","0.9669486419911226"
"118383","1.0894033155407106","1.0894033155407106","1.0894033155407106"
"118650","1.0022405205971423","1.0022405205971423","1.0022405205971423"
"118910","1.0305100865632784","1.0305100865632784","1.0305100865632784"
"119169","0.967677345583038","0.967677345583038","0.967677345583038"
"119433","1.0618668113489145","1.0618668113489145","1.0618668113489145"
"119696","1.0518854645689146","1.0518854645689146","1.0518854645689146"
"119957","0.9795214717695183","0.9795214717695183","0.9795214717695183"
"120229","1.0049050986298658","1.0049050986298658","1.0049050986298658"
"120480","1.030663708211146","1.030663708211146","1.030663708211146"
"120740","0.9827957031432132","0.9827957031432132","0.9827957031432132"
"121005","1.0384124885582675","1.0384124885582675","1.0384124885582675"
"121273","0.9109582572708843","0.9109582572708843","0.9109582572708843"
"121545","1.0739419705021191","1.0739419705021191","1.0739419705021191"
"121802","0.9520856809334826","0.9520856809334826","0.9520856809334826"
"122072","1.0496093589318913","1.0496093589318913","1.0496093589318913"
"122337","1.0108750597332363","1.0108750597332363","1.0108750597332363"
"122604","1.0967031499963333","1.0967031499963333","1.0967031499963333"
"122865","0.9639950046157705","0.9639950046157705","0.9639950046157705"
"123125","0.9729157326696724","0.9729157326696724","0.9729157326696724"
"123400","1.0440783994948264","1.0440783994948264","1.0440783994948264"
"123662","1.1153633916359207","1.1153633916359207","1.1153633916359207"
"123923","0.9023751579409681","0.9023751579409681","0.9023751579409681"
"124188","1.016561280530705","1.016561280530705","1.016561280530705"
"124461","1.0328187065110108","1.0328187065110108","1.0328187065110108"
"124727","1.0041701577840285","1.0041701577840285","1.0041701577840285"
"124992","0.978014259331697","0.978014259331697","0.978014259331697"
"125257","1.0675516257261026","1.0675516257261026","1.0675516257261026"
"125517","0.899767210049257","0.899767210049257","0.899767210049257"
"125784","0.9883366316280983","0.9883366316280983","0.9883366316280983"
"126038","1.0336950930569098","1.0336950930569098","1.0336950930569098"
"126300","1.0133017047866957","1.0133017047866957","1.0133017047866957"
"126554","0.9693960276177079","0.9693960276177079","0.9693960276177079"
"126814","1.0074780026347272","1.0074780026347272","1.0074780026347272"
"127066","1.0624421213267723","1.0624421213267723","1.0624421213267723"
"127326","0.8268462058871544","0.8268462058871544","0.8268462058871544"
"127591","1.1200821091768047","1.1200821091768047","1.1200821091768047"
"127866","0.9484856836772713","0.9484856836772713","0.9484856836772713"
"128131","0.9823556826088918","0.9823556826088918","0.9823556826088918"
"128387","1.0527327401347264","1.0527327401347264","1.0527327401347264"
"128634","0.8831665454225408","0.8831665454225408","0.8831665454225408"
"128889","0.904825443738721","0.904825443738721","0.904825443738721"
"129138","0.9040918765512806","0.9040918765512806","0.9040918765512806"
"129393","0.8959270289581683","0.8959270289581683","0.8959270289581683"
"129659","1.1431707789948076","1.1431707789948076","1.1431707789948076"
"129918","1.0253660826515207","1.0253660826515207","1.0253660826515207"
"130173","0.9101612264214627","0.9101612264214627","0.9101612264214627"
"130439","0.9000619747637033","0.9000619747637033","0.9000619747637033"
"130706","0.8765159325915308","0.8765159325915308","0.8765159325915308"
"130971","1.005498583564677","1.005498583564677","1.005498583564677"
"131237","0.9783307173234486","0.9783307173234486","0.9783307173234486"
"131494","1.039380900835165","1.039380900835165","1.039380900835165"
"131763","1.0332468076405628","1.0332468076405628","1.0332468076405628"
"132021","0.8909839901416354","0.8909839901416354","0.8909839901416354"
"132278","0.9952930733061193","0.9952930733061193","0.9952930733061193"
"132535","0.9109214018739511","0.9109214018739511","0.9109214018739511"
"132801","0.9606685101330371","0.9606685101330371","0.9606685101330371"
"133070","1.013870043846702","1.013870043846702","1.013870043846702"
"133338","0.9458594479094244","0.9458594479094244","0.9458594479094244"
"133606","1.0644746740164797","1.0644746740164797","1.0644746740164797"
"133857","1.0593214407839158","1.0593214407839158","1.0593214407839158"
"134122","0.9773748731974131","0.9773748731974131","0.9773748731974131"
"134391","0.9706467222947038","0.9706467222947038","0.9706467222947038"
"134646","1.093611223226482","1.093611223226482","1.093611223226482"
"134902","0.9601128751594097","0.9601128751594097","0.9601128751594097"
"135156","0.972291712217104","0.972291712217104","0.972291712217104"
"135422","0.9298958149754449","0.9298958149754449","0.9298958149754449"
"135687","0.9903396271279403","0.9903396271279403","0.9903396271279403"
"135948","0.9785002599915128","0.9785002599915128","0.9785002599915128"
"136212","1.10077803915992","1.10077803915992","1.10077803915992"
"136465","0.9376929520255433","0.9376929520255433","0.9376929520255433"
"136716","0.8779901975978837","0.8779901975978837","0.8779901975978837"
"136985","1.0438695226003962","1.0438695226003962","1.0438695226003962"
"137249","0.8678430822531992","0.8678430822531992","0.8678430822531992"
"137513","0.9763541872858541","0.9763541872858541","0.9763541872858541"
"137785","1.019264807562059","1.019264807562059","1.019264807562059"
"138047","1.0658109990575222","1.0658109990575222","1.0658109990575222"
"138298","0.9341540029403322","0.9341540029403322","0.9341540029403322"
"138561","0.9353386371806092","0.9353386371806092","0.9353386371806092"
"138821","0.9842722529245783","0.9842722529245783","0.9842722529245783"
"139094","1.0002091245562237","1.0002091245562237","1.0002091245562237"
"139353","0.8224426259136055","0.8224426259136055","0.8224426259136055"
"139618","0.8410999035271371","0.8410999035271371","0.8410999035271371"
"139887","0.8749803806967082","0.8749803806967082","0.8749803806967082"
"140149","0.9604142435929168","0.9604142435929168","0.9604142435929168"
"140413","0.951471635207247","0.951471635207247","0.951471635207247"
"140681","1.0685111289036797","1.0685111289036797","1.0685111289036797"
"140947","1.0891037427915216","1.0891037427915216","1.0891037427915216"
"141198","1.046027255236973","1.046027255236973","1.046027255236973"
"141468","1.1017160637604244","1.1017160637604244","1.1017160637604244"
"141737","1.0066154341937767","1.0066154341937767","1.0066154341937767"
"142006","1.092350883885739","1.092350883885739","1.092350883885739"
"142260","1.0101089266396162","1.0101089266396162","1.0101089266396162"
"142528","0.9926319341570469","0.9926319341570469","0.9926319341570469"
"142788","1.0498576191414748","1.0498576191414748","1.0498576191414748"
"143039","0.8867768188860888","0.8867768188860888","0.8867768188860888"
"143302","1.080431173818435","1.080431173818435","1.080431173818435"
"143559","0.9190046936752947","0.9190046936752947","0.9190046936752947"
"143817","0.9917050101637674","0.9917050101637674","0.9917050101637674"
"144078","0.9233238417277401","0.9233238417277401","0.9233238417277401"
"144342","0.9859859387895498","0.9859859387895498","0.9859859387895498"
"144606","1.0683439134632005","1.0683439134632005","1.0683439134632005"
"144868","1.02242735061386","1.02242735061386","1.02242735061386"
"145135","0.950685296128756","0.950685296128756","0.950685296128756"
"145387","1.1955434768463857","1.1955434768463857","1.1955434768463857"
"145654","1.0082815908525127","1.0082815908525127","1.0082815908525127"
"145924","1.0293424039436436","1.0293424039436436","1.0293424039436436"
"146188","0.9085274951187549","0.9085274951187549","0.9085274951187549"
"146457","1.1146458069305132","1.1146458069305132","1.1146458069305132"
"146722","0.9937673295093494","0.9937673295093494","0.9937673295093494"
"146983","1.0442844722390325","1.0442844722390325","1.0442844722390325"
"147249","0.9900459984427129","0.9900459984427129","0.9900459984427129"
"147515","0.9814610623617328","0.9814610623617328","0.9814610623617328"
"147779","1.0327621348789964","1.0327621348789964","1.0327621348789964"
"148041","1.0658297248974666","1.0658297248974666","1.0658297248974666"
"148300","1.0101747002834804","1.0101747002834804","1.0101747002834804"
"148567","1.1092094362789222","1.1092094362789222","1.1092094362789222"
"148811","0.9563729495703058","0.9563729495703058","0.9563729495703058"
"149080","1.0412556406083349","1.0412556406083349","1.0412556406083349"
"149342","0.9690874044050516","0.9690874044050516","0.9690874044050516"
"149590","1.1557919570425552","1.1557919570425552","1.1557919570425552"
"149843","0.963378100776614","0.963378100776614","0.963378100776614"
"150114","1.0851585702527995","1.0851585702527995","1.0851585702527995"
"150372","1.0355312074709655","1.0355312074709655","1.0355312074709655"
"150633","0.9491780336697471","0.9491780336697471","0.9491780336697471"
"150896","0.9159726314117305","0.9159726314117305","0.9159726314117305"
"151164","0.8956872625574187","0.8956872625574187","0.8956872625574187"
"151430","0.997726200962941","0.997726200962941","0.997726200962941"
"151692","1.0301050919956936","1.0301050919956936","1.0301050919956936"
"151955","1.0101911808916422","1.0101911808916422","1.0101911808916422"
"152211","1.000850404437673","1.000850404437673","1.000850404437673"
"152470","0.9639369684506089","0.9639369684506089","0.9639369684506089"
"152735","0.9559253319068746","0.9559253319068746","0.9559253319068746"
"152995","0.8630780186587799","0.8630780186587799","0.8630780186587799"
"153266","0.9796892145717282","0.9796892145717282","0.9796892145717282"
"153535","0.9927238448831001","0.9927238448831001","0.9927238448831001"
"153801","0.8953458365842052","0.8953458365842052","0.8953458365842052"
"154065","0.9199197892410907","0.9199197892410907","0.9199197892410907"
"154323","0.9372277312118698","0.9372277312118698","0.9372277312118698"
"154590","1.0513277551934788","1.0513277551934788","1.0513277551934788"
"154847","0.9217327803751215","0.9217327803751215","0.9217327803751215"
"155115","0.9659281966060883","0.9659281966060883","0.9659281966060883"
"155374","0.995784207750792","0.995784207750792","0.995784207750792"
"155637","0.9460146408496342","0.9460146408496342","0.9460146408496342"
"155899","0.9029588410174095","0.9029588410174095","0.9029588410174095"
"156151","1.0178788053387315","1.0178788053387315","1.0178788053387315"
"156405","0.9181535059544927","0.9181535059544927","0.9181535059544927"
"156671","0.9956757356151413","0.9956757356151413","0.9956757356151413"
"156937","0.9289477179396185","0.9289477179396185","0.9289477179396185"
"157203","0.9697573163929455","0.9697573163929455","0.9697573163929455"
"157475","1.0487473650356471","1.0487473650356471","1.0487473650356471"
"157725","0.9023970409169298","0.9023970409169298","0.9023970409169298"
"157993","1.0223882142137086","1.0223882142137086","1.0223882142137086"
"158248","0.9484949094375713","0.9484949094375713","0.9484949094375713"
"158502","1.0891732847558704","1.0891732847558704","1.0891732847558704"
"158764","0.9380479026087818","0.9380479026087818","0.9380479026087818"
"159022","1.011867066067471","1.011867066067471","1.011867066067471"
"159282","1.068305975805386","1.068305975805386","1.068305975805386"
"159553","1.0177051773423023","1.0177051773423023","1.0177051773423023"
"159815","0.9508642335185195","0.9508642335185195","0.9508642335185195"
"160069","1.0576334392720903","1.0576334392720903","1.0576334392720903"
"160318","0.9666807314897361","0.9666807314897361","0.9666807314897361"
"160574","1.1588546464563176","1.1588546464563176","1.1588546464563176"
"160834","0.9687629171952591","0.9687629171952591","0.9687629171952591"
"161101","1.0418338794096296","1.0418338794096296","1.0418338794096296"
"161362","1.0472336051048035","1.0472336051048035","1.0472336051048035"
"161624","1.0815396343936043","1.0815396343936043","1.0815396343936043"
"161875","0.9768374837637542","0.9768374837637542","0.9768374837637542"
"162140","1.158954958298623","1.158954958298623","1.158954958298623"
"162409","1.0328390010126358","1.0328390010126358","1.0328390010126358"
"162672","1.0401707695179951","1.0401707695179951","1.0401707695179951"
"162935","0.9735036046496831","0.9735036046496831","0.9735036046496831"
"163203","1.034319611469029","1.034319611469029","1.034319611469029"
"163468","1.0263348834114872","1.0263348834114872","1.0263348834114872"
"163716","0.9669217482598415","0.9669217482598415","0.9669217482598415"
"163987","1.06245317317697","1.06245317317697","1.06245317317697"
"164255","0.931433825226968","0.931433825226968","0.931433825226968"
"164499","1.1215885158413572","1.1215885158413572","1.1215885158413572"
"164762","1.070708139968077","1.070708139968077","1.070708139968077"
"165017","0.9958955854556902","0.9958955854556902","0.9958955854556902"
"165278","0.8806085231845673","0.8806085231845673","0.8806085231845673"
"165546","1.0628873324365482","1.0628873324365482","1.0628873324365482"
"165799","1.0233036625442393","1.0233036625442393","1.0233036625442393"
"166058","0.9837699268576844","0.9837699268576844","0.9837699268576844"
"166325","0.9557213634940106","0.9557213634940106","0.9557213634940106"
"166579","0.9316793008504478","0.9316793008504478","0.9316793008504478"
"166840","0.9782133984052338","0.9782133984052338","0.9782133984052338"
"167099","1.0362488203271132","1.0362488203271132","1.0362488203271132"
"167364","0.9556790618106397","0.9556790618106397","0.9556790618106397"
"167606","1.0240584097377854","1.0240584097377854","1.0240584097377854"
"167862","1.0470283409611518","1.0470283409611518","1.0470283409611518"
"168135","1.087928118018258","1.087928118018258","1.087928118018258"
"168401","1.0081137039922872","1.0081137039922872","1.0081137039922872"
"168669","1.0627125379395574","1.0627125379395574","1.0627125379395574"
"168930","0.9909734085407134","0.9909734085407134","0.9909734085407134"
"169197","0.9465184660071706","0.9465184660071706","0.9465184660071706"
"169448","1.0000045068459815","1.0000045068459815","1.0000045068459815"
"169715","0.8726926080269752","0.8726926080269752","0.8726926080269752"
"169975","0.9168257285155135","0.9168257285155135","0.9168257285155135"
"170234","0.9393174314591408","0.9393174314591408","0.9393174314591408"
"170503","0.9553754848026121","0.9553754848026121","0.9553754848026121"
"170762","0.9200209520772002","0.9200209520772002","0.9200209520772002"
"171027","0.9260084779616768","0.9260084779616768","0.9260084779616768"
"171276","1.0699098087071166","1.0699098087071166","1.0699098087071166"
"171522","0.9692834016427191","0.9692834016427191","0.9692834016427191"
"171775","0.938251332915981","0.938251332915981","0.938251332915981"
"172032","1.0919019176523561","1.0919019176523561","1.0919019176523561"
"172302","0.9721283158753303","0.9721283158753303","0.9721283158753303"
"172570","1.0662297250851664","1.0662297250851664","1.0662297250851664"
"172835","1.0720222712641518","1.0720222712641518","1.0720222712641518"
"173090","0.9838247301760189","0.9838247301760189","0.9838247301760189"
"173360","0.9263365324394435","0.9263365324394435","0.9263365324394435"
"173627","1.0293573440077022","1.0293573440077022","1.0293573440077022"
"173878","1.0479515967574882","1.0479515967574882","1.0479515967574882"
"174140","0.9019171962597026","0.9019171962597026","0.9019171962597026"
"174407","1.137750392283728","1.137750392283728","1.137750392283728"
"174666","0.9948415900293089","0.9948415900293089","0.9948415900293089"
"174925","0.9878093944029118","0.9878093944029118","0.9878093944029118"
"175191","0.9472591558989392","0.9472591558989392","0.9472591558989392"
"175460","1.0200751098333058","1.0200751098333058","1.0200751098333058"
"175715","0.9153709084588446","0.9153709084588446","0.9153709084588446"
"175982","0.9778435562715458","0.9778435562715458","0.9778435562715458"
"176255","1.0950381343190456","1.0950381343190456","1.0950381343190456"
"176503","1.0033006047033046","1.0033006047033046","1.0033006047033046"
"176768","1.0830999619798165","1.0830999619798165","1.0830999619798165"
"177021","1.042712215225506","1.042712215225506","1.042712215225506"
"177282","1.00420336062606","1.00420336062606","1.00420336062606"
"177553","1.0030894443703402","1.0030894443703402","1.0030894443703402"
"177820","0.9282139707272132","0.9282139707272132","0.9282139707272132"
"178070","0.9266867206101371","0.9266867206101371","0.9266867206101371"
"178341","1.010483116975116","1.010483116975116","1.010483116975116"
"178608","1.0128870468250744","1.0128870468250744","1.0128870468250744"
"178868","0.9609335266364205","0.9609335266364205","0.9609335266364205"
"179122","0.790071024430628","0.790071024430628","0.790071024430628"
"179384","0.7739573129453664","0.7739573129453664","0.7739573129453664"
"179635","1.0048453673699171","1.0048453673699171","1.0048453673699171"
"179894","0.9064619780537484","0.9064619780537484","0.9064619780537484"
"180153","1.0626269339975039","1.0626269339975039","1.0626269339975039"
"180402","0.9726464600915755","0.9726464600915755","0.9726464600915755"
"180661","0.8705147225748482","0.8705147225748482","0.8705147225748482"
"180913","1.111498450398169","1.111498450398169","1.111498450398169"
"181165","1.0622135391250365","1.0622135391250365","1.0622135391250365"
"181417","0.9762158651572126","0.9762158651572126","0.9762158651572126"
"181672","0.9779999626525616","0.9779999626525616","0.9779999626525616"
"181930","0.9722221463213091","0.9722221463213091","0.9722221463213091"
"182201","0.9524354229509793","0.9524354229509793","0.9524354229509793"
"182463","0.899806841826552","0.899806841826552","0.899806841826552"
"182726","0.953994496361544","0.953994496361544","0.953994496361544"
"182992","0.9767823433039565","0.9767823433039565","0.9767823433039565"
"183256","0.9151764241336031","0.9151764241336031","0.9151764241336031"
"183522","0.9578130877904456","0.9578130877904456","0.9578130877904456"
"183777","0.9500153084908792","0.9500153084908792","0.9500153084908792"
"184042","1.0642751108582027","1.0642751108582027","1.0642751108582027"
"184301","1.0417376644369996","1.0417376644369996","1.0417376644369996"
"184565","0.8697482278815726","0.8697482278815726","0.8697482278815726"
"184821","0.9491453123146736","0.9491453123146736","0.9491453123146736"
"185082","1.185374360754641","1.185374360754641","1.185374360754641"
"185345","0.8893340091593994","0.8893340091593994","0.8893340091593994"
"185609","1.0691696769176429","1.0691696769176429","1.0691696769176429"
"185874","1.0561270889232157","1.0561270889232157","1.0561270889232157"
"186143","1.0217204971355356","1.0217204971355356","1.0217204971355356"
"186402","0.9792815822743832","0.9792815822743832","0.9792815822743832"
"186673","1.0284692095971568","1.0284692095971568","1.0284692095971568"
"186935","0.9467908834371362","0.9467908834371362","0.9467908834371362"
"187177","0.9294776021326342","0.9294776021326342","0.9294776021326342"
"187444","1.018892595281563","1.018892595281563","1.018892595281563"
"187703","1.0062969848943584","1.0062969848943584","1.0062969848943584"
"187968","0.9798368225181953","0.9798368225181953","0.9798368225181953"
"188229","0.9309668463938562","0.9309668463938562","0.9309668463938562"
"188499","1.0348144918680293","1.0348144918680293","1.0348144918680293"
"188761","0.9169538931593437","0.9169538931593437","0.9169538931593437"
"189031","1.0580076298227616","1.0580076298227616","1.0580076298227616"
"189287","0.9764647465362501","0.9764647465362501","0.9764647465362501"
"189542","0.9165841725874085","0.9165841725874085","0.9165841725874085"
"189814","0.9433173591995444","0.9433173591995444","0.9433173591995444"
"190077","0.9675508745662362","0.9675508745662362","0.9675508745662362"
"190350","0.948534295298713","0.948534295298713","0.948534295298713"
"190616","1.062119660808562","1.062119660808562","1.062119660808562"
"190873","1.0905664396018018","1.0905664396018018","1.0905664396018018"
"191133","0.9264451382133265","0.9264451382133265","0.9264451382133265"
"191391","1.0478354327023867","1.0478354327023867","1.0478354327023867"
"191652","1.030522717745126","1.030522717745126","1.030522717745126"
"191917","1.0870353465563036","1.0870353465563036","1.0870353465563036"
"192181","0.9796632067168806","0.9796632067168806","0.9796632067168806"
"192438","0.9972244828585274","0.9972244828585274","0.9972244828585274"
"192696","1.0309520519008266","1.0309520519008266","1.0309520519008266"
"192949","1.004636393873883","1.004636393873883","1.004636393873883"
"193215","1.007457100865764","1.007457100865764","1.007457100865764"
"193477","1.0159483818153754","1.0159483818153754","1.0159483818153754"
"193733","0.9818936221827143","0.9818936221827143","0.9818936221827143"
"194000","0.9090478270731002","0.9090478270731002","0.9090478270731002"
"194272","1.0582511003694957","1.0582511003694957","1.0582511003694957"
"194538","0.8942119236788383","0.8942119236788383","0.8942119236788383"
"194796","1.0154799437575253","1.0154799437575253","1.0154799437575253"
"195060","0.8370110751663223","0.8370110751663223","0.8370110751663223"
"195321","0.9616745262123293","0.9616745262123293","0.9616745262123293"
"195587","0.7691614281633116","0.7691614281633116","0.7691614281633116"
"195845","1.1331543229554815","1.1331543229554815","1.1331543229554815"
"196110","0.9308394215202094","0.9308394215202094","0.9308394215202094"
"196378","0.9727438287156535","0.9727438287156535","0.9727438287156535"
"196648","0.9788477301762553","0.9788477301762553","0.9788477301762553"
"196907","0.8745754707466673","0.8745754707466673","0.8745754707466673"
"197153","0.9261112606323069","0.9261112606323069","0.9261112606323069"
"197416","1.0215011146756028","1.0215011146756028","1.0215011146756028"
"197674","1.004066037283901","1.004066037283901","1.004066037283901"
"197936","1.0489374395800917","1.0489374395800917","1.0489374395800917"
"198200","0.981278154674271","0.981278154674271","0.981278154674271"
"198464","1.0083380798216468","1.0083380798216468","1.0083380798216468"
"198730","0.965672553516126","0.965672553516126","0.965672553516126"
"198990","1.090319650242209","1.090319650242209","1.090319650242209"
"199261","1.1246716064463413","1.1246716064463413","1.1246716064463413"
"199531","0.9865992725924536","0.9865992725924536","0.9865992725924536"
"199801","0.9197857252952939","0.9197857252952939","0.9197857252952939"
"200064","1.102794991632705","1.102794991632705","1.102794991632705"
"200319","1.0667164802246598","1.0667164802246598","1.0667164802246598"
"200574","0.9973203451407177","0.9973203451407177","0.9973203451407177"
"200847","0.9047795956532515","0.9047795956532515","0.9047795956532515"
"201110","0.9690109594782741","0.9690109594782741","0.9690109594782741"
"201376","1.1116985343672612","1.1116985343672612","1.1116985343672612"
"201623","1.1253481657026676","1.1253481657026676","1.1253481657026676"
"201878","0.8946644142216424","0.8946644142216424","0.8946644142216424"
"202132","0.8992784105991917","0.8992784105991917","0.8992784105991917"
"202390","0.9761998911250106","0.9761998911250106","0.9761998911250106"
"202645","1.054412757852666","1.054412757852666","1.054412757852666"
"202919","1.1219428508092282","1.1219428508092282","1.1219428508092282"
"203172","1.0310936751263777","1.0310936751263777","1.0310936751263777"
"203437","0.9077228806651716","0.9077228806651716","0.9077228806651716"
"203695","0.9671176240369707","0.9671176240369707","0.9671176240369707"
"203949","1.0753055685767403","1.0753055685767403","1.0753055685767403"
"204216","0.9737803756620451","0.9737803756620451","0.9737803756620451"
"204475","0.911909304974816","0.911909304974816","0.911909304974816"
"204736","0.9968064020446437","0.9968064020446437","0.9968064020446437"
"204998","0.9255844660575933","0.9255844660575933","0.9255844660575933"
"205259","0.9436329678165414","0.9436329678165414","0.9436329678165414"
"205516","1.0367467680888054","1.0367467680888054","1.0367467680888054"
"205787","1.0741943477745755","1.0741943477745755","1.0741943477745755"
"206050","0.9615788799320504","0.9615788799320504","0.9615788799320504"
"206305","1.0441486400630955","1.0441486400630955","1.0441486400630955"
"206566","0.9353428463351903","0.9353428463351903","0.9353428463351903"
"206836","0.9927933289114441","0.9927933289114441","0.9927933289114441"
"207097","1.0321782459539395","1.0321782459539395","1.0321782459539395"
"207355","0.8981616566973167","0.8981616566973167","0.8981616566973167"
"207610","0.9211775280975107","0.9211775280975107","0.9211775280975107"
"207871","0.8875863839868156","0.8875863839868156","0.8875863839868156"
"208133","1.1711858382073002","1.1711858382073002","1.1711858382073002"
"208395","0.9820280959395676","0.9820280959395676","0.9820280959395676"
"208658","1.0065139335460103","1.0065139335460103","1.0065139335460103"
"208906","0.9920184352383118","0.9920184352383118","0.9920184352383118"
"209171","1.1074269869969642","1.1074269869969642","1.1074269869969642"
"209439","0.9048306043277412","0.9048306043277412","0.9048306043277412"
"209692","1.0556776907934131","1.0556776907934131","1.0556776907934131"
"209961","1.0247656624801864","1.0247656624801864","1.0247656624801864"
"210227","0.9783870351468233","0.9783870351468233","0.9783870351468233"
"210484","0.9842719601220205","0.9842719601220205","0.9842719601220205"
"210754","0.9605959643494535","0.9605959643494535","0.9605959643494535"
"211021","0.8589554636287547","0.8589554636287547","0.8589554636287547"
"211285","1.0008676669669472","1.0008676669669472","1.0008676669669472"
"211538","1.0462326146443686","1.0462326146443686","1.0462326146443686"
"211806","1.0126864487078382","1.0126864487078382","1.0126864487078382"
"212071","0.9545711816184032","0.9545711816184032","0.9545711816184032"
"212322","0.9023450041988468","0.9023450041988468","0.9023450041988468"
"212589","1.0507535020897363","1.0507535020897363","1.0507535020897363"
"212849","1.0262566922529714","1.0262566922529714","1.0262566922529714"
"213118","1.0490247433994953","1.0490247433994953","1.0490247433994953"
"213384","1.0270602515455323","1.0270602515455323","1.0270602515455323"
"213653","0.971255175694472","0.971255175694472","0.971255175694472"
"213924","1.142531201525646","1.142531201525646","1.142531201525646"
"214176","0.9420772699934417","0.9420772699934417","0.9420772699934417"
"214427","0.9743233281455981","0.9743233281455981","0.9743233281455981"
"214689","0.969145902093209","0.969145902093209","0.969145902093209"
"214937","0.9967197100042655","0.9967197100042655","0.9967197100042655"
"215199","1.019262928895828","1.019262928895828","1.019262928895828"
"215470","1.0458238802135431","1.0458238802135431","1.0458238802135431"
"215734","0.9338547730954996","0.9338547730954996","0.9338547730954996"
"215997","1.1456012838688503","1.1456012838688503","1.1456012838688503"
"216258","1.0399940314718552","1.0399940314718552","1.0399940314718552"
"216524","0.936993442923727","0.936993442923727","0.936993442923727"
"216797","1.090444904224579","1.090444904224579","1.090444904224579"
"217054","1.0160407901262969","1.0160407901262969","1.0160407901262969"
"217327","1.1126126799733937","1.1126126799733937","1.1126126799733937"
"217589","0.9816181044435659","0.9816181044435659","0.9816181044435659"
"217858","0.9827271376921811","0.9827271376921811","0.9827271376921811"
"218130","0.9477389270194585","0.9477389270194585","0.9477389270194585"
"218384","0.9990862874759247","0.9990862874759247","0.9990862874759247"
"218643","1.0392125001087658","1.0392125001087658","1.0392125001087658"
"218892","0.9678408374182113","0.9678408374182113","0.9678408374182113"
"219153","0.9542618812496987","0.9542618812496987","0.9542618812496987"
"219404","1.0177775387024965","1.0177775387024965","1.0177775387024965"
"219658","1.0553785313377815","1.0553785313377815","1.0553785313377815"
"219927","1.079191839294853","1.079191839294853","1.079191839294853"
"220174","0.8630264619660883","0.8630264619660883","0.8630264619660883"
"220433","0.9963704898371794","0.9963704898371794","0.9963704898371794"
"220698","0.9198807372446043","0.9198807372446043","0.9198807372446043"
"220966","1.084442300285553","1.084442300285553","1.084442300285553"
"221231","1.1010095829641553","1.1010095829641553","1.1010095829641553"
"221474","1.027843264996557","1.027843264996557","1.027843264996557"
"221742","0.9927604679238202","0.9927604679238202","0.9927604679238202"
"222006","1.0277116438366856","1.0277116438366856","1.0277116438366856"
"222264","0.957160105502997","0.957160105502997","0.957160105502997"
"222522","1.0029515897813461","1.0029515897813461","1.0029515897813461"
"222780","1.0260793393907917","1.0260793393907917","1.0260793393907917"
"223036","0.9676059258707473","0.9676059258707473","0.9676059258707473"
"223297","0.9144790172141757","0.9144790172141757","0.9144790172141757"
"223557","0.9697171910474549","0.9697171910474549","0.9697171910474549"
"223827","0.8311680677321083","0.8311680677321083","0.8311680677321083"
"224096","1.0751401709945805","1.0751401709945805","1.0751401709945805"
"224354","1.0223771584732633","1.0223771584732633","1.0223771584732633"
"224617","1.0370850871978485","1.0370850871978485","1.0370850871978485"
"224877","0.8528967430016059","0.8528967430016059","0.8528967430016059"
"225136","0.7899551386199634","0.7899551386199634","0.7899551386199634"
"225395","1.0347832457037336","1.0347832457037336","1.0347832457037336"
"225650","1.033068098028431","1.033068098028431","1.033068098028431"
"225922","1.1090464443138535","1.1090464443138535","1.1090464443138535"
"226186","0.9771186623613605","0.9771186623613605","0.9771186623613605"
"226449","0.8506776259568128","0.8506776259568128","0.8506776259568128"
"226705","1.0331925518319185","1.0331925518319185","1.0331925518319185"
"226966","0.8743487150530677","0.8743487150530677","0.8743487150530677"
"227233","1.0435992549606306","1.0435992549606306","1.0435992549606306"
"227488","1.0529882727626332","1.0529882727626332","1.0529882727626332"
"227743","0.9146551520089345","0.9146551520089345","0.9146551520089345"
"228015","1.0045118896075296","1.0045118896075296","1.0045118896075296"
"228269","1.0454127573802874","1.0454127573802874","1.0454127573802874"
"228530","0.92143028200618","0.92143028200618","0.92143028200618"
"228787","1.0184855117597578","1.0184855117597578","1.0184855117597578"
"229055","0.9424648248274586","0.9424648248274586","0.9424648248274586"
"229314","0.9473600771830324","0.9473600771830324","0.9473600771830324"
"229568","1.034176205618245","1.034176205618245","1.034176205618245"
"229829","1.0347105483865462","1.0347105483865462","1.0347105483865462"
"230088","1.019829384340347","1.019829384340347","1.019829384340347"
"230348","0.9639802664473084","0.9639802664473084","0.9639802664473084"
"230616","0.8918039425220168","0.8918039425220168","0.8918039425220168"
"230876","1.0495758005618276","1.0495758005618276","1.0495758005618276"
"231137","0.992536852366706","0.992536852366706","0.992536852366706"
"231402","1.01865567734561","1.01865567734561","1.01865567734561"
"231666","0.9108291049549853","0.9108291049549853","0.9108291049549853"
"231925","1.098753263323471","1.098753263323471","1.098753263323471"
"232189","0.9226503166096722","0.9226503166096722","0.9226503166096722"
"232456","0.9897803235932264","0.9897803235932264","0.9897803235932264"
"232711","0.9882682029042833","0.9882682029042833","0.9882682029042833"
"232979","1.0282844083022682","1.0282844083022682","1.0282844083022682"
"233225","0.9657307315213299","0.9657307315213299","0.9657307315213299"
"233493","1.1607701881543444","1.1607701881543444","1.1607701881543444"
"233761","1.0934543217122727","1.0934543217122727","1.0934543217122727"
"234004","1.1015480082655507","1.1015480082655507","1.1015480082655507"
"234263","1.0568616557355932","1.0568616557355932","1.0568616557355932"
"234528","1.0472631593516915","1.0472631593516915","1.0472631593516915"
"234793","1.091860026744844","1.091860026744844","1.091860026744844"
"235063","1.2197320893816188","1.2197320893816188","1.2197320893816188"
"235332","1.0424648005138148","1.0424648005138148","1.0424648005138148"
"235588","0.9738637140842559","0.9738637140842559","0.9738637140842559"
"235856","1.0468039019781716","1.0468039019781716","1.0468039019781716"
"236110","0.9669347286467453","0.9669347286467453","0.9669347286467453"
"236372","1.010189829782854","1.010189829782854","1.010189829782854"
"236640","0.908630011011172","0.908630011011172","0.908630011011172"
"236901","1.0748282446405264","1.0748282446405264","1.0748282446405264"
"237155","1.0253272644841849","1.0253272644841849","1.0253272644841849"
"237411","1.0511490112493618","1.0511490112493618","1.0511490112493618"
"237671","1.0841092825658731","1.0841092825658731","1.0841092825658731"
"237936","0.9268566348136217","0.9268566348136217","0.9268566348136217"
"238200","0.9596291047763594","0.9596291047763594","0.9596291047763594"
"238470","1.037353848167398","1.037353848167398","1.037353848167398"
"238729","1.0268486410517383","1.0268486410517383","1.0268486410517383"
"238980","0.9048977854095639","0.9048977854095639","0.9048977854095639"
"239231","0.9910385100791852","0.9910385100791852","0.9910385100791852"
"239491","1.0748804984916678","1.0748804984916678","1.0748804984916678"
"239756","1.0195722018371816","1.0195722018371816","1.0195722018371816"
"240024","0.9891521241754068","0.9891521241754068","0.9891521241754068"
"240284","0.9689966227694704","0.9689966227694704","0.9689966227694704"
"240551","1.1173082757948942","1.1173082757948942","1.1173082757948942"
"240813","0.9519944446940766","0.9519944446940766","0.9519944446940766"
"241071","1.0282242817042226","1.0282242817042226","1.0282242817042226"
"241335","1.0098822856308185","1.0098822856308185","1.0098822856308185"
"241586","1.097917549796626","1.097917549796626","1.097917549796626"
"241855","0.924842866507969","0.924842866507969","0.924842866507969"
"242110","1.0772233124693835","1.0772233124693835","1.0772233124693835"
"242360","0.9812423393052693","0.9812423393052693","0.9812423393052693"
"242629","0.9210146002115328","0.9210146002115328","0.9210146002115328"
"242886","0.9637018104040416","0.9637018104040416","0.9637018104040416"
"243151","1.0488500980517521","1.0488500980517521","1.0488500980517521"
"243411","0.9236517926069424","0.9236517926069424","0.9236517926069424"
"243671","1.0729197480297403","1.0729197480297403","1.0729197480297403"
"243929","0.9561281557785588","0.9561281557785588","0.9561281557785588"
"244188","0.9182531760596985","0.9182531760596985","0.9182531760596985"
"244446","1.0467499807422012","1.0467499807422012","1.0467499807422012"
"244718","0.9506247278630545","0.9506247278630545","0.9506247278630545"
"244982","0.9035697603197341","0.9035697603197341","0.9035697603197341"
"245246","0.897466119090465","0.897466119090465","0.897466119090465"
"245508","1.0619462289486803","1.0619462289486803","1.0619462289486803"
"245755","0.8153752565350946","0.8153752565350946","0.8153752565350946"
"246009","1.0114931469162305","1.0114931469162305","1.0114931469162305"
"246270","1.0009070364432922","1.0009070364432922","1.0009070364432922"
"246529","0.9298204289105302","0.9298204289105302","0.9298204289105302"
"246790","0.9550026516999829","0.9550026516999829","0.9550026516999829"
"247048","0.8687483872183435","0.8687483872183435","0.8687483872183435"
"247312","1.0039300707165373","1.0039300707165373","1.0039300707165373"
"247567","1.0639611434657448","1.0639611434657448","1.0639611434657448"
"247827","1.0112346698538508","1.0112346698538508","1.0112346698538508"
"248087","1.026303311300338","1.026303311300338","1.026303311300338"
"248346","1.1662859875019846","1.1662859875019846","1.1662859875019846"
"248610","0.9239484962844542","0.9239484962844542","0.9239484962844542"
"248874","1.0395236207489493","1.0395236207489493","1.0395236207489493"
"249133","0.9636965003678208","0.9636965003678208","0.9636965003678208"
"249379","0.992356307944633","0.992356307944633","0.992356307944633"
"249647","1.0613125445748295","1.0613125445748295","1.0613125445748295"
"249915","1.0851262960518078","1.0851262960518078","1.0851262960518078"
"250187","0.9757772904303339","0.9757772904303339","0.9757772904303339"
"250456","0.9883939164957998","0.9883939164957998","0.9883939164957998"
"250720","1.0711797840405453","1.0711797840405453","1.0711797840405453"
"250983","0.9850067291799068","0.9850067291799068","0.9850067291799068"
"251246","0.999586660497934","0.999586660497934","0.999586660497934"
"251495","0.9233435521710446","0.9233435521710446","0.9233435521710446"
"251757","1.0226127755694174","1.0226127755694174","1.0226127755694174"
"252017","0.9726647025937339","0.9726647025937339","0.9726647025937339"
"252288","1.1661418574651912","1.1661418574651912","1.1661418574651912"
"252552","1.0016536005562429","1.0016536005562429","1.0016536005562429"
"252821","1.0245270123770314","1.0245270123770314","1.0245270123770314"
"253083","1.1006543419061072","1.1006543419061072","1.1006543419061072"
"253348","1.069954724208958","1.069954724208958","1.069954724208958"
"253618","0.9452021595071977","0.9452021595071977","0.9452021595071977"
"253875","0.9902079658465962","0.9902079658465962","0.9902079658465962"
"254140","1.0661274155211786","1.0661274155211786","1.0661274155211786"
"254393","0.9635212573337067","0.9635212573337067","0.9635212573337067"
"254646","0.873771270892899","0.873771270892899","0.873771270892899"
"254911","1.031940620562441","1.031940620562441","1.031940620562441"
"255168","1.0746907999186344","1.0746907999186344","1.0746907999186344"
"255428","0.8920788665360521","0.8920788665360521","0.8920788665360521"
"255684","1.0501338430587777","1.0501338430587777","1.0501338430587777"
"255944","0.9736756564211205","0.9736756564211205","0.9736756564211205"
"256206","0.9152253657905011","0.9152253657905011","0.9152253657905011"
"256468","1.070795266019572","1.070795266019572","1.070795266019572"
"256729","1.0848552018050042","1.0848552018050042","1.0848552018050042"
"256996","1.0499127884476702","1.0499127884476702","1.0499127884476702"
"257262","1.0001464966944729","1.0001464966944729","1.0001464966944729"
"257509","1.0409864226613306","1.0409864226613306","1.0409864226613306"
"257768","1.016506854743272","1.016506854743272","1.016506854743272"
"258032","1.0005370326037661","1.0005370326037661","1.0005370326037661"
"258283","1.0127589147033773","1.0127589147033773","1.0127589147033773"
"258550","1.0163703871081655","1.0163703871081655","1.0163703871081655"
"258804","0.9371381809495571","0.9371381809495571","0.9371381809495571"
"259055","1.0331682188665532","1.0331682188665532","1.0331682188665532"
"259318","0.962486831890372","0.962486831890372","0.962486831890372"
"259583","0.9391926157597844","0.9391926157597844","0.9391926157597844"
"259831","0.9513582398118968","0.9513582398118968","0.9513582398118968"
"260101","1.034628414731074","1.034628414731074","1.034628414731074"
"260363","0.8946656130713554","0.8946656130713554","0.8946656130713554"
"260630","0.8738714525250214","0.8738714525250214","0.8738714525250214"
"260887","1.0012864277236175","1.0012864277236175","1.0012864277236175"
"261155","1.1028742674893388","1.1028742674893388","1.1028742674893388"
"261417","1.0418223124135424","1.0418223124135424","1.0418223124135424"
"261671","1.096407481230293","1.096407481230293","1.096407481230293"
"261930","0.9617323984820797","0.9617323984820797","0.9617323984820797"