"Step","fine tune relabel+shuffle_0_1e-05 - average_loss","fine tune relabel+shuffle_0_1e-05 - average_loss__MIN","fine tune relabel+shuffle_0_1e-05 - average_loss__MAX"
"264","1.1480510200692893","1.1480510200692893","1.1480510200692893"
"519","1.032221887246878","1.032221887246878","1.032221887246878"
"772","0.9778433220479912","0.9778433220479912","0.9778433220479912"
"1040","1.0209807355544784","1.0209807355544784","1.0209807355544784"
"1302","0.9782867512814537","0.9782867512814537","0.9782867512814537"
"1567","1.0028003369323992","1.0028003369323992","1.0028003369323992"
"1818","0.9968804891522434","0.9968804891522434","0.9968804891522434"
"2068","0.9721360012771415","0.9721360012771415","0.9721360012771415"
"2338","1.086426825666462","1.086426825666462","1.086426825666462"
"2600","1.0837212092622563","1.0837212092622563","1.0837212092622563"
"2862","1.1217249670790301","1.1217249670790301","1.1217249670790301"
"3124","1.2103696363218597","1.2103696363218597","1.2103696363218597"
"3377","1.0163793056513424","1.0163793056513424","1.0163793056513424"
"3642","1.0052782779796001","1.0052782779796001","1.0052782779796001"
"3913","1.074267350720277","1.074267350720277","1.074267350720277"
"4155","1.033092859328288","1.033092859328288","1.033092859328288"
"4415","0.9853854602841984","0.9853854602841984","0.9853854602841984"
"4679","1.171588044091366","1.171588044091366","1.171588044091366"
"4930","1.1500178246256592","1.1500178246256592","1.1500178246256592"
"5193","0.9764192803580685","0.9764192803580685","0.9764192803580685"
"5455","1.114762087659983","1.114762087659983","1.114762087659983"
"5728","1.1469931391514725","1.1469931391514725","1.1469931391514725"
"5989","0.9716096521888818","0.9716096521888818","0.9716096521888818"
"6251","1.1855550542782738","1.1855550542782738","1.1855550542782738"
"6501","1.0029723202641734","1.0029723202641734","1.0029723202641734"
"6760","1.1675752320892188","1.1675752320892188","1.1675752320892188"
"7026","1.087121040891698","1.087121040891698","1.087121040891698"
"7292","1.1874344675355075","1.1874344675355075","1.1874344675355075"
"7547","1.1490896614715183","1.1490896614715183","1.1490896614715183"
"7808","1.0558460969822827","1.0558460969822827","1.0558460969822827"
"8067","1.03985038297398","1.03985038297398","1.03985038297398"
"8331","1.0508814651588048","1.0508814651588048","1.0508814651588048"
"8586","1.0205535181450411","1.0205535181450411","1.0205535181450411"
"8853","1.0162226652114543","1.0162226652114543","1.0162226652114543"
"9111","0.9248034736604753","0.9248034736604753","0.9248034736604753"
"9368","1.0084153553264008","1.0084153553264008","1.0084153553264008"
"9633","1.031379010377115","1.031379010377115","1.031379010377115"
"9891","1.0756006076217024","1.0756006076217024","1.0756006076217024"
"10143","1.0277826086420454","1.0277826086420454","1.0277826086420454"
"10409","1.0774048679577861","1.0774048679577861","1.0774048679577861"
"10674","0.9930075429849803","0.9930075429849803","0.9930075429849803"
"10931","1.038730060079284","1.038730060079284","1.038730060079284"
"11198","1.1021857165547995","1.1021857165547995","1.1021857165547995"
"11458","0.9799576721194205","0.9799576721194205","0.9799576721194205"
"11700","0.9383469656937652","0.9383469656937652","0.9383469656937652"
"11944","1.0605996146022032","1.0605996146022032","1.0605996146022032"
"12213","1.0703564772196976","1.0703564772196976","1.0703564772196976"
"12460","1.0557736668819457","1.0557736668819457","1.0557736668819457"
"12728","1.1800922115987742","1.1800922115987742","1.1800922115987742"
"12992","1.191661760496274","1.191661760496274","1.191661760496274"
"13257","1.0380876468924394","1.0380876468924394","1.0380876468924394"
"13519","1.1925645148664208","1.1925645148664208","1.1925645148664208"
"13772","0.9710925643565731","0.9710925643565731","0.9710925643565731"
"14031","0.9916906153224397","0.9916906153224397","0.9916906153224397"
"14295","1.1723657141957018","1.1723657141957018","1.1723657141957018"
"14550","0.9581517774158177","0.9581517774158177","0.9581517774158177"
"14813","0.9223478607557438","0.9223478607557438","0.9223478607557438"
"15068","1.1082659209147097","1.1082659209147097","1.1082659209147097"
"15327","1.1879509742650103","1.1879509742650103","1.1879509742650103"
"15592","0.9812128502685853","0.9812128502685853","0.9812128502685853"
"15852","1.0185701587982823","1.0185701587982823","1.0185701587982823"
"16118","1.126656460066821","1.126656460066821","1.126656460066821"
"16377","0.9182813648344936","0.9182813648344936","0.9182813648344936"
"16640","0.9064136510153098","0.9064136510153098","0.9064136510153098"
"16898","0.9902131020551942","0.9902131020551942","0.9902131020551942"
"17156","1.1031068799593278","1.1031068799593278","1.1031068799593278"
"17416","1.0075761509777434","1.0075761509777434","1.0075761509777434"
"17677","1.1329705362038542","1.1329705362038542","1.1329705362038542"
"17939","1.0986525387541008","1.0986525387541008","1.0986525387541008"
"18209","1.07099684733184","1.07099684733184","1.07099684733184"
"18464","1.0667861644889545","1.0667861644889545","1.0667861644889545"
"18710","1.0202143383871054","1.0202143383871054","1.0202143383871054"
"18969","1.0549436976491344","1.0549436976491344","1.0549436976491344"
"19238","1.241838518331362","1.241838518331362","1.241838518331362"
"19494","1.107853177969251","1.107853177969251","1.107853177969251"
"19747","0.9353650836654867","0.9353650836654867","0.9353650836654867"
"20012","1.0450295321362728","1.0450295321362728","1.0450295321362728"
"20283","1.1050729758569542","1.1050729758569542","1.1050729758569542"
"20545","1.0870918286771731","1.0870918286771731","1.0870918286771731"
"20806","1.023647965052306","1.023647965052306","1.023647965052306"
"21075","1.0918248731168272","1.0918248731168272","1.0918248731168272"
"21341","1.1623195408290452","1.1623195408290452","1.1623195408290452"
"21608","1.0996111495044152","1.0996111495044152","1.0996111495044152"
"21872","0.9746301753313673","0.9746301753313673","0.9746301753313673"
"22144","1.1114692374569024","1.1114692374569024","1.1114692374569024"
"22416","1.073996511742007","1.073996511742007","1.073996511742007"
"22687","1.0632953070846431","1.0632953070846431","1.0632953070846431"
"22947","1.06241453428572","1.06241453428572","1.06241453428572"
"23212","1.2042346855428168","1.2042346855428168","1.2042346855428168"
"23479","1.0694833191664053","1.0694833191664053","1.0694833191664053"
"23748","1.0719733552532995","1.0719733552532995","1.0719733552532995"
"24013","1.140162726429717","1.140162726429717","1.140162726429717"
"24288","0.9710072927945949","0.9710072927945949","0.9710072927945949"
"24552","0.9702346061804781","0.9702346061804781","0.9702346061804781"
"24815","0.9569567576628322","0.9569567576628322","0.9569567576628322"
"25082","1.0390094718349348","1.0390094718349348","1.0390094718349348"
"25336","0.9468477932537456","0.9468477932537456","0.9468477932537456"
"25595","0.9260580142327616","0.9260580142327616","0.9260580142327616"
"25853","1.126323040699427","1.126323040699427","1.126323040699427"
"26096","1.0678248060347866","1.0678248060347866","1.0678248060347866"
"26360","1.0443913483277802","1.0443913483277802","1.0443913483277802"
"26625","0.9889935046140335","0.9889935046140335","0.9889935046140335"
"26895","1.018624577666015","1.018624577666015","1.018624577666015"
"27154","1.1166795247571046","1.1166795247571046","1.1166795247571046"
"27425","1.08754836143769","1.08754836143769","1.08754836143769"
"27688","1.101186491772395","1.101186491772395","1.101186491772395"
"27947","1.0502960624730016","1.0502960624730016","1.0502960624730016"
"28208","0.9479473297816154","0.9479473297816154","0.9479473297816154"
"28476","0.9289585193875239","0.9289585193875239","0.9289585193875239"
"28748","1.181318496512594","1.181318496512594","1.181318496512594"
"29018","1.1799514046953117","1.1799514046953117","1.1799514046953117"
"29275","1.104951031201391","1.104951031201391","1.104951031201391"
"29535","0.9825688645994424","0.9825688645994424","0.9825688645994424"
"29798","1.119801420238809","1.119801420238809","1.119801420238809"
"30061","1.021893878169849","1.021893878169849","1.021893878169849"
"30321","1.0441326451529938","1.0441326451529938","1.0441326451529938"
"30571","1.0132689030358084","1.0132689030358084","1.0132689030358084"
"30828","1.00718947212394","1.00718947212394","1.00718947212394"
"31094","1.0333330610296514","1.0333330610296514","1.0333330610296514"
"31350","1.019449053888451","1.019449053888451","1.019449053888451"
"31617","1.046284349943292","1.046284349943292","1.046284349943292"
"31887","1.02644144215935","1.02644144215935","1.02644144215935"
"32155","1.0212819437543104","1.0212819437543104","1.0212819437543104"
"32418","1.120623370016798","1.120623370016798","1.120623370016798"
"32680","1.0185945299272765","1.0185945299272765","1.0185945299272765"
"32933","1.031774465324802","1.031774465324802","1.031774465324802"
"33194","0.9944162775394662","0.9944162775394662","0.9944162775394662"
"33438","0.9255854967584255","0.9255854967584255","0.9255854967584255"
"33703","1.08823972027092","1.08823972027092","1.08823972027092"
"33971","1.1505697539248891","1.1505697539248891","1.1505697539248891"
"34232","0.9974881824336653","0.9974881824336653","0.9974881824336653"
"34497","1.0042550878414656","1.0042550878414656","1.0042550878414656"
"34763","1.0836893469440165","1.0836893469440165","1.0836893469440165"
"35033","1.0892995465645212","1.0892995465645212","1.0892995465645212"
"35291","1.023387435371815","1.023387435371815","1.023387435371815"
"35552","1.1130338933696986","1.1130338933696986","1.1130338933696986"
"35817","1.0176495883723558","1.0176495883723558","1.0176495883723558"
"36089","1.0105603799743996","1.0105603799743996","1.0105603799743996"
"36347","1.0305812622948929","1.0305812622948929","1.0305812622948929"
"36608","0.9774475943532575","0.9774475943532575","0.9774475943532575"
"36883","0.8625429156966732","0.8625429156966732","0.8625429156966732"
"37131","1.1087360740129413","1.1087360740129413","1.1087360740129413"
"37397","1.0049737975764939","1.0049737975764939","1.0049737975764939"
"37642","1.0109040265281994","1.0109040265281994","1.0109040265281994"
"37913","1.1109309749723366","1.1109309749723366","1.1109309749723366"
"38180","1.147622810135147","1.147622810135147","1.147622810135147"
"38446","1.0702253722231767","1.0702253722231767","1.0702253722231767"
"38703","0.9565296450810682","0.9565296450810682","0.9565296450810682"
"38968","1.0775756873328377","1.0775756873328377","1.0775756873328377"
"39225","0.9109686802111727","0.9109686802111727","0.9109686802111727"
"39473","1.0270753866433426","1.0270753866433426","1.0270753866433426"
"39733","1.1971733071721018","1.1971733071721018","1.1971733071721018"
"39993","0.9727453938461977","0.9727453938461977","0.9727453938461977"
"40249","1.096625281610779","1.096625281610779","1.096625281610779"
"40506","1.1108125977086265","1.1108125977086265","1.1108125977086265"
"40759","0.9954313717641854","0.9954313717641854","0.9954313717641854"
"41020","0.9699820639032523","0.9699820639032523","0.9699820639032523"
"41277","0.995876754898938","0.995876754898938","0.995876754898938"
"41534","0.9580962981987177","0.9580962981987177","0.9580962981987177"
"41797","1.068035382943021","1.068035382943021","1.068035382943021"
"42066","1.1181745891134096","1.1181745891134096","1.1181745891134096"
"42314","1.127325641768005","1.127325641768005","1.127325641768005"
"42573","1.0316181702698162","1.0316181702698162","1.0316181702698162"
"42838","1.03897481531101","1.03897481531101","1.03897481531101"
"43092","0.9553538606674583","0.9553538606674583","0.9553538606674583"
"43361","1.0258745396887143","1.0258745396887143","1.0258745396887143"
"43620","1.1170748295660047","1.1170748295660047","1.1170748295660047"
"43887","1.0916682441906571","1.0916682441906571","1.0916682441906571"
"44150","1.1057732384402967","1.1057732384402967","1.1057732384402967"
"44413","0.9557808105506254","0.9557808105506254","0.9557808105506254"
"44657","0.9293282692604975","0.9293282692604975","0.9293282692604975"
"44918","1.0248943336141818","1.0248943336141818","1.0248943336141818"
"45176","1.138341576175992","1.138341576175992","1.138341576175992"
"45432","1.0681563825312037","1.0681563825312037","1.0681563825312037"
"45704","1.1439277365310032","1.1439277365310032","1.1439277365310032"
"45964","1.001279545418284","1.001279545418284","1.001279545418284"
"46227","1.0903769997415933","1.0903769997415933","1.0903769997415933"
"46498","1.045685446276157","1.045685446276157","1.045685446276157"
"46769","0.975017037095948","0.975017037095948","0.975017037095948"
"47031","0.96909490751393","0.96909490751393","0.96909490751393"
"47289","1.035454048598566","1.035454048598566","1.035454048598566"
"47530","0.9531279905262287","0.9531279905262287","0.9531279905262287"
"47790","0.9124056524838562","0.9124056524838562","0.9124056524838562"
"48055","1.031089981025259","1.031089981025259","1.031089981025259"
"48312","1.0014617800207108","1.0014617800207108","1.0014617800207108"
"48577","1.0353503612960608","1.0353503612960608","1.0353503612960608"
"48835","1.1070985695036748","1.1070985695036748","1.1070985695036748"
"49087","0.9588161635475629","0.9588161635475629","0.9588161635475629"
"49359","1.2520278328167345","1.2520278328167345","1.2520278328167345"
"49614","0.9984720120790708","0.9984720120790708","0.9984720120790708"
"49879","1.085349149528749","1.085349149528749","1.085349149528749"
"50135","1.0986877952736838","1.0986877952736838","1.0986877952736838"
"50397","1.0095628087784283","1.0095628087784283","1.0095628087784283"
"50660","0.9909654640085903","0.9909654640085903","0.9909654640085903"
"50911","1.0669806649494502","1.0669806649494502","1.0669806649494502"
"51174","0.9391640597883872","0.9391640597883872","0.9391640597883872"
"51438","1.153319995083455","1.153319995083455","1.153319995083455"
"51708","1.1263262315287867","1.1263262315287867","1.1263262315287867"
"51963","1.0050599787444399","1.0050599787444399","1.0050599787444399"
"52213","1.0443553443086413","1.0443553443086413","1.0443553443086413"
"52475","1.0463550836951645","1.0463550836951645","1.0463550836951645"
"52741","1.1302207840394372","1.1302207840394372","1.1302207840394372"
"52997","1.1394500922578483","1.1394500922578483","1.1394500922578483"
"53263","1.0778130831738388","1.0778130831738388","1.0778130831738388"
"53533","1.0151896985060274","1.0151896985060274","1.0151896985060274"
"53802","1.15753346250427","1.15753346250427","1.15753346250427"
"54066","0.9512016411448985","0.9512016411448985","0.9512016411448985"
"54331","1.0685640174414501","1.0685640174414501","1.0685640174414501"
"54590","1.0676667416077565","1.0676667416077565","1.0676667416077565"
"54854","0.985430926699493","0.985430926699493","0.985430926699493"
"55124","1.0635127778512141","1.0635127778512141","1.0635127778512141"
"55386","1.1369824845336518","1.1369824845336518","1.1369824845336518"
"55656","1.0834108062571397","1.0834108062571397","1.0834108062571397"
"55915","1.067939631105922","1.067939631105922","1.067939631105922"
"56177","1.1101509827429457","1.1101509827429457","1.1101509827429457"
"56440","1.0620712885305423","1.0620712885305423","1.0620712885305423"
"56692","0.9586413722413135","0.9586413722413135","0.9586413722413135"
"56963","1.1427312727235042","1.1427312727235042","1.1427312727235042"
"57216","1.0515687608239708","1.0515687608239708","1.0515687608239708"
"57477","1.163243160640734","1.163243160640734","1.163243160640734"
"57736","1.1308191782153527","1.1308191782153527","1.1308191782153527"
"57991","0.9809038761658249","0.9809038761658249","0.9809038761658249"
"58263","0.9817214918063514","0.9817214918063514","0.9817214918063514"
"58517","1.0079231734495708","1.0079231734495708","1.0079231734495708"
"58786","1.071039131185358","1.071039131185358","1.071039131185358"
"59049","0.9822081753061378","0.9822081753061378","0.9822081753061378"
"59314","1.0736128017393205","1.0736128017393205","1.0736128017393205"
"59562","1.1709825529328572","1.1709825529328572","1.1709825529328572"
"59831","1.0244081312991737","1.0244081312991737","1.0244081312991737"
"60098","1.0227014519372022","1.0227014519372022","1.0227014519372022"
"60360","1.0655076504164793","1.0655076504164793","1.0655076504164793"
"60614","1.091444426972223","1.091444426972223","1.091444426972223"
"60872","1.0542366781600996","1.0542366781600996","1.0542366781600996"
"61138","0.9498629477084857","0.9498629477084857","0.9498629477084857"
"61412","1.1911887038155236","1.1911887038155236","1.1911887038155236"
"61662","0.873932922305568","0.873932922305568","0.873932922305568"
"61926","1.0930234675274801","1.0930234675274801","1.0930234675274801"
"62190","0.9773129097014652","0.9773129097014652","0.9773129097014652"
"62454","1.0257739380358712","1.0257739380358712","1.0257739380358712"
"62717","0.9921661310294473","0.9921661310294473","0.9921661310294473"
"62981","1.1266104824924115","1.1266104824924115","1.1266104824924115"
"63248","1.1194657873413127","1.1194657873413127","1.1194657873413127"
"63500","0.9401246080244029","0.9401246080244029","0.9401246080244029"
"63754","0.9589118713050268","0.9589118713050268","0.9589118713050268"
"64023","1.0280055438050253","1.0280055438050253","1.0280055438050253"
"64289","1.15036434403028","1.15036434403028","1.15036434403028"
"64560","1.0657106498149629","1.0657106498149629","1.0657106498149629"
"64820","1.0050002060073593","1.0050002060073593","1.0050002060073593"
"65074","1.168899742066304","1.168899742066304","1.168899742066304"
"65342","1.0602568100791587","1.0602568100791587","1.0602568100791587"
"65611","0.8753933212120267","0.8753933212120267","0.8753933212120267"
"65869","1.0626924189231801","1.0626924189231801","1.0626924189231801"
"66127","1.0360522487416035","1.0360522487416035","1.0360522487416035"
"66382","1.0862290099997602","1.0862290099997602","1.0862290099997602"
"66643","1.01686055225419","1.01686055225419","1.01686055225419"
"66904","0.930285586837812","0.930285586837812","0.930285586837812"
"67168","1.0897161138838507","1.0897161138838507","1.0897161138838507"
"67434","1.0491294663754167","1.0491294663754167","1.0491294663754167"
"67701","1.1734401104230863","1.1734401104230863","1.1734401104230863"
"67962","1.0686073940971659","1.0686073940971659","1.0686073940971659"
"68221","1.0658917494126836","1.0658917494126836","1.0658917494126836"
"68489","1.0316089118145033","1.0316089118145033","1.0316089118145033"
"68753","0.9741403563789693","0.9741403563789693","0.9741403563789693"
"69011","0.9692634252007506","0.9692634252007506","0.9692634252007506"
"69266","1.0657797776774673","1.0657797776774673","1.0657797776774673"
"69529","1.0650295575563278","1.0650295575563278","1.0650295575563278"
"69787","0.9406701990940636","0.9406701990940636","0.9406701990940636"
"70050","1.1227595014463145","1.1227595014463145","1.1227595014463145"
"70313","1.116586778871715","1.116586778871715","1.116586778871715"
"70567","0.9170723293993426","0.9170723293993426","0.9170723293993426"
"70826","0.820406581514226","0.820406581514226","0.820406581514226"
"71087","1.118268662454796","1.118268662454796","1.118268662454796"
"71344","0.971684631940382","0.971684631940382","0.971684631940382"
"71606","0.9832378697015938","0.9832378697015938","0.9832378697015938"
"71869","1.0554803929072227","1.0554803929072227","1.0554803929072227"
"72136","0.9509902687204006","0.9509902687204006","0.9509902687204006"
"72402","1.1491225619627923","1.1491225619627923","1.1491225619627923"
"72667","1.0821267159334595","1.0821267159334595","1.0821267159334595"
"72929","1.051358169172811","1.051358169172811","1.051358169172811"
"73186","1.0650896857515202","1.0650896857515202","1.0650896857515202"
"73443","1.057490250077616","1.057490250077616","1.057490250077616"
"73706","0.9728849241579021","0.9728849241579021","0.9728849241579021"
"73981","1.0155843400016338","1.0155843400016338","1.0155843400016338"
"74246","1.07535726484921","1.07535726484921","1.07535726484921"
"74515","1.0637677259010228","1.0637677259010228","1.0637677259010228"
"74779","1.0088127793108235","1.0088127793108235","1.0088127793108235"
"75047","1.0522579404490788","1.0522579404490788","1.0522579404490788"
"75307","1.027074277144769","1.027074277144769","1.027074277144769"
"75580","1.0151922791705938","1.0151922791705938","1.0151922791705938"
"75838","1.0396401118556107","1.0396401118556107","1.0396401118556107"
"76102","1.0003769149155084","1.0003769149155084","1.0003769149155084"
"76367","1.0059367642487205","1.0059367642487205","1.0059367642487205"
"76627","1.0250387515450332","1.0250387515450332","1.0250387515450332"
"76876","0.9898423286618796","0.9898423286618796","0.9898423286618796"
"77131","1.1120153604891703","1.1120153604891703","1.1120153604891703"
"77387","1.0504018641053443","1.0504018641053443","1.0504018641053443"
"77648","0.9663938205329791","0.9663938205329791","0.9663938205329791"
"77907","1.1319558618467354","1.1319558618467354","1.1319558618467354"
"78176","1.142303656672074","1.142303656672074","1.142303656672074"
"78441","0.9789199084735628","0.9789199084735628","0.9789199084735628"
"78701","1.1714953628382576","1.1714953628382576","1.1714953628382576"
"78967","1.1059039404883815","1.1059039404883815","1.1059039404883815"
"79237","1.0186991227062152","1.0186991227062152","1.0186991227062152"
"79503","1.0712653670770915","1.0712653670770915","1.0712653670770915"
"79771","0.9911710628347161","0.9911710628347161","0.9911710628347161"
"80038","0.9180201976649798","0.9180201976649798","0.9180201976649798"
"80297","0.9917497903132921","0.9917497903132921","0.9917497903132921"
"80546","1.0328557258954754","1.0328557258954754","1.0328557258954754"
"80807","0.9808671323639613","0.9808671323639613","0.9808671323639613"
"81072","1.0613957099442137","1.0613957099442137","1.0613957099442137"
"81332","0.9165229974102198","0.9165229974102198","0.9165229974102198"
"81592","1.0234148338280267","1.0234148338280267","1.0234148338280267"
"81845","1.074866475544318","1.074866475544318","1.074866475544318"
"82107","1.0296770991747992","1.0296770991747992","1.0296770991747992"
"82354","0.9917618902607097","0.9917618902607097","0.9917618902607097"
"82618","1.1526273644539593","1.1526273644539593","1.1526273644539593"
"82883","1.1209108297689387","1.1209108297689387","1.1209108297689387"
"83148","1.020927080421171","1.020927080421171","1.020927080421171"
"83410","1.0963725725128117","1.0963725725128117","1.0963725725128117"
"83671","1.0694399830424803","1.0694399830424803","1.0694399830424803"
"83937","1.0217245602165","1.0217245602165","1.0217245602165"
"84193","1.0033549130815016","1.0033549130815016","1.0033549130815016"
"84453","0.8940876764554626","0.8940876764554626","0.8940876764554626"
"84717","1.0311330308947988","1.0311330308947988","1.0311330308947988"
"84966","0.9022517263404147","0.9022517263404147","0.9022517263404147"
"85239","1.0567337831499","1.0567337831499","1.0567337831499"
"85494","0.9963525823948177","0.9963525823948177","0.9963525823948177"
"85760","1.0274023816206002","1.0274023816206002","1.0274023816206002"
"86021","1.1042322004523224","1.1042322004523224","1.1042322004523224"
"86288","1.1186800960346548","1.1186800960346548","1.1186800960346548"
"86553","1.1415935535070107","1.1415935535070107","1.1415935535070107"
"86823","1.0526885573978515","1.0526885573978515","1.0526885573978515"
"87096","1.042076669183708","1.042076669183708","1.042076669183708"
"87363","0.9948122692518626","0.9948122692518626","0.9948122692518626"
"87625","1.0732720296278044","1.0732720296278044","1.0732720296278044"
"87900","0.9434696015539455","0.9434696015539455","0.9434696015539455"
"88153","1.032788212201961","1.032788212201961","1.032788212201961"
"88422","1.1188540774286577","1.1188540774286577","1.1188540774286577"
"88674","1.0075504160365434","1.0075504160365434","1.0075504160365434"
"88937","1.0313373208323966","1.0313373208323966","1.0313373208323966"
"89200","0.969936869814717","0.969936869814717","0.969936869814717"
"89453","0.9609605342401821","0.9609605342401821","0.9609605342401821"
"89702","1.0440711029372471","1.0440711029372471","1.0440711029372471"
"89970","0.9818905812485572","0.9818905812485572","0.9818905812485572"
"90236","1.006255371922663","1.006255371922663","1.006255371922663"
"90491","1.0655934215279304","1.0655934215279304","1.0655934215279304"
"90751","1.0401430092627144","1.0401430092627144","1.0401430092627144"
"91010","1.0528351757331749","1.0528351757331749","1.0528351757331749"
"91269","0.9626487033096729","0.9626487033096729","0.9626487033096729"
"91532","1.0440278519087987","1.0440278519087987","1.0440278519087987"
"91796","1.023588126055876","1.023588126055876","1.023588126055876"
"92055","1.0422375759105273","1.0422375759105273","1.0422375759105273"
"92308","0.928267685519497","0.928267685519497","0.928267685519497"
"92573","1.0987731712444302","1.0987731712444302","1.0987731712444302"
"92835","0.9720504242085725","0.9720504242085725","0.9720504242085725"
"93104","0.9548528674856157","0.9548528674856157","0.9548528674856157"
"93361","1.0382263839109858","1.0382263839109858","1.0382263839109858"
"93625","1.1353431828506844","1.1353431828506844","1.1353431828506844"
"93891","1.141963767636966","1.141963767636966","1.141963767636966"
"94166","1.0025126647109257","1.0025126647109257","1.0025126647109257"
"94434","0.9504286942546627","0.9504286942546627","0.9504286942546627"
"94699","1.0442597615667317","1.0442597615667317","1.0442597615667317"
"94969","1.0237811176688107","1.0237811176688107","1.0237811176688107"
"95237","1.059864800768537","1.059864800768537","1.059864800768537"
"95498","1.0813267365076356","1.0813267365076356","1.0813267365076356"
"95747","0.919013666717715","0.919013666717715","0.919013666717715"
"96009","1.0326500890837973","1.0326500890837973","1.0326500890837973"
"96277","1.0788244689579","1.0788244689579","1.0788244689579"
"96542","1.0345454087850916","1.0345454087850916","1.0345454087850916"
"96811","0.9696961955821135","0.9696961955821135","0.9696961955821135"
"97070","1.1030357899926861","1.1030357899926861","1.1030357899926861"
"97334","0.9470640442658875","0.9470640442658875","0.9470640442658875"
"97596","0.9834070152163394","0.9834070152163394","0.9834070152163394"
"97863","1.162207187993314","1.162207187993314","1.162207187993314"
"98111","1.0357379094909316","1.0357379094909316","1.0357379094909316"
"98364","1.0610304820082719","1.0610304820082719","1.0610304820082719"
"98624","1.0839417603142836","1.0839417603142836","1.0839417603142836"
"98887","1.1065742908104537","1.1065742908104537","1.1065742908104537"
"99147","1.0406057637212556","1.0406057637212556","1.0406057637212556"
"99401","1.1570929446526235","1.1570929446526235","1.1570929446526235"
"99672","1.1811869494974394","1.1811869494974394","1.1811869494974394"
"99934","1.0100414868170906","1.0100414868170906","1.0100414868170906"
"100197","1.0363604580415793","1.0363604580415793","1.0363604580415793"
"100447","1.0824029868551317","1.0824029868551317","1.0824029868551317"
"100710","1.090998167389474","1.090998167389474","1.090998167389474"
"100969","1.084039732745962","1.084039732745962","1.084039732745962"
"101229","1.0155107346949754","1.0155107346949754","1.0155107346949754"
"101485","0.9813323005574012","0.9813323005574012","0.9813323005574012"
"101749","1.1292657291901562","1.1292657291901562","1.1292657291901562"
"101994","1.0981750660575926","1.0981750660575926","1.0981750660575926"
"102258","1.0092152619833532","1.0092152619833532","1.0092152619833532"
"102506","1.1335602677444416","1.1335602677444416","1.1335602677444416"
"102769","1.0256240944433828","1.0256240944433828","1.0256240944433828"
"103035","1.1347986705656201","1.1347986705656201","1.1347986705656201"
"103299","1.0525274892266916","1.0525274892266916","1.0525274892266916"
"103552","1.0276900508333684","1.0276900508333684","1.0276900508333684"
"103813","0.9625769987619891","0.9625769987619891","0.9625769987619891"
"104069","1.1358213551204515","1.1358213551204515","1.1358213551204515"
"104323","1.06430803503855","1.06430803503855","1.06430803503855"
"104582","1.072362166743492","1.072362166743492","1.072362166743492"
"104847","1.0193038621790171","1.0193038621790171","1.0193038621790171"
"105113","1.001432458820282","1.001432458820282","1.001432458820282"
"105372","1.0180372864174134","1.0180372864174134","1.0180372864174134"
"105634","1.0037564786959743","1.0037564786959743","1.0037564786959743"
"105894","1.0301904108279085","1.0301904108279085","1.0301904108279085"
"106158","1.0384955518015038","1.0384955518015038","1.0384955518015038"
"106419","1.2083284103539276","1.2083284103539276","1.2083284103539276"
"106665","1.0852236264305763","1.0852236264305763","1.0852236264305763"
"106926","1.1679546669052805","1.1679546669052805","1.1679546669052805"
"107183","0.9807129061194482","0.9807129061194482","0.9807129061194482"
"107449","0.9097421232804026","0.9097421232804026","0.9097421232804026"
"107710","0.9811347445723112","0.9811347445723112","0.9811347445723112"
"107984","1.0621550574392786","1.0621550574392786","1.0621550574392786"
"108254","1.1082707461778523","1.1082707461778523","1.1082707461778523"
"108516","1.0177671468869964","1.0177671468869964","1.0177671468869964"
"108781","1.124951737200213","1.124951737200213","1.124951737200213"
"109049","0.9904887302931701","0.9904887302931701","0.9904887302931701"
"109308","1.033213746826017","1.033213746826017","1.033213746826017"
"109567","1.07323939296141","1.07323939296141","1.07323939296141"
"109817","0.852453043505448","0.852453043505448","0.852453043505448"
"110073","1.105845304586852","1.105845304586852","1.105845304586852"
"110337","1.0078690059012565","1.0078690059012565","1.0078690059012565"
"110608","1.1669410141157688","1.1669410141157688","1.1669410141157688"
"110876","1.0537146987782708","1.0537146987782708","1.0537146987782708"
"111140","1.0196657066725625","1.0196657066725625","1.0196657066725625"
"111385","0.9519132198064971","0.9519132198064971","0.9519132198064971"
"111638","1.122603913086156","1.122603913086156","1.122603913086156"
"111907","1.0995009995763263","1.0995009995763263","1.0995009995763263"
"112163","0.9965097497984735","0.9965097497984735","0.9965097497984735"
"112427","1.0679136286923991","1.0679136286923991","1.0679136286923991"
"112678","1.0887257668058141","1.0887257668058141","1.0887257668058141"
"112937","0.9976396892511864","0.9976396892511864","0.9976396892511864"
"113206","0.9824718997515112","0.9824718997515112","0.9824718997515112"
"113466","0.9475551984488353","0.9475551984488353","0.9475551984488353"
"113734","1.0065782790589664","1.0065782790589664","1.0065782790589664"
"113988","1.0026853717087694","1.0026853717087694","1.0026853717087694"
"114247","1.0116182559534974","1.0116182559534974","1.0116182559534974"
"114502","1.04846968297883","1.04846968297883","1.04846968297883"
"114760","1.0321017719581196","1.0321017719581196","1.0321017719581196"
"115019","0.982594815039578","0.982594815039578","0.982594815039578"
"115274","1.0503040546106877","1.0503040546106877","1.0503040546106877"
"115546","1.0429520115385609","1.0429520115385609","1.0429520115385609"
"115800","0.9397165575215177","0.9397165575215177","0.9397165575215177"
"116063","1.0190727531513013","1.0190727531513013","1.0190727531513013"
"116314","0.9610574941595171","0.9610574941595171","0.9610574941595171"
"116573","1.0471949053926395","1.0471949053926395","1.0471949053926395"
"116823","0.883375058605291","0.883375058605291","0.883375058605291"
"117081","0.9662913531897268","0.9662913531897268","0.9662913531897268"
"117345","0.9772168604320743","0.9772168604320743","0.9772168604320743"
"117594","1.0481371128000319","1.0481371128000319","1.0481371128000319"
"117850","0.9974866149696842","0.9974866149696842","0.9974866149696842"
"118117","1.0470223667804885","1.0470223667804885","1.0470223667804885"
"118392","1.0559792192549724","1.0559792192549724","1.0559792192549724"
"118656","1.0709735498884347","1.0709735498884347","1.0709735498884347"
"118925","1.0062106558914947","1.0062106558914947","1.0062106558914947"
"119191","1.0761734301558739","1.0761734301558739","1.0761734301558739"
"119454","0.9625525534131091","0.9625525534131091","0.9625525534131091"
"119711","1.0115835059032698","1.0115835059032698","1.0115835059032698"
"119973","1.0636775499232647","1.0636775499232647","1.0636775499232647"
"120233","1.1197745060154365","1.1197745060154365","1.1197745060154365"
"120496","1.0177157897019276","1.0177157897019276","1.0177157897019276"
"120753","0.967129273596474","0.967129273596474","0.967129273596474"
"121007","0.9350407909806194","0.9350407909806194","0.9350407909806194"
"121259","0.8443422717100203","0.8443422717100203","0.8443422717100203"
"121516","0.9365966009758552","0.9365966009758552","0.9365966009758552"
"121773","1.0587050804846234","1.0587050804846234","1.0587050804846234"
"122040","0.9591775706589774","0.9591775706589774","0.9591775706589774"
"122297","1.031621723702406","1.031621723702406","1.031621723702406"
"122557","1.0228156061081364","1.0228156061081364","1.0228156061081364"
"122825","0.9892280618890288","0.9892280618890288","0.9892280618890288"
"123088","1.030665489424158","1.030665489424158","1.030665489424158"
"123351","1.0460053071656694","1.0460053071656694","1.0460053071656694"
"123617","0.9500154863799422","0.9500154863799422","0.9500154863799422"
"123870","1.0487464944430367","1.0487464944430367","1.0487464944430367"
"124118","0.9166828213943065","0.9166828213943065","0.9166828213943065"
"124384","1.1074261585115717","1.1074261585115717","1.1074261585115717"
"124650","1.1446640374155288","1.1446640374155288","1.1446640374155288"
"124917","1.0552871513214928","1.0552871513214928","1.0552871513214928"
"125187","0.9897771312285754","0.9897771312285754","0.9897771312285754"
"125446","0.9867048124653643","0.9867048124653643","0.9867048124653643"
"125703","0.9782158941190365","0.9782158941190365","0.9782158941190365"
"125961","0.9831868118192207","0.9831868118192207","0.9831868118192207"
"126219","1.160153639831735","1.160153639831735","1.160153639831735"
"126474","1.0709990004845351","1.0709990004845351","1.0709990004845351"
"126743","1.136386959023248","1.136386959023248","1.136386959023248"
"127010","1.1529300687228683","1.1529300687228683","1.1529300687228683"
"127269","0.8899262061928985","0.8899262061928985","0.8899262061928985"
"127533","1.053465855093182","1.053465855093182","1.053465855093182"
"127797","1.0338284462394804","1.0338284462394804","1.0338284462394804"
"128065","1.1940893568794595","1.1940893568794595","1.1940893568794595"
"128318","1.156520790628031","1.156520790628031","1.156520790628031"
"128576","1.0312552722136328","1.0312552722136328","1.0312552722136328"
"128836","1.0101874066579726","1.0101874066579726","1.0101874066579726"
"129102","1.0576434833188093","1.0576434833188093","1.0576434833188093"
"129363","1.0130602802253432","1.0130602802253432","1.0130602802253432"
"129633","1.080368802656004","1.080368802656004","1.080368802656004"
"129900","1.0375319987507983","1.0375319987507983","1.0375319987507983"
"130162","1.0535887831747188","1.0535887831747188","1.0535887831747188"
"130421","1.0105618069461477","1.0105618069461477","1.0105618069461477"
"130692","0.9510799010077501","0.9510799010077501","0.9510799010077501"
"130949","1.0341020469455984","1.0341020469455984","1.0341020469455984"
"131223","1.0145516045266922","1.0145516045266922","1.0145516045266922"
"131494","1.0395356905113946","1.0395356905113946","1.0395356905113946"
"131750","1.0924683897314094","1.0924683897314094","1.0924683897314094"
"132014","0.9526122095271629","0.9526122095271629","0.9526122095271629"
"132274","1.0157664959570476","1.0157664959570476","1.0157664959570476"
"132541","1.016039561015735","1.016039561015735","1.016039561015735"
"132788","0.9519136318420706","0.9519136318420706","0.9519136318420706"
"133060","1.1882920877308651","1.1882920877308651","1.1882920877308651"
"133314","0.9278287330197896","0.9278287330197896","0.9278287330197896"
"133568","1.0125827474388047","1.0125827474388047","1.0125827474388047"
"133819","1.1137538048367561","1.1137538048367561","1.1137538048367561"
"134079","1.0131325423300488","1.0131325423300488","1.0131325423300488"
"134344","1.1203273083925303","1.1203273083925303","1.1203273083925303"
"134603","1.0687465430547793","1.0687465430547793","1.0687465430547793"
"134846","0.975624135674466","0.975624135674466","0.975624135674466"
"135106","0.9781173843570721","0.9781173843570721","0.9781173843570721"
"135369","1.1168069936640894","1.1168069936640894","1.1168069936640894"
"135635","1.0302874252414116","1.0302874252414116","1.0302874252414116"
"135894","1.1103842815039335","1.1103842815039335","1.1103842815039335"
"136146","0.9620762048220193","0.9620762048220193","0.9620762048220193"
"136409","1.029363288241786","1.029363288241786","1.029363288241786"
"136672","1.0853732216162346","1.0853732216162346","1.0853732216162346"
"136919","0.9293510506278537","0.9293510506278537","0.9293510506278537"
"137183","0.9454859946045505","0.9454859946045505","0.9454859946045505"
"137445","1.1969006871543963","1.1969006871543963","1.1969006871543963"
"137713","1.0150782596009473","1.0150782596009473","1.0150782596009473"
"137976","1.2548992638392493","1.2548992638392493","1.2548992638392493"
"138233","0.9565756763576331","0.9565756763576331","0.9565756763576331"
"138498","1.0561810233751336","1.0561810233751336","1.0561810233751336"
"138761","0.9802405992697241","0.9802405992697241","0.9802405992697241"
"139026","1.0271729041712283","1.0271729041712283","1.0271729041712283"
"139292","1.0627343441218797","1.0627343441218797","1.0627343441218797"
"139555","1.0243773238316425","1.0243773238316425","1.0243773238316425"
"139821","1.1279141187457653","1.1279141187457653","1.1279141187457653"
"140091","1.1684715903214145","1.1684715903214145","1.1684715903214145"
"140360","1.030964107219596","1.030964107219596","1.030964107219596"
"140625","0.9949731065954556","0.9949731065954556","0.9949731065954556"
"140881","1.1005326840045822","1.1005326840045822","1.1005326840045822"
"141131","1.1053934914776606","1.1053934914776606","1.1053934914776606"
"141396","1.0796806834076946","1.0796806834076946","1.0796806834076946"
"141667","0.9282987280350635","0.9282987280350635","0.9282987280350635"
"141932","1.0939134289951937","1.0939134289951937","1.0939134289951937"
"142195","1.019124133581621","1.019124133581621","1.019124133581621"
"142461","1.0858740745410378","1.0858740745410378","1.0858740745410378"
"142726","1.0781769548352713","1.0781769548352713","1.0781769548352713"
"142995","1.0279720126498526","1.0279720126498526","1.0279720126498526"
"143260","1.1016802854141656","1.1016802854141656","1.1016802854141656"
"143534","0.9441150955717873","0.9441150955717873","0.9441150955717873"
"143797","1.0303763977907323","1.0303763977907323","1.0303763977907323"
"144056","0.9170967899046418","0.9170967899046418","0.9170967899046418"
"144319","1.147514369382447","1.147514369382447","1.147514369382447"
"144583","1.18016715614682","1.18016715614682","1.18016715614682"
"144847","1.065263871275455","1.065263871275455","1.065263871275455"
"145102","1.0466369114682528","1.0466369114682528","1.0466369114682528"
"145367","1.0606521172670678","1.0606521172670678","1.0606521172670678"
"145618","1.1163841005781217","1.1163841005781217","1.1163841005781217"
"145888","1.1958750015523325","1.1958750015523325","1.1958750015523325"
"146156","1.1386811335460933","1.1386811335460933","1.1386811335460933"
"146421","1.1514860125063462","1.1514860125063462","1.1514860125063462"
"146683","1.0157819132115526","1.0157819132115526","1.0157819132115526"
"146919","1.1193068034403932","1.1193068034403932","1.1193068034403932"
"147179","1.0150640576787575","1.0150640576787575","1.0150640576787575"
"147436","1.0881218764204774","1.0881218764204774","1.0881218764204774"
"147689","0.9894733830678871","0.9894733830678871","0.9894733830678871"
"147947","0.954724913852737","0.954724913852737","0.954724913852737"
"148214","1.0709871500316592","1.0709871500316592","1.0709871500316592"
"148472","1.1253767276059525","1.1253767276059525","1.1253767276059525"
"148727","1.0486112398360048","1.0486112398360048","1.0486112398360048"
"148996","1.0441396596651629","1.0441396596651629","1.0441396596651629"
"149265","0.9928591440623924","0.9928591440623924","0.9928591440623924"
"149528","1.0726435045772464","1.0726435045772464","1.0726435045772464"
"149790","1.1251476117982835","1.1251476117982835","1.1251476117982835"
"150052","1.0547197702964963","1.0547197702964963","1.0547197702964963"
"150313","1.0911053078108917","1.0911053078108917","1.0911053078108917"
"150558","1.0333771093275304","1.0333771093275304","1.0333771093275304"
"150819","0.9993686240177205","0.9993686240177205","0.9993686240177205"
"151079","1.083166725252276","1.083166725252276","1.083166725252276"
"151353","1.0516323233339115","1.0516323233339115","1.0516323233339115"
"151610","1.1234734453692066","1.1234734453692066","1.1234734453692066"
"151878","1.0931448474875012","1.0931448474875012","1.0931448474875012"
"152131","0.929122207686305","0.929122207686305","0.929122207686305"
"152382","0.9513257501249233","0.9513257501249233","0.9513257501249233"
"152642","1.0301775782613076","1.0301775782613076","1.0301775782613076"
"152903","1.0336497307563974","1.0336497307563974","1.0336497307563974"
"153168","1.0595575554178012","1.0595575554178012","1.0595575554178012"
"153432","1.0268022572207782","1.0268022572207782","1.0268022572207782"
"153689","1.0467931914681954","1.0467931914681954","1.0467931914681954"
"153952","0.9986302224229331","0.9986302224229331","0.9986302224229331"
"154216","1.1615260108508636","1.1615260108508636","1.1615260108508636"
"154478","0.9899878568356217","0.9899878568356217","0.9899878568356217"
"154738","0.8364857158770772","0.8364857158770772","0.8364857158770772"
"155002","1.0161570625491192","1.0161570625491192","1.0161570625491192"
"155246","1.0319627312993365","1.0319627312993365","1.0319627312993365"
"155507","0.876210571770746","0.876210571770746","0.876210571770746"
"155768","1.1350662977163446","1.1350662977163446","1.1350662977163446"
"156037","1.0898817300724077","1.0898817300724077","1.0898817300724077"
"156298","1.0501759781411395","1.0501759781411395","1.0501759781411395"
"156564","1.1067450433719281","1.1067450433719281","1.1067450433719281"
"156819","0.9760109315683761","0.9760109315683761","0.9760109315683761"
"157081","1.0880815421602246","1.0880815421602246","1.0880815421602246"
"157337","0.9692966969847611","0.9692966969847611","0.9692966969847611"
"157600","1.0715224667865622","1.0715224667865622","1.0715224667865622"
"157867","1.0291463154971872","1.0291463154971872","1.0291463154971872"
"158133","1.0395682087729017","1.0395682087729017","1.0395682087729017"
"158402","1.0669197094526361","1.0669197094526361","1.0669197094526361"
"158661","1.079154085786862","1.079154085786862","1.079154085786862"
"158918","0.9736284214466787","0.9736284214466787","0.9736284214466787"
"159185","0.9820469961161433","0.9820469961161433","0.9820469961161433"
"159442","1.0626748974479225","1.0626748974479225","1.0626748974479225"
"159702","1.0323945466030349","1.0323945466030349","1.0323945466030349"
"159960","0.99641756118096","0.99641756118096","0.99641756118096"
"160227","1.0061689001163123","1.0061689001163123","1.0061689001163123"
"160492","1.0850477464515413","1.0850477464515413","1.0850477464515413"
"160753","0.9157600708110294","0.9157600708110294","0.9157600708110294"
"161017","0.9696441534906626","0.9696441534906626","0.9696441534906626"
"161278","1.0653979097999635","1.0653979097999635","1.0653979097999635"
"161546","1.1148426372616491","1.1148426372616491","1.1148426372616491"
"161820","1.0148148452998915","1.0148148452998915","1.0148148452998915"
"162088","1.0693648819241492","1.0693648819241492","1.0693648819241492"
"162340","1.0134219027971638","1.0134219027971638","1.0134219027971638"
"162606","0.9979850948637399","0.9979850948637399","0.9979850948637399"
"162869","0.9740123179538444","0.9740123179538444","0.9740123179538444"
"163129","1.0589544722500004","1.0589544722500004","1.0589544722500004"
"163384","1.011643050358604","1.011643050358604","1.011643050358604"
"163634","0.9930465383706555","0.9930465383706555","0.9930465383706555"
"163889","1.104552327234436","1.104552327234436","1.104552327234436"
"164146","0.9226329246384686","0.9226329246384686","0.9226329246384686"
"164412","0.958802827895227","0.958802827895227","0.958802827895227"
"164665","1.0948729543159803","1.0948729543159803","1.0948729543159803"
"164933","1.1100761648853896","1.1100761648853896","1.1100761648853896"
"165195","0.9160897229251622","0.9160897229251622","0.9160897229251622"
"165448","1.038517062355224","1.038517062355224","1.038517062355224"
"165716","1.1164776864729395","1.1164776864729395","1.1164776864729395"
"165979","1.0828210596790928","1.0828210596790928","1.0828210596790928"
"166239","1.1108868846040287","1.1108868846040287","1.1108868846040287"
"166494","0.9382000849495701","0.9382000849495701","0.9382000849495701"
"166748","0.9691267447797824","0.9691267447797824","0.9691267447797824"
"167011","0.9036577002350198","0.9036577002350198","0.9036577002350198"
"167273","0.9781412345424292","0.9781412345424292","0.9781412345424292"
"167534","1.0782850242395063","1.0782850242395063","1.0782850242395063"
"167803","0.9251158371543743","0.9251158371543743","0.9251158371543743"
"168065","0.8593173064312963","0.8593173064312963","0.8593173064312963"
"168330","1.1594442658829716","1.1594442658829716","1.1594442658829716"
"168599","1.1028722767817798","1.1028722767817798","1.1028722767817798"
"168863","1.1437191452526358","1.1437191452526358","1.1437191452526358"
"169129","1.0242829930655102","1.0242829930655102","1.0242829930655102"
"169393","1.031210153392164","1.031210153392164","1.031210153392164"
"169653","1.0571386050669322","1.0571386050669322","1.0571386050669322"
"169913","1.0257578692416276","1.0257578692416276","1.0257578692416276"
"170185","0.9999215998850021","0.9999215998850021","0.9999215998850021"
"170455","1.1086433359228034","1.1086433359228034","1.1086433359228034"
"170712","1.0626986265671625","1.0626986265671625","1.0626986265671625"
"170975","0.9090366133557701","0.9090366133557701","0.9090366133557701"
"171234","0.936253832175386","0.936253832175386","0.936253832175386"
"171502","0.9710653883667116","0.9710653883667116","0.9710653883667116"
"171770","1.0579284339016306","1.0579284339016306","1.0579284339016306"
"172039","1.0897473338200176","1.0897473338200176","1.0897473338200176"
"172301","0.9603477949889229","0.9603477949889229","0.9603477949889229"
"172557","0.9718486439795009","0.9718486439795009","0.9718486439795009"
"172817","0.9466311253473557","0.9466311253473557","0.9466311253473557"
"173081","1.10464661875356","1.10464661875356","1.10464661875356"
"173338","0.8816384789587107","0.8816384789587107","0.8816384789587107"
"173599","1.0446016572139882","1.0446016572139882","1.0446016572139882"
"173857","1.1630579098976013","1.1630579098976013","1.1630579098976013"
"174118","0.8882236622477608","0.8882236622477608","0.8882236622477608"
"174368","0.926838237319642","0.926838237319642","0.926838237319642"
"174623","0.9948205905291339","0.9948205905291339","0.9948205905291339"
"174884","1.0989247305441865","1.0989247305441865","1.0989247305441865"
"175141","1.062744478134588","1.062744478134588","1.062744478134588"
"175402","1.131873169992145","1.131873169992145","1.131873169992145"
"175666","1.035603433163541","1.035603433163541","1.035603433163541"
"175917","0.9762960388638557","0.9762960388638557","0.9762960388638557"
"176176","1.0105860856072795","1.0105860856072795","1.0105860856072795"
"176447","0.9310111116295909","0.9310111116295909","0.9310111116295909"
"176710","1.0523853664385603","1.0523853664385603","1.0523853664385603"
"176982","1.046426159764306","1.046426159764306","1.046426159764306"
"177251","0.973931741806327","0.973931741806327","0.973931741806327"
"177517","1.1317424330159307","1.1317424330159307","1.1317424330159307"
"177789","0.9623925561335097","0.9623925561335097","0.9623925561335097"
"178048","0.9893496552457016","0.9893496552457016","0.9893496552457016"
"178308","1.0119201114726835","1.0119201114726835","1.0119201114726835"
"178568","0.908922680165431","0.908922680165431","0.908922680165431"
"178825","1.02303196482086","1.02303196482086","1.02303196482086"
"179093","1.0212573253505026","1.0212573253505026","1.0212573253505026"
"179360","0.9693722409492266","0.9693722409492266","0.9693722409492266"
"179626","1.0407629037991648","1.0407629037991648","1.0407629037991648"
"179894","1.0356158496631283","1.0356158496631283","1.0356158496631283"
"180158","0.8717400103093162","0.8717400103093162","0.8717400103093162"
"180422","0.894547114912853","0.894547114912853","0.894547114912853"
"180688","1.157801491639584","1.157801491639584","1.157801491639584"
"180949","1.0752071429121761","1.0752071429121761","1.0752071429121761"
"181217","1.145574303235659","1.145574303235659","1.145574303235659"
"181476","0.9961516134455108","0.9961516134455108","0.9961516134455108"
"181728","0.9793392586127649","0.9793392586127649","0.9793392586127649"
"181990","1.0802549672363506","1.0802549672363506","1.0802549672363506"
"182260","1.1326749205903663","1.1326749205903663","1.1326749205903663"
"182525","1.0701460187226088","1.0701460187226088","1.0701460187226088"
"182790","0.9902799616190192","0.9902799616190192","0.9902799616190192"
"183059","1.029072222873728","1.029072222873728","1.029072222873728"
"183313","1.102277589255172","1.102277589255172","1.102277589255172"
"183587","0.986606572257585","0.986606572257585","0.986606572257585"
"183845","0.9547270414494645","0.9547270414494645","0.9547270414494645"
"184106","1.0611151288049567","1.0611151288049567","1.0611151288049567"
"184371","1.0417760137521843","1.0417760137521843","1.0417760137521843"
"184628","1.004492525622958","1.004492525622958","1.004492525622958"
"184897","0.9871017572054319","0.9871017572054319","0.9871017572054319"
"185151","1.0339990032190043","1.0339990032190043","1.0339990032190043"
"185415","1.1057428950116868","1.1057428950116868","1.1057428950116868"
"185684","1.1274612740117171","1.1274612740117171","1.1274612740117171"
"185946","1.0753107112359044","1.0753107112359044","1.0753107112359044"
"186207","0.977633711916429","0.977633711916429","0.977633711916429"
"186475","1.1527627246896843","1.1527627246896843","1.1527627246896843"
"186728","0.8477559919039727","0.8477559919039727","0.8477559919039727"
"186988","0.947631221022749","0.947631221022749","0.947631221022749"
"187241","0.8871213037767626","0.8871213037767626","0.8871213037767626"
"187508","1.0005601389730967","1.0005601389730967","1.0005601389730967"
"187755","0.9054649669580078","0.9054649669580078","0.9054649669580078"
"188002","0.9433511180665206","0.9433511180665206","0.9433511180665206"
"188270","1.0612185001820051","1.0612185001820051","1.0612185001820051"
"188533","0.9918990210122571","0.9918990210122571","0.9918990210122571"
"188795","1.0381280228021144","1.0381280228021144","1.0381280228021144"
"189059","1.029507493689501","1.029507493689501","1.029507493689501"
"189328","0.8997553350995504","0.8997553350995504","0.8997553350995504"
"189590","1.1170830878466294","1.1170830878466294","1.1170830878466294"
"189843","0.9087422504897377","0.9087422504897377","0.9087422504897377"
"190094","1.0240693378871768","1.0240693378871768","1.0240693378871768"
"190357","1.1418103348683717","1.1418103348683717","1.1418103348683717"
"190612","1.0024452422477481","1.0024452422477481","1.0024452422477481"
"190870","1.0509645907694","1.0509645907694","1.0509645907694"
"191136","1.0824269179606338","1.0824269179606338","1.0824269179606338"
"191389","1.0675683739221888","1.0675683739221888","1.0675683739221888"
"191649","1.0456724632110679","1.0456724632110679","1.0456724632110679"
"191915","1.0511431269627645","1.0511431269627645","1.0511431269627645"
"192178","1.0439606216285942","1.0439606216285942","1.0439606216285942"
"192448","1.144445570561166","1.144445570561166","1.144445570561166"
"192710","1.100433129957465","1.100433129957465","1.100433129957465"
"192964","1.076388724134527","1.076388724134527","1.076388724134527"
"193224","1.0264026541211184","1.0264026541211184","1.0264026541211184"
"193482","1.022671639614014","1.022671639614014","1.022671639614014"
"193736","1.0518704284411824","1.0518704284411824","1.0518704284411824"
"194004","0.9015703574785228","0.9015703574785228","0.9015703574785228"
"194261","1.0323790218245854","1.0323790218245854","1.0323790218245854"
"194519","1.1624391722700618","1.1624391722700618","1.1624391722700618"
"194783","1.0277634997561687","1.0277634997561687","1.0277634997561687"
"195049","1.078823759703392","1.078823759703392","1.078823759703392"
"195311","0.9873966276817407","0.9873966276817407","0.9873966276817407"
"195578","1.0951746652321954","1.0951746652321954","1.0951746652321954"
"195840","1.0688716964854577","1.0688716964854577","1.0688716964854577"
"196106","1.1825904625778396","1.1825904625778396","1.1825904625778396"
"196374","1.0396774462775098","1.0396774462775098","1.0396774462775098"
"196629","1.0485861902113676","1.0485861902113676","1.0485861902113676"
"196893","0.979803897587624","0.979803897587624","0.979803897587624"
"197155","0.8817559762832506","0.8817559762832506","0.8817559762832506"
"197423","0.9694606523514128","0.9694606523514128","0.9694606523514128"
"197687","0.999087982807247","0.999087982807247","0.999087982807247"
"197955","1.1305216467111474","1.1305216467111474","1.1305216467111474"
"198215","0.9287414577527939","0.9287414577527939","0.9287414577527939"
"198471","1.0179801125030652","1.0179801125030652","1.0179801125030652"
"198731","0.9673236638941464","0.9673236638941464","0.9673236638941464"
"198994","1.0173110997104997","1.0173110997104997","1.0173110997104997"
"199251","0.9664547693479433","0.9664547693479433","0.9664547693479433"
"199509","0.9511219006059553","0.9511219006059553","0.9511219006059553"
"199765","0.9920893075769095","0.9920893075769095","0.9920893075769095"
"200016","0.9744071560318421","0.9744071560318421","0.9744071560318421"
"200285","1.06992250066873","1.06992250066873","1.06992250066873"
"200546","1.1205506109840557","1.1205506109840557","1.1205506109840557"
"200801","1.0571088163586384","1.0571088163586384","1.0571088163586384"
"201068","1.0285252039154766","1.0285252039154766","1.0285252039154766"
"201334","1.0188064471154508","1.0188064471154508","1.0188064471154508"
"201601","1.055206651325561","1.055206651325561","1.055206651325561"
"201874","0.9610202060403606","0.9610202060403606","0.9610202060403606"
"202131","0.9446837847726112","0.9446837847726112","0.9446837847726112"
"202394","0.9003081121040007","0.9003081121040007","0.9003081121040007"
"202645","0.9291452655225335","0.9291452655225335","0.9291452655225335"
"202904","1.068595480109497","1.068595480109497","1.068595480109497"
"203173","1.0576276470253796","1.0576276470253796","1.0576276470253796"
"203441","1.009186558661143","1.009186558661143","1.009186558661143"
"203691","1.0142359153311977","1.0142359153311977","1.0142359153311977"
"203951","1.1517345359135005","1.1517345359135005","1.1517345359135005"
"204219","0.9126466163501011","0.9126466163501011","0.9126466163501011"
"204478","1.1112867807210596","1.1112867807210596","1.1112867807210596"
"204737","1.0682217764511581","1.0682217764511581","1.0682217764511581"
"205004","0.9906273278999261","0.9906273278999261","0.9906273278999261"
"205271","0.9394995740250293","0.9394995740250293","0.9394995740250293"
"205526","1.1611917766333035","1.1611917766333035","1.1611917766333035"
"205793","1.1287671983416496","1.1287671983416496","1.1287671983416496"
"206047","1.0296265995233809","1.0296265995233809","1.0296265995233809"
"206309","1.0280637222435702","1.0280637222435702","1.0280637222435702"
"206571","1.1009569332449565","1.1009569332449565","1.1009569332449565"
"206831","0.9839740535588796","0.9839740535588796","0.9839740535588796"
"207085","1.0791244242621414","1.0791244242621414","1.0791244242621414"
"207353","0.8744291584145685","0.8744291584145685","0.8744291584145685"
"207610","0.8881743062842206","0.8881743062842206","0.8881743062842206"
"207876","0.9580325721880335","0.9580325721880335","0.9580325721880335"
"208145","0.909791593978834","0.909791593978834","0.909791593978834"
"208409","0.896897510011153","0.896897510011153","0.896897510011153"
"208673","1.0444257577406932","1.0444257577406932","1.0444257577406932"
"208936","0.994103771903339","0.994103771903339","0.994103771903339"
"209196","1.0059701393882508","1.0059701393882508","1.0059701393882508"
"209461","0.9597336232826045","0.9597336232826045","0.9597336232826045"
"209728","1.0479949720928432","1.0479949720928432","1.0479949720928432"
"209990","1.028693391115909","1.028693391115909","1.028693391115909"
"210252","1.0490961548347348","1.0490961548347348","1.0490961548347348"
"210521","1.1221969333164585","1.1221969333164585","1.1221969333164585"
"210784","1.0293465051299926","1.0293465051299926","1.0293465051299926"
"211050","0.9891655334311671","0.9891655334311671","0.9891655334311671"
"211298","1.0997223844183652","1.0997223844183652","1.0997223844183652"
"211561","1.0384667579012794","1.0384667579012794","1.0384667579012794"
"211827","1.0728020877724507","1.0728020877724507","1.0728020877724507"
"212084","1.011469534218863","1.011469534218863","1.011469534218863"
"212352","0.883412754818373","0.883412754818373","0.883412754818373"
"212614","1.1024650714903736","1.1024650714903736","1.1024650714903736"
"212883","1.1079179756505468","1.1079179756505468","1.1079179756505468"
"213140","1.0227627185524921","1.0227627185524921","1.0227627185524921"
"213407","1.0758150841925458","1.0758150841925458","1.0758150841925458"
"213666","0.9542451423981757","0.9542451423981757","0.9542451423981757"
"213934","0.9455768418461853","0.9455768418461853","0.9455768418461853"
"214188","1.0539084450394942","1.0539084450394942","1.0539084450394942"
"214455","0.9316675977359031","0.9316675977359031","0.9316675977359031"
"214709","1.1322460311895877","1.1322460311895877","1.1322460311895877"
"214967","1.0045635012465481","1.0045635012465481","1.0045635012465481"
"215230","0.9579370832190419","0.9579370832190419","0.9579370832190419"
"215481","1.0262735201478885","1.0262735201478885","1.0262735201478885"
"215747","1.0933715305273932","1.0933715305273932","1.0933715305273932"
"215998","1.0023662136177773","1.0023662136177773","1.0023662136177773"
"216254","1.182701839029042","1.182701839029042","1.182701839029042"
"216517","0.9691252031789443","0.9691252031789443","0.9691252031789443"
"216769","1.1559006706473867","1.1559006706473867","1.1559006706473867"
"217030","0.9277620617205179","0.9277620617205179","0.9277620617205179"
"217287","1.0482201796124497","1.0482201796124497","1.0482201796124497"
"217552","1.0645118265061961","1.0645118265061961","1.0645118265061961"
"217827","1.0304161527252225","1.0304161527252225","1.0304161527252225"
"218079","0.9824172558633041","0.9824172558633041","0.9824172558633041"
"218334","0.970912286500736","0.970912286500736","0.970912286500736"
"218591","0.9749109965463411","0.9749109965463411","0.9749109965463411"
"218855","1.0462432916292495","1.0462432916292495","1.0462432916292495"
"219108","1.021302929194359","1.021302929194359","1.021302929194359"
"219377","1.0662003534999727","1.0662003534999727","1.0662003534999727"
"219637","1.0133580263980009","1.0133580263980009","1.0133580263980009"
"219901","1.007043841039693","1.007043841039693","1.007043841039693"
"220160","0.9979339441352411","0.9979339441352411","0.9979339441352411"
"220412","0.9898993896374738","0.9898993896374738","0.9898993896374738"
"220675","0.9787177059205031","0.9787177059205031","0.9787177059205031"
"220942","1.1499125014990568","1.1499125014990568","1.1499125014990568"
"221206","1.1518741008568276","1.1518741008568276","1.1518741008568276"
"221477","1.0361144839443588","1.0361144839443588","1.0361144839443588"
"221747","1.0744124945903086","1.0744124945903086","1.0744124945903086"
"222003","1.0558800860343123","1.0558800860343123","1.0558800860343123"
"222258","0.9527638509568426","0.9527638509568426","0.9527638509568426"
"222520","1.0997238577918265","1.0997238577918265","1.0997238577918265"
"222786","1.0162452875947598","1.0162452875947598","1.0162452875947598"
"223049","1.0566630684615996","1.0566630684615996","1.0566630684615996"
"223300","1.0999812114466396","1.0999812114466396","1.0999812114466396"
"223565","0.987645269270554","0.987645269270554","0.987645269270554"
"223832","0.9911820734773739","0.9911820734773739","0.9911820734773739"
"224078","1.0369472456299682","1.0369472456299682","1.0369472456299682"
"224341","1.0262597055606477","1.0262597055606477","1.0262597055606477"
"224602","1.0297050564704275","1.0297050564704275","1.0297050564704275"
"224860","1.053758097415471","1.053758097415471","1.053758097415471"
"225124","1.064026208112744","1.064026208112744","1.064026208112744"
"225392","1.0933900362277849","1.0933900362277849","1.0933900362277849"
"225658","1.036064501405299","1.036064501405299","1.036064501405299"
"225921","1.1394437323324955","1.1394437323324955","1.1394437323324955"
"226171","1.0619519586332116","1.0619519586332116","1.0619519586332116"
"226429","1.0963502167019739","1.0963502167019739","1.0963502167019739"
"226677","1.0345105549167102","1.0345105549167102","1.0345105549167102"
"226940","0.9000980734667724","0.9000980734667724","0.9000980734667724"
"227207","0.9732106639161651","0.9732106639161651","0.9732106639161651"
"227470","1.054117826057722","1.054117826057722","1.054117826057722"
"227732","0.9295875037843743","0.9295875037843743","0.9295875037843743"
"227983","1.1021538695047692","1.1021538695047692","1.1021538695047692"
"228249","1.1081393713847558","1.1081393713847558","1.1081393713847558"
"228515","0.9545374739953028","0.9545374739953028","0.9545374739953028"
"228772","0.9758846789559112","0.9758846789559112","0.9758846789559112"
"229038","1.1055210989971562","1.1055210989971562","1.1055210989971562"
"229307","1.2016816264818233","1.2016816264818233","1.2016816264818233"
"229562","1.1044353473180613","1.1044353473180613","1.1044353473180613"
"229826","1.2262506048898456","1.2262506048898456","1.2262506048898456"
"230095","1.1047837811545749","1.1047837811545749","1.1047837811545749"
"230353","0.9577712820661682","0.9577712820661682","0.9577712820661682"
"230623","0.9674652233990956","0.9674652233990956","0.9674652233990956"
"230874","0.9905525876493038","0.9905525876493038","0.9905525876493038"
"231134","0.996577235433776","0.996577235433776","0.996577235433776"
"231398","1.1109607710895404","1.1109607710895404","1.1109607710895404"
"231656","0.983729357022548","0.983729357022548","0.983729357022548"
"231924","1.0067562436227346","1.0067562436227346","1.0067562436227346"
"232187","1.0166953223258814","1.0166953223258814","1.0166953223258814"
"232452","0.9534596026648826","0.9534596026648826","0.9534596026648826"
"232706","1.0089173791556445","1.0089173791556445","1.0089173791556445"
"232975","1.0801598623917332","1.0801598623917332","1.0801598623917332"
"233233","0.9965405224081746","0.9965405224081746","0.9965405224081746"
"233493","1.0986548559122502","1.0986548559122502","1.0986548559122502"
"233755","1.081145192880779","1.081145192880779","1.081145192880779"
"234025","1.0843385967921575","1.0843385967921575","1.0843385967921575"
"234289","1.0607972428479604","1.0607972428479604","1.0607972428479604"
"234553","1.0681970915705188","1.0681970915705188","1.0681970915705188"
"234815","1.042296508679731","1.042296508679731","1.042296508679731"
"235058","0.9509077923148382","0.9509077923148382","0.9509077923148382"
"235324","0.9767189900203784","0.9767189900203784","0.9767189900203784"
"235582","1.069637412868211","1.069637412868211","1.069637412868211"
"235843","0.9661688910199536","0.9661688910199536","0.9661688910199536"
"236098","1.04869880533126","1.04869880533126","1.04869880533126"
"236364","1.0655132338354067","1.0655132338354067","1.0655132338354067"
"236623","1.1065637870553153","1.1065637870553153","1.1065637870553153"
"236879","1.1368479308155623","1.1368479308155623","1.1368479308155623"
"237127","1.0309355678588703","1.0309355678588703","1.0309355678588703"
"237394","1.1186967693200265","1.1186967693200265","1.1186967693200265"
"237660","1.0375994945047198","1.0375994945047198","1.0375994945047198"
"237923","1.0409693806211895","1.0409693806211895","1.0409693806211895"
"238176","1.0993953713641733","1.0993953713641733","1.0993953713641733"
"238425","1.2232341946147445","1.2232341946147445","1.2232341946147445"
"238681","0.9976907610617302","0.9976907610617302","0.9976907610617302"
"238951","1.1985889965578305","1.1985889965578305","1.1985889965578305"
"239213","0.9885614667159962","0.9885614667159962","0.9885614667159962"
"239472","1.0248261635088258","1.0248261635088258","1.0248261635088258"
"239735","1.0421086140271083","1.0421086140271083","1.0421086140271083"
"239986","0.9597460590302944","0.9597460590302944","0.9597460590302944"
"240254","1.122927031079221","1.122927031079221","1.122927031079221"
"240506","1.1298045994597057","1.1298045994597057","1.1298045994597057"
"240767","0.9621305920635711","0.9621305920635711","0.9621305920635711"
"241023","1.0672685941161941","1.0672685941161941","1.0672685941161941"
"241289","0.9894678398723783","0.9894678398723783","0.9894678398723783"
"241550","1.1198678784215448","1.1198678784215448","1.1198678784215448"
"241815","1.085039815275483","1.085039815275483","1.085039815275483"
"242071","1.0054778075052633","1.0054778075052633","1.0054778075052633"
"242309","1.05862622351535","1.05862622351535","1.05862622351535"
"242567","1.0232466916413512","1.0232466916413512","1.0232466916413512"
"242830","0.9712334586655537","0.9712334586655537","0.9712334586655537"
"243093","0.9391617132121947","0.9391617132121947","0.9391617132121947"
"243348","0.969138097687176","0.969138097687176","0.969138097687176"
"243613","0.9689499855951268","0.9689499855951268","0.9689499855951268"
"243864","0.9756696072855482","0.9756696072855482","0.9756696072855482"
"244127","1.014334366294892","1.014334366294892","1.014334366294892"
"244383","1.0106055890935337","1.0106055890935337","1.0106055890935337"
"244651","1.1252804495117978","1.1252804495117978","1.1252804495117978"
"244909","1.0018265512116529","1.0018265512116529","1.0018265512116529"
"245174","1.1130858724762631","1.1130858724762631","1.1130858724762631"
"245438","0.9692275167203889","0.9692275167203889","0.9692275167203889"
"245695","0.8955352417813157","0.8955352417813157","0.8955352417813157"
"245963","1.1364720073021388","1.1364720073021388","1.1364720073021388"
"246218","1.0061493363990277","1.0061493363990277","1.0061493363990277"
"246491","1.2199018873356806","1.2199018873356806","1.2199018873356806"
"246750","1.104662709296593","1.104662709296593","1.104662709296593"
"247016","1.0146486847886476","1.0146486847886476","1.0146486847886476"
"247280","1.037268881507842","1.037268881507842","1.037268881507842"
"247550","1.0319451587518398","1.0319451587518398","1.0319451587518398"
"247814","1.000060755542609","1.000060755542609","1.000060755542609"
"248080","1.0267619334396372","1.0267619334396372","1.0267619334396372"
"248336","0.9798667919564291","0.9798667919564291","0.9798667919564291"
"248601","1.1543509741047966","1.1543509741047966","1.1543509741047966"
"248848","1.0149549312921384","1.0149549312921384","1.0149549312921384"
"249123","1.1113277021039456","1.1113277021039456","1.1113277021039456"
"249393","1.1281184274594869","1.1281184274594869","1.1281184274594869"
"249656","1.0514807887811641","1.0514807887811641","1.0514807887811641"
"249917","1.099433719947737","1.099433719947737","1.099433719947737"
"250179","0.9727553164387102","0.9727553164387102","0.9727553164387102"
"250442","1.0349423228669938","1.0349423228669938","1.0349423228669938"
"250704","1.1667984963739186","1.1667984963739186","1.1667984963739186"
"250960","0.9205430951109697","0.9205430951109697","0.9205430951109697"
"251225","1.0078711359782275","1.0078711359782275","1.0078711359782275"
"251477","0.9425062559204379","0.9425062559204379","0.9425062559204379"
"251737","0.9737078196113375","0.9737078196113375","0.9737078196113375"
"252003","1.0059230640067234","1.0059230640067234","1.0059230640067234"
"252260","1.0902442411469009","1.0902442411469009","1.0902442411469009"
"252512","1.0083270070028632","1.0083270070028632","1.0083270070028632"
"252787","1.143356964058037","1.143356964058037","1.143356964058037"
"253051","1.0788139827879681","1.0788139827879681","1.0788139827879681"
"253307","1.0720106075170734","1.0720106075170734","1.0720106075170734"
"253569","1.0043809664301657","1.0043809664301657","1.0043809664301657"
"253820","1.0298279892327784","1.0298279892327784","1.0298279892327784"
"254086","0.9884487738887817","0.9884487738887817","0.9884487738887817"
"254353","1.0265035920343546","1.0265035920343546","1.0265035920343546"
"254610","1.0433875166350086","1.0433875166350086","1.0433875166350086"
"254867","0.9560765478322908","0.9560765478322908","0.9560765478322908"
"255125","1.0344127854316607","1.0344127854316607","1.0344127854316607"
"255391","1.038315825634235","1.038315825634235","1.038315825634235"
"255638","1.0573058015406727","1.0573058015406727","1.0573058015406727"
"255903","0.9778930910234082","0.9778930910234082","0.9778930910234082"
"256174","1.1636171073464052","1.1636171073464052","1.1636171073464052"
"256419","0.8726479225811175","0.8726479225811175","0.8726479225811175"
"256675","1.0511968851870812","1.0511968851870812","1.0511968851870812"
"256940","1.1005027046616844","1.1005027046616844","1.1005027046616844"
"257200","1.089520531434589","1.089520531434589","1.089520531434589"
"257466","1.0078409539151902","1.0078409539151902","1.0078409539151902"
"257729","1.1290974183221099","1.1290974183221099","1.1290974183221099"
"257996","1.0555321293770001","1.0555321293770001","1.0555321293770001"
"258245","0.9902100567497891","0.9902100567497891","0.9902100567497891"
"258500","1.084903655435752","1.084903655435752","1.084903655435752"
"258762","1.0527963638406537","1.0527963638406537","1.0527963638406537"
"259028","0.9762633220434106","0.9762633220434106","0.9762633220434106"
"259285","1.1089203299268438","1.1089203299268438","1.1089203299268438"
"259542","1.1514507376296494","1.1514507376296494","1.1514507376296494"
"259809","1.124816581448863","1.124816581448863","1.124816581448863"
"260077","0.9953974508130192","0.9953974508130192","0.9953974508130192"
"260339","1.0381332556885252","1.0381332556885252","1.0381332556885252"
"260608","1.049325663156505","1.049325663156505","1.049325663156505"
"260877","1.037111184056634","1.037111184056634","1.037111184056634"
"261131","0.9452914333214923","0.9452914333214923","0.9452914333214923"
"261397","1.0597912335448536","1.0597912335448536","1.0597912335448536"
"261665","0.9478996974686298","0.9478996974686298","0.9478996974686298"