"Step","fine tune shuffle_0_1e-05 - average_loss","fine tune shuffle_0_1e-05 - average_loss__MIN","fine tune shuffle_0_1e-05 - average_loss__MAX"
"257","0.3534349247107624","0.3534349247107624","0.3534349247107624"
"516","0.35580915827233034","0.35580915827233034","0.35580915827233034"
"777","0.3418386578130511","0.3418386578130511","0.3418386578130511"
"1036","0.34826615154147583","0.34826615154147583","0.34826615154147583"
"1300","0.3497401435417743","0.3497401435417743","0.3497401435417743"
"1563","0.3435248307620158","0.3435248307620158","0.3435248307620158"
"1825","0.3453786837075702","0.3453786837075702","0.3453786837075702"
"2089","0.3427108525036933","0.3427108525036933","0.3427108525036933"
"2350","0.33410677779111797","0.33410677779111797","0.33410677779111797"
"2610","0.33150217949570915","0.33150217949570915","0.33150217949570915"
"2877","0.345316826678073","0.345316826678073","0.345316826678073"
"3137","0.34589304459805137","0.34589304459805137","0.34589304459805137"
"3398","0.33502614877954523","0.33502614877954523","0.33502614877954523"
"3662","0.34743607989950603","0.34743607989950603","0.34743607989950603"
"3926","0.3410271363527775","0.3410271363527775","0.3410271363527775"
"4189","0.3380024859424901","0.3380024859424901","0.3380024859424901"
"4449","0.33257812174092194","0.33257812174092194","0.33257812174092194"
"4713","0.33555450402138487","0.33555450402138487","0.33555450402138487"
"4980","0.34293251207913716","0.34293251207913716","0.34293251207913716"
"5241","0.3372626947240152","0.3372626947240152","0.3372626947240152"
"5503","0.33148192635968426","0.33148192635968426","0.33148192635968426"
"5762","0.3316882268700283","0.3316882268700283","0.3316882268700283"
"6025","0.3337441651019617","0.3337441651019617","0.3337441651019617"
"6283","0.32826659116269274","0.32826659116269274","0.32826659116269274"
"6541","0.33248883871683893","0.33248883871683893","0.33248883871683893"
"6804","0.3310030956131827","0.3310030956131827","0.3310030956131827"
"7065","0.33564551080946164","0.33564551080946164","0.33564551080946164"
"7328","0.31983641781419675","0.31983641781419675","0.31983641781419675"
"7589","0.342490751037902","0.342490751037902","0.342490751037902"
"7844","0.3252031945923329","0.3252031945923329","0.3252031945923329"
"8108","0.32623627430150937","0.32623627430150937","0.32623627430150937"
"8364","0.3250487127832737","0.3250487127832737","0.3250487127832737"
"8624","0.3353128416065234","0.3353128416065234","0.3353128416065234"
"8888","0.34129014042741973","0.34129014042741973","0.34129014042741973"
"9148","0.3341338966663426","0.3341338966663426","0.3341338966663426"
"9409","0.33327973523193427","0.33327973523193427","0.33327973523193427"
"9667","0.3182092230238623","0.3182092230238623","0.3182092230238623"
"9926","0.3245102182261287","0.3245102182261287","0.3245102182261287"
"10188","0.3302702522144132","0.3302702522144132","0.3302702522144132"
"10449","0.3255950678429857","0.3255950678429857","0.3255950678429857"
"10711","0.32717945041238433","0.32717945041238433","0.32717945041238433"
"10973","0.32790340508596383","0.32790340508596383","0.32790340508596383"
"11232","0.3254451136846469","0.3254451136846469","0.3254451136846469"
"11497","0.32443166189994754","0.32443166189994754","0.32443166189994754"
"11754","0.3182401070859641","0.3182401070859641","0.3182401070859641"
"12015","0.332203252714397","0.332203252714397","0.332203252714397"
"12276","0.33040728503346845","0.33040728503346845","0.33040728503346845"
"12536","0.3258359824728935","0.3258359824728935","0.3258359824728935"
"12797","0.33326008486399716","0.33326008486399716","0.33326008486399716"
"13061","0.3221268079242502","0.3221268079242502","0.3221268079242502"
"13321","0.33644684807832864","0.33644684807832864","0.33644684807832864"
"13582","0.32748944472038555","0.32748944472038555","0.32748944472038555"
"13839","0.3267221516921926","0.3267221516921926","0.3267221516921926"
"14096","0.3181579347001942","0.3181579347001942","0.3181579347001942"
"14355","0.32693577766033444","0.32693577766033444","0.32693577766033444"
"14617","0.32338318516326325","0.32338318516326325","0.32338318516326325"
"14880","0.3242375351532412","0.3242375351532412","0.3242375351532412"
"15140","0.3201230048173382","0.3201230048173382","0.3201230048173382"
"15396","0.31929266337542633","0.31929266337542633","0.31929266337542633"
"15660","0.32536658131026425","0.32536658131026425","0.32536658131026425"
"15922","0.328300866134363","0.328300866134363","0.328300866134363"
"16183","0.3225318344848066","0.3225318344848066","0.3225318344848066"
"16448","0.33261533314010727","0.33261533314010727","0.33261533314010727"
"16712","0.32857540713156397","0.32857540713156397","0.32857540713156397"
"16976","0.32486499130647883","0.32486499130647883","0.32486499130647883"
"17238","0.32366113905944754","0.32366113905944754","0.32366113905944754"
"17499","0.32939571222215774","0.32939571222215774","0.32939571222215774"
"17759","0.32533346319572465","0.32533346319572465","0.32533346319572465"
"18018","0.3278649369473664","0.3278649369473664","0.3278649369473664"
"18279","0.3207122817014839","0.3207122817014839","0.3207122817014839"
"18547","0.3290371482061741","0.3290371482061741","0.3290371482061741"
"18809","0.3333624696524706","0.3333624696524706","0.3333624696524706"
"19070","0.3245338212168113","0.3245338212168113","0.3245338212168113"
"19331","0.3187369019582217","0.3187369019582217","0.3187369019582217"
"19591","0.32400096294364367","0.32400096294364367","0.32400096294364367"
"19850","0.31474731858182214","0.31474731858182214","0.31474731858182214"
"20111","0.32080993785021805","0.32080993785021805","0.32080993785021805"
"20373","0.32312521516488635","0.32312521516488635","0.32312521516488635"
"20635","0.32451689886377494","0.32451689886377494","0.32451689886377494"
"20897","0.3218186696752918","0.3218186696752918","0.3218186696752918"
"21157","0.31930218728860316","0.31930218728860316","0.31930218728860316"
"21419","0.317432181018567","0.317432181018567","0.317432181018567"
"21678","0.32288173259099545","0.32288173259099545","0.32288173259099545"
"21940","0.3204721745334232","0.3204721745334232","0.3204721745334232"
"22201","0.3165575536594502","0.3165575536594502","0.3165575536594502"
"22463","0.3214925832991228","0.3214925832991228","0.3214925832991228"
"22729","0.32769051877837213","0.32769051877837213","0.32769051877837213"
"22989","0.3158539511621725","0.3158539511621725","0.3158539511621725"
"23251","0.3131777025935276","0.3131777025935276","0.3131777025935276"
"23511","0.32171871775411104","0.32171871775411104","0.32171871775411104"
"23773","0.32057793664678297","0.32057793664678297","0.32057793664678297"
"24034","0.3166196042184588","0.3166196042184588","0.3166196042184588"
"24298","0.31916564501841765","0.31916564501841765","0.31916564501841765"
"24558","0.31605206750156234","0.31605206750156234","0.31605206750156234"
"24819","0.31074787131760767","0.31074787131760767","0.31074787131760767"
"25083","0.3233384004040931","0.3233384004040931","0.3233384004040931"
"25346","0.31982488908411916","0.31982488908411916","0.31982488908411916"
"25603","0.3101565577411699","0.3101565577411699","0.3101565577411699"
"25864","0.323558520182544","0.323558520182544","0.323558520182544"
"26126","0.32462992805658636","0.32462992805658636","0.32462992805658636"
"26386","0.3132367903645385","0.3132367903645385","0.3132367903645385"
"26645","0.3165442961061578","0.3165442961061578","0.3165442961061578"
"26903","0.3166310150239624","0.3166310150239624","0.3166310150239624"
"27166","0.3204922718336127","0.3204922718336127","0.3204922718336127"
"27428","0.3208181553949681","0.3208181553949681","0.3208181553949681"
"27689","0.3170291690449447","0.3170291690449447","0.3170291690449447"
"27951","0.32726638066549363","0.32726638066549363","0.32726638066549363"
"28214","0.3214743638140266","0.3214743638140266","0.3214743638140266"
"28474","0.30825114103319","0.30825114103319","0.30825114103319"
"28735","0.32482683293433867","0.32482683293433867","0.32482683293433867"
"29001","0.31702696920825124","0.31702696920825124","0.31702696920825124"
"29262","0.3219322788877244","0.3219322788877244","0.3219322788877244"
"29522","0.3138377376128112","0.3138377376128112","0.3138377376128112"
"29780","0.3152213894623635","0.3152213894623635","0.3152213894623635"
"30045","0.31753757619188755","0.31753757619188755","0.31753757619188755"
"30301","0.3188929281914029","0.3188929281914029","0.3188929281914029"
"30560","0.30932522003643814","0.30932522003643814","0.30932522003643814"
"30813","0.3197594775367519","0.3197594775367519","0.3197594775367519"
"31075","0.3254823026040331","0.3254823026040331","0.3254823026040331"
"31336","0.3199114127051482","0.3199114127051482","0.3199114127051482"
"31594","0.3163169636588313","0.3163169636588313","0.3163169636588313"
"31857","0.32040244990379174","0.32040244990379174","0.32040244990379174"
"32117","0.3227213942055742","0.3227213942055742","0.3227213942055742"
"32378","0.3127341069587881","0.3127341069587881","0.3127341069587881"
"32637","0.31723777949999593","0.31723777949999593","0.31723777949999593"
"32899","0.3242938748820041","0.3242938748820041","0.3242938748820041"
"33159","0.3123192951164385","0.3123192951164385","0.3123192951164385"
"33420","0.31550611975842324","0.31550611975842324","0.31550611975842324"
"33680","0.31663910169803644","0.31663910169803644","0.31663910169803644"
"33942","0.3099387715656121","0.3099387715656121","0.3099387715656121"
"34200","0.3169739678560852","0.3169739678560852","0.3169739678560852"
"34459","0.32267808128753406","0.32267808128753406","0.32267808128753406"
"34721","0.3173537229573857","0.3173537229573857","0.3173537229573857"
"34987","0.3200117957311246","0.3200117957311246","0.3200117957311246"
"35247","0.30825726190602026","0.30825726190602026","0.30825726190602026"
"35510","0.31679747203406805","0.31679747203406805","0.31679747203406805"
"35772","0.32220524632252434","0.32220524632252434","0.32220524632252434"
"36034","0.3074312314855695","0.3074312314855695","0.3074312314855695"
"36296","0.3126642516460998","0.3126642516460998","0.3126642516460998"
"36553","0.311046548048594","0.311046548048594","0.311046548048594"
"36812","0.31093490634179255","0.31093490634179255","0.31093490634179255"
"37074","0.3276947516886778","0.3276947516886778","0.3276947516886778"
"37338","0.31603501995678845","0.31603501995678845","0.31603501995678845"
"37603","0.3158802346051192","0.3158802346051192","0.3158802346051192"
"37867","0.32007376497951456","0.32007376497951456","0.32007376497951456"
"38125","0.3109960396633351","0.3109960396633351","0.3109960396633351"
"38385","0.3192706287412315","0.3192706287412315","0.3192706287412315"
"38647","0.3120791147062566","0.3120791147062566","0.3120791147062566"
"38906","0.31908623532971747","0.31908623532971747","0.31908623532971747"
"39168","0.3105192064513384","0.3105192064513384","0.3105192064513384"
"39430","0.31657308999790346","0.31657308999790346","0.31657308999790346"
"39689","0.31167767212412034","0.31167767212412034","0.31167767212412034"
"39949","0.31142205395840133","0.31142205395840133","0.31142205395840133"
"40212","0.3164260685612083","0.3164260685612083","0.3164260685612083"
"40468","0.30348484796103764","0.30348484796103764","0.30348484796103764"
"40725","0.31619594758115616","0.31619594758115616","0.31619594758115616"
"40986","0.3110077963458135","0.3110077963458135","0.3110077963458135"
"41246","0.3153089703611549","0.3153089703611549","0.3153089703611549"
"41510","0.32520633758753204","0.32520633758753204","0.32520633758753204"
"41766","0.311860561224522","0.311860561224522","0.311860561224522"
"42027","0.3176790555791449","0.3176790555791449","0.3176790555791449"
"42287","0.3089646902828603","0.3089646902828603","0.3089646902828603"
"42549","0.3163270891406768","0.3163270891406768","0.3163270891406768"
"42808","0.30893148109822255","0.30893148109822255","0.30893148109822255"
"43069","0.3136828060355704","0.3136828060355704","0.3136828060355704"
"43334","0.3155915889169284","0.3155915889169284","0.3155915889169284"
"43595","0.3090684282046409","0.3090684282046409","0.3090684282046409"
"43861","0.3201247891792172","0.3201247891792172","0.3201247891792172"
"44125","0.31448880129156753","0.31448880129156753","0.31448880129156753"
"44389","0.3106552692668519","0.3106552692668519","0.3106552692668519"
"44651","0.3057603812380584","0.3057603812380584","0.3057603812380584"
"44913","0.3151923529017283","0.3151923529017283","0.3151923529017283"
"45177","0.315881834624289","0.315881834624289","0.315881834624289"
"45438","0.3095924029758994","0.3095924029758994","0.3095924029758994"
"45699","0.31521746375796184","0.31521746375796184","0.31521746375796184"
"45965","0.3121602952145154","0.3121602952145154","0.3121602952145154"
"46226","0.31337897397516545","0.31337897397516545","0.31337897397516545"
"46485","0.31156350905919905","0.31156350905919905","0.31156350905919905"
"46748","0.3100135198132248","0.3100135198132248","0.3100135198132248"
"47010","0.32251828634077984","0.32251828634077984","0.32251828634077984"
"47269","0.32293309511892754","0.32293309511892754","0.32293309511892754"
"47532","0.3190641403526771","0.3190641403526771","0.3190641403526771"
"47797","0.31751246253485016","0.31751246253485016","0.31751246253485016"
"48056","0.3118258704153155","0.3118258704153155","0.3118258704153155"
"48318","0.32076698666226733","0.32076698666226733","0.32076698666226733"
"48580","0.31032816664410623","0.31032816664410623","0.31032816664410623"
"48839","0.31255603063559284","0.31255603063559284","0.31255603063559284"
"49104","0.3160505459422789","0.3160505459422789","0.3160505459422789"
"49365","0.312043540961881","0.312043540961881","0.312043540961881"
"49625","0.3118822013578396","0.3118822013578396","0.3118822013578396"
"49884","0.30607890789755027","0.30607890789755027","0.30607890789755027"
"50145","0.3117665830267334","0.3117665830267334","0.3117665830267334"
"50410","0.31000874000231926","0.31000874000231926","0.31000874000231926"
"50670","0.3044074485110684","0.3044074485110684","0.3044074485110684"
"50931","0.3026809565385814","0.3026809565385814","0.3026809565385814"
"51190","0.31347380051450635","0.31347380051450635","0.31347380051450635"
"51456","0.31647916404555626","0.31647916404555626","0.31647916404555626"
"51720","0.31175469740745304","0.31175469740745304","0.31175469740745304"
"51984","0.3089131913203474","0.3089131913203474","0.3089131913203474"
"52246","0.30593193027311233","0.30593193027311233","0.30593193027311233"
"52505","0.3061200816317499","0.3061200816317499","0.3061200816317499"
"52767","0.3188436652608254","0.3188436652608254","0.3188436652608254"
"53029","0.31575722315814925","0.31575722315814925","0.31575722315814925"
"53294","0.31083201502977836","0.31083201502977836","0.31083201502977836"
"53557","0.31812476910768467","0.31812476910768467","0.31812476910768467"
"53820","0.30808065782228977","0.30808065782228977","0.30808065782228977"
"54076","0.30812284316987604","0.30812284316987604","0.30812284316987604"
"54340","0.3125379552632997","0.3125379552632997","0.3125379552632997"
"54603","0.3121809505397698","0.3121809505397698","0.3121809505397698"
"54861","0.30676257118362765","0.30676257118362765","0.30676257118362765"
"55119","0.3094297838273908","0.3094297838273908","0.3094297838273908"
"55380","0.31369565285541556","0.31369565285541556","0.31369565285541556"
"55638","0.3118666609146951","0.3118666609146951","0.3118666609146951"
"55904","0.31513269970219654","0.31513269970219654","0.31513269970219654"
"56167","0.3077580188019882","0.3077580188019882","0.3077580188019882"
"56434","0.30963074045287065","0.30963074045287065","0.30963074045287065"
"56698","0.31163149795835476","0.31163149795835476","0.31163149795835476"
"56957","0.3061191360796505","0.3061191360796505","0.3061191360796505"
"57221","0.3200819671283786","0.3200819671283786","0.3200819671283786"
"57481","0.3146609453710915","0.3146609453710915","0.3146609453710915"
"57745","0.3121930455384836","0.3121930455384836","0.3121930455384836"
"58006","0.3107236213641635","0.3107236213641635","0.3107236213641635"
"58270","0.3085463504002281","0.3085463504002281","0.3085463504002281"
"58530","0.31181542230869136","0.31181542230869136","0.31181542230869136"
"58794","0.30540459456708713","0.30540459456708713","0.30540459456708713"
"59060","0.31412598393857916","0.31412598393857916","0.31412598393857916"
"59320","0.31714414023287624","0.31714414023287624","0.31714414023287624"
"59588","0.3167677605160451","0.3167677605160451","0.3167677605160451"
"59848","0.30064741300286085","0.30064741300286085","0.30064741300286085"
"60110","0.30821673355621826","0.30821673355621826","0.30821673355621826"
"60375","0.31451443784181676","0.31451443784181676","0.31451443784181676"
"60639","0.3128391357311716","0.3128391357311716","0.3128391357311716"
"60903","0.3129037525517505","0.3129037525517505","0.3129037525517505"
"61168","0.31328744296393507","0.31328744296393507","0.31328744296393507"
"61428","0.3012227990587389","0.3012227990587389","0.3012227990587389"
"61689","0.3005937063160382","0.3005937063160382","0.3005937063160382"
"61949","0.3028600216068718","0.3028600216068718","0.3028600216068718"
"62211","0.3107210251314184","0.3107210251314184","0.3107210251314184"
"62469","0.312102739865835","0.312102739865835","0.312102739865835"
"62730","0.30031992320130413","0.30031992320130413","0.30031992320130413"
"62991","0.3101556843232003","0.3101556843232003","0.3101556843232003"
"63250","0.30385556306926087","0.30385556306926087","0.30385556306926087"
"63516","0.30706447891532423","0.30706447891532423","0.30706447891532423"
"63778","0.3142405722305496","0.3142405722305496","0.3142405722305496"
"64042","0.3105300226967002","0.3105300226967002","0.3105300226967002"
"64299","0.3096506126558438","0.3096506126558438","0.3096506126558438"
"64557","0.3047949667041854","0.3047949667041854","0.3047949667041854"
"64817","0.3159913803871969","0.3159913803871969","0.3159913803871969"
"65078","0.30807058950370725","0.30807058950370725","0.30807058950370725"
"65338","0.31216180054053927","0.31216180054053927","0.31216180054053927"
"65599","0.31645762591956245","0.31645762591956245","0.31645762591956245"
"65862","0.30671266413824255","0.30671266413824255","0.30671266413824255"
"66122","0.31287348860724146","0.31287348860724146","0.31287348860724146"
"66382","0.30714793462511425","0.30714793462511425","0.30714793462511425"
"66642","0.3086114061031018","0.3086114061031018","0.3086114061031018"
"66903","0.30580269001154514","0.30580269001154514","0.30580269001154514"
"67161","0.306554892430516","0.306554892430516","0.306554892430516"
"67425","0.30744356268370676","0.30744356268370676","0.30744356268370676"
"67684","0.30767296108902564","0.30767296108902564","0.30767296108902564"
"67945","0.3084259616209596","0.3084259616209596","0.3084259616209596"
"68201","0.3023180510885361","0.3023180510885361","0.3023180510885361"
"68460","0.3000589320970148","0.3000589320970148","0.3000589320970148"
"68730","0.31642652718924713","0.31642652718924713","0.31642652718924713"
"68997","0.3174031887175724","0.3174031887175724","0.3174031887175724"
"69258","0.31684215029713586","0.31684215029713586","0.31684215029713586"
"69520","0.31061152430117217","0.31061152430117217","0.31061152430117217"
"69783","0.302408926664129","0.302408926664129","0.302408926664129"
"70045","0.30002778070111574","0.30002778070111574","0.30002778070111574"
"70308","0.3057133250984282","0.3057133250984282","0.3057133250984282"
"70567","0.3055193430661577","0.3055193430661577","0.3055193430661577"
"70830","0.31063428954789607","0.31063428954789607","0.31063428954789607"
"71089","0.3064236068196924","0.3064236068196924","0.3064236068196924"
"71353","0.3112626559022898","0.3112626559022898","0.3112626559022898"
"71615","0.31205469305258215","0.31205469305258215","0.31205469305258215"
"71875","0.3023017187799854","0.3023017187799854","0.3023017187799854"
"72142","0.3133947385911185","0.3133947385911185","0.3133947385911185"
"72403","0.30693707676577286","0.30693707676577286","0.30693707676577286"
"72660","0.3016562296853274","0.3016562296853274","0.3016562296853274"
"72921","0.314519685222925","0.314519685222925","0.314519685222925"
"73177","0.30579901929240627","0.30579901929240627","0.30579901929240627"
"73440","0.31205406292613636","0.31205406292613636","0.31205406292613636"
"73703","0.30135516352132774","0.30135516352132774","0.30135516352132774"
"73958","0.3026371087385557","0.3026371087385557","0.3026371087385557"
"74218","0.3047740331249902","0.3047740331249902","0.3047740331249902"
"74481","0.30298583258194633","0.30298583258194633","0.30298583258194633"
"74741","0.30872593011483496","0.30872593011483496","0.30872593011483496"
"75004","0.3096157222300649","0.3096157222300649","0.3096157222300649"
"75270","0.3136981357386795","0.3136981357386795","0.3136981357386795"
"75532","0.3047114276887581","0.3047114276887581","0.3047114276887581"
"75793","0.31263429431618045","0.31263429431618045","0.31263429431618045"
"76053","0.3055745628796497","0.3055745628796497","0.3055745628796497"
"76315","0.3084199465962606","0.3084199465962606","0.3084199465962606"
"76577","0.300151621772343","0.300151621772343","0.300151621772343"
"76838","0.3025240809157757","0.3025240809157757","0.3025240809157757"
"77100","0.2994719716840323","0.2994719716840323","0.2994719716840323"
"77362","0.3170807018293338","0.3170807018293338","0.3170807018293338"
"77621","0.29693584207322543","0.29693584207322543","0.29693584207322543"
"77887","0.30989052137031325","0.30989052137031325","0.30989052137031325"
"78147","0.3077520789498048","0.3077520789498048","0.3077520789498048"
"78408","0.30095090065176167","0.30095090065176167","0.30095090065176167"
"78670","0.3087942422408761","0.3087942422408761","0.3087942422408761"
"78933","0.3166563225200441","0.3166563225200441","0.3166563225200441"
"79196","0.3133107194001406","0.3133107194001406","0.3133107194001406"
"79459","0.3013704525714549","0.3013704525714549","0.3013704525714549"
"79723","0.303428926194762","0.303428926194762","0.303428926194762"
"79983","0.3092943291368626","0.3092943291368626","0.3092943291368626"
"80249","0.31009825576670064","0.31009825576670064","0.31009825576670064"
"80508","0.30228288899043243","0.30228288899043243","0.30228288899043243"
"80773","0.3150530935716782","0.3150530935716782","0.3150530935716782"
"81036","0.3036089649644878","0.3036089649644878","0.3036089649644878"
"81300","0.3047710505507555","0.3047710505507555","0.3047710505507555"
"81563","0.31213305809700925","0.31213305809700925","0.31213305809700925"
"81825","0.31330141232516295","0.31330141232516295","0.31330141232516295"
"82086","0.3126663346238066","0.3126663346238066","0.3126663346238066"
"82347","0.29892618403403437","0.29892618403403437","0.29892618403403437"
"82606","0.30251873142719454","0.30251873142719454","0.30251873142719454"
"82866","0.3001087873183017","0.3001087873183017","0.3001087873183017"
"83126","0.3062319725227289","0.3062319725227289","0.3062319725227289"
"83386","0.3071866872588568","0.3071866872588568","0.3071866872588568"
"83647","0.30984727150953745","0.30984727150953745","0.30984727150953745"
"83908","0.30574649696499717","0.30574649696499717","0.30574649696499717"
"84164","0.30030236429890583","0.30030236429890583","0.30030236429890583"
"84427","0.30146209940257734","0.30146209940257734","0.30146209940257734"
"84692","0.3127333946076589","0.3127333946076589","0.3127333946076589"
"84955","0.3059043060567009","0.3059043060567009","0.3059043060567009"
"85217","0.30200668088863325","0.30200668088863325","0.30200668088863325"
"85476","0.30743677057645513","0.30743677057645513","0.30743677057645513"
"85733","0.30236124715927953","0.30236124715927953","0.30236124715927953"
"85993","0.2984340471619717","0.2984340471619717","0.2984340471619717"
"86256","0.3073210868001651","0.3073210868001651","0.3073210868001651"
"86512","0.30276397501128116","0.30276397501128116","0.30276397501128116"
"86772","0.307390432822335","0.307390432822335","0.307390432822335"
"87028","0.30565374907694676","0.30565374907694676","0.30565374907694676"
"87289","0.3064575956628298","0.3064575956628298","0.3064575956628298"
"87550","0.30236871197967774","0.30236871197967774","0.30236871197967774"
"87812","0.30335674881913155","0.30335674881913155","0.30335674881913155"
"88073","0.29807222056126303","0.29807222056126303","0.29807222056126303"
"88333","0.3045097442221306","0.3045097442221306","0.3045097442221306"
"88595","0.30467875921528037","0.30467875921528037","0.30467875921528037"
"88851","0.28910041392567687","0.28910041392567687","0.28910041392567687"
"89112","0.2950820928248407","0.2950820928248407","0.2950820928248407"
"89375","0.31080951455512934","0.31080951455512934","0.31080951455512934"
"89642","0.31158825165612214","0.31158825165612214","0.31158825165612214"
"89905","0.3014230245152","0.3014230245152","0.3014230245152"
"90163","0.307669193788378","0.307669193788378","0.307669193788378"
"90425","0.3061828560580631","0.3061828560580631","0.3061828560580631"
"90686","0.30682616095313836","0.30682616095313836","0.30682616095313836"
"90943","0.30436254858393597","0.30436254858393597","0.30436254858393597"
"91204","0.3099823170129989","0.3099823170129989","0.3099823170129989"
"91466","0.297780972334363","0.297780972334363","0.297780972334363"
"91728","0.30396214831803486","0.30396214831803486","0.30396214831803486"
"91986","0.3026335316140922","0.3026335316140922","0.3026335316140922"
"92245","0.3009492277831606","0.3009492277831606","0.3009492277831606"
"92505","0.30173136553389923","0.30173136553389923","0.30173136553389923"
"92767","0.3108277833603687","0.3108277833603687","0.3108277833603687"
"93030","0.3029563017186183","0.3029563017186183","0.3029563017186183"
"93295","0.3049683349951937","0.3049683349951937","0.3049683349951937"
"93561","0.3059648203013754","0.3059648203013754","0.3059648203013754"
"93825","0.30754489867111967","0.30754489867111967","0.30754489867111967"
"94087","0.3086301061914967","0.3086301061914967","0.3086301061914967"
"94347","0.3101380049364777","0.3101380049364777","0.3101380049364777"
"94608","0.30037561701401777","0.30037561701401777","0.30037561701401777"
"94867","0.30306908458040327","0.30306908458040327","0.30306908458040327"
"95131","0.30983170947423677","0.30983170947423677","0.30983170947423677"
"95392","0.2990401030356776","0.2990401030356776","0.2990401030356776"
"95656","0.3033658279010441","0.3033658279010441","0.3033658279010441"
"95915","0.30354324241536695","0.30354324241536695","0.30354324241536695"
"96179","0.309039141925413","0.309039141925413","0.309039141925413"
"96440","0.30804769076830124","0.30804769076830124","0.30804769076830124"
"96704","0.30622839698927157","0.30622839698927157","0.30622839698927157"
"96966","0.30499763005952474","0.30499763005952474","0.30499763005952474"
"97229","0.29927835690177745","0.29927835690177745","0.29927835690177745"
"97486","0.2963754768736215","0.2963754768736215","0.2963754768736215"
"97748","0.2973945165448172","0.2973945165448172","0.2973945165448172"
"98011","0.30039445639454154","0.30039445639454154","0.30039445639454154"
"98270","0.2975924882589355","0.2975924882589355","0.2975924882589355"
"98533","0.31121469346584585","0.31121469346584585","0.31121469346584585"
"98800","0.30392985495449176","0.30392985495449176","0.30392985495449176"
"99062","0.30118131420170685","0.30118131420170685","0.30118131420170685"
"99324","0.30114679090422325","0.30114679090422325","0.30114679090422325"
"99583","0.301471986460148","0.301471986460148","0.301471986460148"
"99847","0.2988272384386842","0.2988272384386842","0.2988272384386842"
"100107","0.3020667277995163","0.3020667277995163","0.3020667277995163"
"100370","0.30538152642844657","0.30538152642844657","0.30538152642844657"
"100633","0.3023915357066212","0.3023915357066212","0.3023915357066212"
"100896","0.3063796965057182","0.3063796965057182","0.3063796965057182"
"101156","0.29616314377164316","0.29616314377164316","0.29616314377164316"
"101416","0.305467071336035","0.305467071336035","0.305467071336035"
"101677","0.30102310558755174","0.30102310558755174","0.30102310558755174"
"101934","0.3101887516196232","0.3101887516196232","0.3101887516196232"
"102192","0.30255857460820135","0.30255857460820135","0.30255857460820135"
"102454","0.30975579329404923","0.30975579329404923","0.30975579329404923"
"102714","0.31098322627577507","0.31098322627577507","0.31098322627577507"
"102974","0.2991219073780228","0.2991219073780228","0.2991219073780228"
"103237","0.30899504703146313","0.30899504703146313","0.30899504703146313"
"103499","0.30622821625014457","0.30622821625014457","0.30622821625014457"
"103762","0.3113224985295744","0.3113224985295744","0.3113224985295744"
"104022","0.2967519873785092","0.2967519873785092","0.2967519873785092"
"104288","0.3069663196099529","0.3069663196099529","0.3069663196099529"
"104550","0.30253098546144785","0.30253098546144785","0.30253098546144785"
"104812","0.30972617306771927","0.30972617306771927","0.30972617306771927"
"105076","0.31987847232501054","0.31987847232501054","0.31987847232501054"
"105336","0.3033684879516388","0.3033684879516388","0.3033684879516388"
"105601","0.30407248805618264","0.30407248805618264","0.30407248805618264"
"105861","0.29860935725027404","0.29860935725027404","0.29860935725027404"
"106124","0.3050783869023717","0.3050783869023717","0.3050783869023717"
"106387","0.30666449651992234","0.30666449651992234","0.30666449651992234"
"106646","0.29675091259798636","0.29675091259798636","0.29675091259798636"
"106907","0.3055157305208631","0.3055157305208631","0.3055157305208631"
"107169","0.3026990402597882","0.3026990402597882","0.3026990402597882"
"107432","0.2988762233519055","0.2988762233519055","0.2988762233519055"
"107690","0.3006853212205869","0.3006853212205869","0.3006853212205869"
"107954","0.3052931636373455","0.3052931636373455","0.3052931636373455"
"108217","0.30457582678522827","0.30457582678522827","0.30457582678522827"
"108477","0.2977909349499166","0.2977909349499166","0.2977909349499166"
"108736","0.30181063486313975","0.30181063486313975","0.30181063486313975"
"109003","0.3004143137083558","0.3004143137083558","0.3004143137083558"
"109262","0.2969750412926909","0.2969750412926909","0.2969750412926909"
"109523","0.2948792385509633","0.2948792385509633","0.2948792385509633"
"109784","0.3047769358657116","0.3047769358657116","0.3047769358657116"
"110045","0.29865104472383125","0.29865104472383125","0.29865104472383125"
"110312","0.30731577398332705","0.30731577398332705","0.30731577398332705"
"110572","0.29976733136736444","0.29976733136736444","0.29976733136736444"
"110835","0.3082869420909342","0.3082869420909342","0.3082869420909342"
"111101","0.3052704819724223","0.3052704819724223","0.3052704819724223"
"111362","0.29893796032487124","0.29893796032487124","0.29893796032487124"
"111623","0.2986375737773623","0.2986375737773623","0.2986375737773623"
"111883","0.2954793336809777","0.2954793336809777","0.2954793336809777"
"112143","0.30000344981458127","0.30000344981458127","0.30000344981458127"
"112402","0.2971424776204143","0.2971424776204143","0.2971424776204143"
"112663","0.3111039141408356","0.3111039141408356","0.3111039141408356"
"112923","0.3042658842394443","0.3042658842394443","0.3042658842394443"
"113188","0.3002721155329901","0.3002721155329901","0.3002721155329901"
"113448","0.2928224367048016","0.2928224367048016","0.2928224367048016"
"113712","0.306102139915767","0.306102139915767","0.306102139915767"
"113973","0.30620937280344784","0.30620937280344784","0.30620937280344784"
"114235","0.29972111877273755","0.29972111877273755","0.29972111877273755"
"114494","0.3047843645761691","0.3047843645761691","0.3047843645761691"
"114758","0.3019606966637377","0.3019606966637377","0.3019606966637377"
"115018","0.2980771588850943","0.2980771588850943","0.2980771588850943"
"115279","0.30042122707981656","0.30042122707981656","0.30042122707981656"
"115543","0.301559451478087","0.301559451478087","0.301559451478087"
"115803","0.29639818842843285","0.29639818842843285","0.29639818842843285"
"116065","0.2932626378850299","0.2932626378850299","0.2932626378850299"
"116327","0.30248655058048374","0.30248655058048374","0.30248655058048374"
"116592","0.3065588122459114","0.3065588122459114","0.3065588122459114"
"116853","0.3016414253276773","0.3016414253276773","0.3016414253276773"
"117113","0.3017307302139709","0.3017307302139709","0.3017307302139709"
"117368","0.299950006719283","0.299950006719283","0.299950006719283"
"117628","0.3012812258720716","0.3012812258720716","0.3012812258720716"
"117889","0.3023405218224939","0.3023405218224939","0.3023405218224939"
"118153","0.30623804039159364","0.30623804039159364","0.30623804039159364"
"118416","0.3029749219715747","0.3029749219715747","0.3029749219715747"
"118674","0.30007504764758536","0.30007504764758536","0.30007504764758536"
"118940","0.30249736556266504","0.30249736556266504","0.30249736556266504"
"119199","0.299968623028142","0.299968623028142","0.299968623028142"
"119458","0.296163272136666","0.296163272136666","0.296163272136666"
"119721","0.3043787261356231","0.3043787261356231","0.3043787261356231"
"119981","0.29430020059935624","0.29430020059935624","0.29430020059935624"
"120241","0.29347522073856114","0.29347522073856114","0.29347522073856114"
"120501","0.2990309371578165","0.2990309371578165","0.2990309371578165"
"120762","0.29911009612133127","0.29911009612133127","0.29911009612133127"
"121018","0.2990621948636842","0.2990621948636842","0.2990621948636842"
"121277","0.2960970440094295","0.2960970440094295","0.2960970440094295"
"121539","0.3035484756001062","0.3035484756001062","0.3035484756001062"
"121798","0.30273498232519874","0.30273498232519874","0.30273498232519874"
"122064","0.29804321294617486","0.29804321294617486","0.29804321294617486"
"122326","0.3116653338840339","0.3116653338840339","0.3116653338840339"
"122592","0.30487798708769026","0.30487798708769026","0.30487798708769026"
"122852","0.30585064808451884","0.30585064808451884","0.30585064808451884"
"123108","0.29372626150334363","0.29372626150334363","0.29372626150334363"
"123368","0.2953451688289084","0.2953451688289084","0.2953451688289084"
"123628","0.2985941490560713","0.2985941490560713","0.2985941490560713"
"123886","0.2980581115761363","0.2980581115761363","0.2980581115761363"
"124145","0.29665179443926315","0.29665179443926315","0.29665179443926315"
"124409","0.30741989262005653","0.30741989262005653","0.30741989262005653"
"124670","0.29915804160909204","0.29915804160909204","0.29915804160909204"
"124930","0.29781732790715465","0.29781732790715465","0.29781732790715465"
"125195","0.3013084895993884","0.3013084895993884","0.3013084895993884"
"125460","0.29393408531028914","0.29393408531028914","0.29393408531028914"
"125721","0.2983927460321063","0.2983927460321063","0.2983927460321063"
"125982","0.2941635419732218","0.2941635419732218","0.2941635419732218"
"126239","0.2959094515972678","0.2959094515972678","0.2959094515972678"
"126502","0.3016519527252746","0.3016519527252746","0.3016519527252746"
"126762","0.29322796306172033","0.29322796306172033","0.29322796306172033"
"127023","0.3000632182664618","0.3000632182664618","0.3000632182664618"
"127285","0.30077135416265277","0.30077135416265277","0.30077135416265277"
"127548","0.29617128652402896","0.29617128652402896","0.29617128652402896"
"127812","0.29611357081878675","0.29611357081878675","0.29611357081878675"
"128072","0.29295689117908774","0.29295689117908774","0.29295689117908774"
"128337","0.3008674009998396","0.3008674009998396","0.3008674009998396"
"128598","0.30229106967939495","0.30229106967939495","0.30229106967939495"
"128858","0.2949515127241391","0.2949515127241391","0.2949515127241391"
"129119","0.29481830028536254","0.29481830028536254","0.29481830028536254"
"129378","0.2998287797309432","0.2998287797309432","0.2998287797309432"
"129637","0.29992354863264226","0.29992354863264226","0.29992354863264226"
"129899","0.29520613084874114","0.29520613084874114","0.29520613084874114"
"130162","0.2978905787230714","0.2978905787230714","0.2978905787230714"
"130425","0.2983682708021579","0.2983682708021579","0.2983682708021579"
"130689","0.3002649465438583","0.3002649465438583","0.3002649465438583"
"130951","0.2995702017815693","0.2995702017815693","0.2995702017815693"
"131216","0.2925631454228045","0.2925631454228045","0.2925631454228045"
"131478","0.2994841602889141","0.2994841602889141","0.2994841602889141"
"131734","0.2890589963436147","0.2890589963436147","0.2890589963436147"
"131987","0.29490448656441814","0.29490448656441814","0.29490448656441814"
"132248","0.29952649666342135","0.29952649666342135","0.29952649666342135"
"132510","0.30590469064553394","0.30590469064553394","0.30590469064553394"
"132773","0.3094523316711983","0.3094523316711983","0.3094523316711983"
"133032","0.3059204423152934","0.3059204423152934","0.3059204423152934"
"133291","0.3002242994341645","0.3002242994341645","0.3002242994341645"
"133552","0.2957840324238584","0.2957840324238584","0.2957840324238584"
"133813","0.3025672017767605","0.3025672017767605","0.3025672017767605"
"134075","0.3028164336061183","0.3028164336061183","0.3028164336061183"
"134337","0.2920100793258605","0.2920100793258605","0.2920100793258605"
"134601","0.29740503868120094","0.29740503868120094","0.29740503868120094"
"134871","0.30519651500823664","0.30519651500823664","0.30519651500823664"
"135134","0.2980049437369521","0.2980049437369521","0.2980049437369521"
"135392","0.29652521585397756","0.29652521585397756","0.29652521585397756"
"135653","0.29510982880005143","0.29510982880005143","0.29510982880005143"
"135914","0.29621782527659","0.29621782527659","0.29621782527659"
"136176","0.30240567846256816","0.30240567846256816","0.30240567846256816"
"136435","0.2984309168302913","0.2984309168302913","0.2984309168302913"
"136694","0.2931302626598828","0.2931302626598828","0.2931302626598828"
"136953","0.30156083326483685","0.30156083326483685","0.30156083326483685"
"137215","0.2993383696785503","0.2993383696785503","0.2993383696785503"
"137478","0.30370439178203107","0.30370439178203107","0.30370439178203107"
"137741","0.29292613962946906","0.29292613962946906","0.29292613962946906"
"138002","0.2995457182420871","0.2995457182420871","0.2995457182420871"
"138262","0.29387310431816904","0.29387310431816904","0.29387310431816904"
"138518","0.29536839514615143","0.29536839514615143","0.29536839514615143"
"138778","0.2895623582122713","0.2895623582122713","0.2895623582122713"
"139038","0.3010587800276687","0.3010587800276687","0.3010587800276687"
"139304","0.30918940208242895","0.30918940208242895","0.30918940208242895"
"139566","0.3024158005878043","0.3024158005878043","0.3024158005878043"
"139825","0.30619524948293797","0.30619524948293797","0.30619524948293797"
"140087","0.30087842933171627","0.30087842933171627","0.30087842933171627"
"140351","0.3027146011710942","0.3027146011710942","0.3027146011710942"
"140613","0.29276322744466565","0.29276322744466565","0.29276322744466565"
"140873","0.29526981797470614","0.29526981797470614","0.29526981797470614"
"141135","0.29931032307483335","0.29931032307483335","0.29931032307483335"
"141398","0.29537848055194943","0.29537848055194943","0.29537848055194943"
"141655","0.2946241935300127","0.2946241935300127","0.2946241935300127"
"141916","0.3031423998672766","0.3031423998672766","0.3031423998672766"
"142176","0.2957275826909859","0.2957275826909859","0.2957275826909859"
"142440","0.29893496496258987","0.29893496496258987","0.29893496496258987"
"142703","0.2975427411993087","0.2975427411993087","0.2975427411993087"
"142967","0.2991681117528335","0.2991681117528335","0.2991681117528335"
"143231","0.29975060152383143","0.29975060152383143","0.29975060152383143"
"143494","0.3038308953680798","0.3038308953680798","0.3038308953680798"
"143752","0.2921535396346643","0.2921535396346643","0.2921535396346643"
"144015","0.2887555632978205","0.2887555632978205","0.2887555632978205"
"144278","0.29918662417260933","0.29918662417260933","0.29918662417260933"
"144540","0.2998762932923619","0.2998762932923619","0.2998762932923619"
"144802","0.29973272910854426","0.29973272910854426","0.29973272910854426"
"145063","0.2977392700989","0.2977392700989","0.2977392700989"
"145325","0.30143253104726175","0.30143253104726175","0.30143253104726175"
"145583","0.29708554941266846","0.29708554941266846","0.29708554941266846"
"145847","0.30115345043937713","0.30115345043937713","0.30115345043937713"
"146101","0.2989969895772461","0.2989969895772461","0.2989969895772461"
"146359","0.29844497912823637","0.29844497912823637","0.29844497912823637"
"146621","0.3010671677554867","0.3010671677554867","0.3010671677554867"
"146880","0.2889764429481786","0.2889764429481786","0.2889764429481786"
"147143","0.2890486404989216","0.2890486404989216","0.2890486404989216"
"147405","0.29567468856868634","0.29567468856868634","0.29567468856868634"
"147666","0.29485503606919694","0.29485503606919694","0.29485503606919694"
"147928","0.3018566331759827","0.3018566331759827","0.3018566331759827"
"148192","0.3073046028518313","0.3073046028518313","0.3073046028518313"
"148453","0.2903519338581476","0.2903519338581476","0.2903519338581476"
"148715","0.30208338334692436","0.30208338334692436","0.30208338334692436"
"148979","0.2961181699142952","0.2961181699142952","0.2961181699142952"
"149242","0.2953696929603246","0.2953696929603246","0.2953696929603246"
"149502","0.2934628189734268","0.2934628189734268","0.2934628189734268"
"149768","0.30211822712279074","0.30211822712279074","0.30211822712279074"
"150032","0.3072198834172062","0.3072198834172062","0.3072198834172062"
"150292","0.2928662917138354","0.2928662917138354","0.2928662917138354"
"150554","0.29662301819912895","0.29662301819912895","0.29662301819912895"
"150813","0.29579062483710267","0.29579062483710267","0.29579062483710267"
"151074","0.29355620164934054","0.29355620164934054","0.29355620164934054"
"151333","0.30358383500350233","0.30358383500350233","0.30358383500350233"
"151596","0.30136851731844866","0.30136851731844866","0.30136851731844866"
"151856","0.3015486620660901","0.3015486620660901","0.3015486620660901"
"152116","0.2999875909945508","0.2999875909945508","0.2999875909945508"
"152381","0.2942268850733121","0.2942268850733121","0.2942268850733121"
"152645","0.29008107961961044","0.29008107961961044","0.29008107961961044"
"152906","0.2939957884407371","0.2939957884407371","0.2939957884407371"
"153168","0.2952665711495117","0.2952665711495117","0.2952665711495117"
"153428","0.30113576822528","0.30113576822528","0.30113576822528"
"153687","0.2993294460109673","0.2993294460109673","0.2993294460109673"
"153947","0.2995840107057324","0.2995840107057324","0.2995840107057324"
"154207","0.2963607295404132","0.2963607295404132","0.2963607295404132"
"154466","0.28931269911889185","0.28931269911889185","0.28931269911889185"
"154724","0.29648459023111134","0.29648459023111134","0.29648459023111134"
"154983","0.29648599553290167","0.29648599553290167","0.29648599553290167"
"155245","0.29566456695907556","0.29566456695907556","0.29566456695907556"
"155509","0.29876034087474046","0.29876034087474046","0.29876034087474046"
"155771","0.3020032893732431","0.3020032893732431","0.3020032893732431"
"156030","0.29196595318431856","0.29196595318431856","0.29196595318431856"
"156289","0.29533266994127483","0.29533266994127483","0.29533266994127483"
"156554","0.30060078448497507","0.30060078448497507","0.30060078448497507"
"156814","0.29607007510196237","0.29607007510196237","0.29607007510196237"
"157079","0.29800850580252686","0.29800850580252686","0.29800850580252686"
"157341","0.2962111859411836","0.2962111859411836","0.2962111859411836"
"157603","0.2966535379277116","0.2966535379277116","0.2966535379277116"
"157870","0.3004052724260866","0.3004052724260866","0.3004052724260866"
"158124","0.2985880434095378","0.2985880434095378","0.2985880434095378"
"158385","0.29891151969489144","0.29891151969489144","0.29891151969489144"
"158648","0.2896161280514517","0.2896161280514517","0.2896161280514517"
"158907","0.3016066707818848","0.3016066707818848","0.3016066707818848"
"159167","0.2970521236529332","0.2970521236529332","0.2970521236529332"
"159432","0.2934364446529943","0.2934364446529943","0.2934364446529943"
"159693","0.297718591922693","0.297718591922693","0.297718591922693"
"159959","0.29276699318956834","0.29276699318956834","0.29276699318956834"
"160218","0.2950173872451514","0.2950173872451514","0.2950173872451514"
"160476","0.28760447347509266","0.28760447347509266","0.28760447347509266"
"160736","0.2881147882556408","0.2881147882556408","0.2881147882556408"
"160998","0.28813972016224865","0.28813972016224865","0.28813972016224865"
"161259","0.2969424002949381","0.2969424002949381","0.2969424002949381"
"161517","0.29384072560737723","0.29384072560737723","0.29384072560737723"
"161784","0.3009816952903078","0.3009816952903078","0.3009816952903078"
"162043","0.30105818604722745","0.30105818604722745","0.30105818604722745"
"162306","0.29685543917029655","0.29685543917029655","0.29685543917029655"
"162568","0.29322963923246936","0.29322963923246936","0.29322963923246936"
"162828","0.30441338415580854","0.30441338415580854","0.30441338415580854"
"163087","0.2903901444959547","0.2903901444959547","0.2903901444959547"
"163349","0.2957546206485208","0.2957546206485208","0.2957546206485208"
"163609","0.2970842576521381","0.2970842576521381","0.2970842576521381"
"163865","0.29656785864572194","0.29656785864572194","0.29656785864572194"
"164124","0.297495991065673","0.297495991065673","0.297495991065673"
"164383","0.2926721592524826","0.2926721592524826","0.2926721592524826"
"164648","0.3041970939579442","0.3041970939579442","0.3041970939579442"
"164912","0.29604905071436627","0.29604905071436627","0.29604905071436627"
"165171","0.3061267576721334","0.3061267576721334","0.3061267576721334"
"165432","0.2917513468469953","0.2917513468469953","0.2917513468469953"
"165695","0.2949057005589978","0.2949057005589978","0.2949057005589978"
"165958","0.29805040477388256","0.29805040477388256","0.29805040477388256"
"166220","0.29158853982826677","0.29158853982826677","0.29158853982826677"
"166481","0.2979465726820115","0.2979465726820115","0.2979465726820115"
"166741","0.2923801470327663","0.2923801470327663","0.2923801470327663"
"167002","0.29547158000854185","0.29547158000854185","0.29547158000854185"
"167264","0.2960751565374818","0.2960751565374818","0.2960751565374818"
"167523","0.29861168847397973","0.29861168847397973","0.29861168847397973"
"167786","0.2956821126181308","0.2956821126181308","0.2956821126181308"
"168050","0.29737794247668","0.29737794247668","0.29737794247668"
"168314","0.29928252709671715","0.29928252709671715","0.29928252709671715"
"168578","0.3073021741812069","0.3073021741812069","0.3073021741812069"
"168838","0.296358272555207","0.296358272555207","0.296358272555207"
"169099","0.30234567708075666","0.30234567708075666","0.30234567708075666"
"169361","0.29600090308970617","0.29600090308970617","0.29600090308970617"
"169628","0.29720398426701977","0.29720398426701977","0.29720398426701977"
"169887","0.2979866501738313","0.2979866501738313","0.2979866501738313"
"170148","0.30243146643690944","0.30243146643690944","0.30243146643690944"
"170409","0.2879789072636653","0.2879789072636653","0.2879789072636653"
"170672","0.30069496997153167","0.30069496997153167","0.30069496997153167"
"170934","0.29150152765088355","0.29150152765088355","0.29150152765088355"
"171195","0.292291721228848","0.292291721228848","0.292291721228848"
"171458","0.29288436519933575","0.29288436519933575","0.29288436519933575"
"171724","0.2980835282346441","0.2980835282346441","0.2980835282346441"
"171985","0.29467122568292214","0.29467122568292214","0.29467122568292214"
"172247","0.29610363979417553","0.29610363979417553","0.29610363979417553"
"172508","0.2878104756372531","0.2878104756372531","0.2878104756372531"
"172771","0.29475259114246055","0.29475259114246055","0.29475259114246055"
"173035","0.2981879173999983","0.2981879173999983","0.2981879173999983"
"173298","0.2959532331575975","0.2959532331575975","0.2959532331575975"
"173560","0.2875978642830956","0.2875978642830956","0.2875978642830956"
"173819","0.2962528826790467","0.2962528826790467","0.2962528826790467"
"174078","0.2895287098638795","0.2895287098638795","0.2895287098638795"
"174342","0.30933113701918","0.30933113701918","0.30933113701918"
"174606","0.29694342230981113","0.29694342230981113","0.29694342230981113"
"174870","0.29111001481931553","0.29111001481931553","0.29111001481931553"
"175127","0.2897155797058441","0.2897155797058441","0.2897155797058441"
"175387","0.292804244745671","0.292804244745671","0.292804244745671"
"175644","0.29076487065843304","0.29076487065843304","0.29076487065843304"
"175905","0.2969391936840042","0.2969391936840042","0.2969391936840042"
"176163","0.29209717046292044","0.29209717046292044","0.29209717046292044"
"176418","0.29296896098876635","0.29296896098876635","0.29296896098876635"
"176679","0.28853959930718714","0.28853959930718714","0.28853959930718714"
"176941","0.2929165507358094","0.2929165507358094","0.2929165507358094"
"177200","0.29826774286260704","0.29826774286260704","0.29826774286260704"
"177458","0.29456559203680555","0.29456559203680555","0.29456559203680555"
"177717","0.2965567103731342","0.2965567103731342","0.2965567103731342"
"177984","0.29558710510926106","0.29558710510926106","0.29558710510926106"
"178246","0.2935015923445145","0.2935015923445145","0.2935015923445145"
"178508","0.28924085330416915","0.28924085330416915","0.28924085330416915"
"178768","0.2944353180221502","0.2944353180221502","0.2944353180221502"
"179026","0.29211813177601365","0.29211813177601365","0.29211813177601365"
"179283","0.29193300252259824","0.29193300252259824","0.29193300252259824"
"179543","0.287022799142154","0.287022799142154","0.287022799142154"
"179804","0.2979396452820112","0.2979396452820112","0.2979396452820112"
"180062","0.2880441433164816","0.2880441433164816","0.2880441433164816"
"180323","0.2954359615670694","0.2954359615670694","0.2954359615670694"
"180585","0.30704538740333936","0.30704538740333936","0.30704538740333936"
"180845","0.2988387459080756","0.2988387459080756","0.2988387459080756"
"181104","0.2945639072930169","0.2945639072930169","0.2945639072930169"
"181358","0.29558259651037","0.29558259651037","0.29558259651037"
"181616","0.29007279728876156","0.29007279728876156","0.29007279728876156"
"181876","0.2871043727665532","0.2871043727665532","0.2871043727665532"
"182136","0.29665216738610034","0.29665216738610034","0.29665216738610034"
"182398","0.2862839882896511","0.2862839882896511","0.2862839882896511"
"182656","0.2871069147975813","0.2871069147975813","0.2871069147975813"
"182919","0.2936379996971942","0.2936379996971942","0.2936379996971942"
"183182","0.2901951173944774","0.2901951173944774","0.2901951173944774"
"183440","0.2916695723292083","0.2916695723292083","0.2916695723292083"
"183704","0.2994303199550748","0.2994303199550748","0.2994303199550748"
"183965","0.29847500587331344","0.29847500587331344","0.29847500587331344"
"184223","0.2963629226461486","0.2963629226461486","0.2963629226461486"
"184485","0.2950836193032404","0.2950836193032404","0.2950836193032404"
"184751","0.3010787519573869","0.3010787519573869","0.3010787519573869"
"185014","0.2994150801711931","0.2994150801711931","0.2994150801711931"
"185277","0.29456736966709274","0.29456736966709274","0.29456736966709274"
"185535","0.29697989259762275","0.29697989259762275","0.29697989259762275"
"185795","0.29833551117757495","0.29833551117757495","0.29833551117757495"
"186055","0.29350923147096813","0.29350923147096813","0.29350923147096813"
"186317","0.2935879673813309","0.2935879673813309","0.2935879673813309"
"186579","0.2919188587371399","0.2919188587371399","0.2919188587371399"
"186839","0.28654015703991265","0.28654015703991265","0.28654015703991265"
"187102","0.29244050420563045","0.29244050420563045","0.29244050420563045"
"187365","0.29090830518716965","0.29090830518716965","0.29090830518716965"
"187626","0.29446171590521053","0.29446171590521053","0.29446171590521053"
"187891","0.29589510154746124","0.29589510154746124","0.29589510154746124"
"188150","0.2872361160535853","0.2872361160535853","0.2872361160535853"
"188407","0.28878274024367934","0.28878274024367934","0.28878274024367934"
"188671","0.29295378645106296","0.29295378645106296","0.29295378645106296"
"188935","0.2951041861575615","0.2951041861575615","0.2951041861575615"
"189194","0.2955132898888063","0.2955132898888063","0.2955132898888063"
"189451","0.2926103754103858","0.2926103754103858","0.2926103754103858"
"189714","0.298901926228011","0.298901926228011","0.298901926228011"
"189974","0.2946405239511585","0.2946405239511585","0.2946405239511585"
"190235","0.29850334559572034","0.29850334559572034","0.29850334559572034"
"190497","0.3023398693999349","0.3023398693999349","0.3023398693999349"
"190756","0.29604416387858157","0.29604416387858157","0.29604416387858157"
"191023","0.29658707305226484","0.29658707305226484","0.29658707305226484"
"191287","0.29269762023280366","0.29269762023280366","0.29269762023280366"
"191547","0.29928813161021867","0.29928813161021867","0.29928813161021867"
"191807","0.2906252004056464","0.2906252004056464","0.2906252004056464"
"192068","0.29211269684730146","0.29211269684730146","0.29211269684730146"
"192330","0.29395141320007423","0.29395141320007423","0.29395141320007423"
"192592","0.29700576266046275","0.29700576266046275","0.29700576266046275"
"192851","0.2847916438135463","0.2847916438135463","0.2847916438135463"
"193116","0.29264499125604365","0.29264499125604365","0.29264499125604365"
"193374","0.29199145149366895","0.29199145149366895","0.29199145149366895"
"193637","0.2915814782993855","0.2915814782993855","0.2915814782993855"
"193899","0.29183481376812537","0.29183481376812537","0.29183481376812537"
"194158","0.2925231799397687","0.2925231799397687","0.2925231799397687"
"194416","0.300396987236664","0.300396987236664","0.300396987236664"
"194680","0.2912729268042309","0.2912729268042309","0.2912729268042309"
"194941","0.28997617179242774","0.28997617179242774","0.28997617179242774"
"195203","0.30223346806237733","0.30223346806237733","0.30223346806237733"
"195464","0.29467073930331505","0.29467073930331505","0.29467073930331505"
"195723","0.2893153971955652","0.2893153971955652","0.2893153971955652"
"195987","0.29250181668240577","0.29250181668240577","0.29250181668240577"
"196243","0.28654944183463193","0.28654944183463193","0.28654944183463193"
"196504","0.2962912053067636","0.2962912053067636","0.2962912053067636"
"196766","0.2987776730128278","0.2987776730128278","0.2987776730128278"
"197024","0.29388072886741395","0.29388072886741395","0.29388072886741395"
"197286","0.29948885889179705","0.29948885889179705","0.29948885889179705"
"197548","0.29131861840698436","0.29131861840698436","0.29131861840698436"
"197810","0.28800419530012333","0.28800419530012333","0.28800419530012333"
"198068","0.29043678162693015","0.29043678162693015","0.29043678162693015"
"198328","0.29905972815525184","0.29905972815525184","0.29905972815525184"
"198592","0.29745550562032586","0.29745550562032586","0.29745550562032586"
"198850","0.29168173743911774","0.29168173743911774","0.29168173743911774"
"199109","0.28808479387474434","0.28808479387474434","0.28808479387474434"
"199369","0.3009470002887972","0.3009470002887972","0.3009470002887972"
"199630","0.29483736199868066","0.29483736199868066","0.29483736199868066"
"199891","0.2865700554510514","0.2865700554510514","0.2865700554510514"
"200155","0.299559854891606","0.299559854891606","0.299559854891606"
"200412","0.2912179135395025","0.2912179135395025","0.2912179135395025"
"200672","0.28850398860239745","0.28850398860239745","0.28850398860239745"
"200936","0.29180542883267135","0.29180542883267135","0.29180542883267135"
"201194","0.299399467449302","0.299399467449302","0.299399467449302"
"201458","0.2900736197331794","0.2900736197331794","0.2900736197331794"
"201722","0.29232601289611854","0.29232601289611854","0.29232601289611854"
"201987","0.30446255964115476","0.30446255964115476","0.30446255964115476"
"202244","0.28232083936873514","0.28232083936873514","0.28232083936873514"
"202507","0.2942857107349703","0.2942857107349703","0.2942857107349703"
"202766","0.29179226088577453","0.29179226088577453","0.29179226088577453"
"203024","0.29054523070825233","0.29054523070825233","0.29054523070825233"
"203281","0.2920943633647254","0.2920943633647254","0.2920943633647254"
"203542","0.29433152072241936","0.29433152072241936","0.29433152072241936"
"203810","0.3046533706028982","0.3046533706028982","0.3046533706028982"
"204074","0.2963645072675842","0.2963645072675842","0.2963645072675842"
"204337","0.2901086689776231","0.2901086689776231","0.2901086689776231"
"204600","0.2982717532131366","0.2982717532131366","0.2982717532131366"
"204857","0.291046807788633","0.291046807788633","0.291046807788633"
"205119","0.2952408099358227","0.2952408099358227","0.2952408099358227"
"205384","0.29343392722796496","0.29343392722796496","0.29343392722796496"
"205647","0.3016756291353886","0.3016756291353886","0.3016756291353886"
"205909","0.2986991653743434","0.2986991653743434","0.2986991653743434"
"206174","0.30147499843914455","0.30147499843914455","0.30147499843914455"
"206434","0.2964810504624375","0.2964810504624375","0.2964810504624375"
"206697","0.2970219958781219","0.2970219958781219","0.2970219958781219"
"206961","0.29361776829323305","0.29361776829323305","0.29361776829323305"
"207223","0.2903321619375142","0.2903321619375142","0.2903321619375142"
"207486","0.29731403932725026","0.29731403932725026","0.29731403932725026"
"207749","0.2973856586044417","0.2973856586044417","0.2973856586044417"
"208012","0.29922292567933156","0.29922292567933156","0.29922292567933156"
"208273","0.29158333218153176","0.29158333218153176","0.29158333218153176"
"208534","0.297429766378617","0.297429766378617","0.297429766378617"
"208797","0.29233246800704366","0.29233246800704366","0.29233246800704366"
"209062","0.29627640603406313","0.29627640603406313","0.29627640603406313"
"209326","0.29923092115092426","0.29923092115092426","0.29923092115092426"
"209589","0.3074465943684842","0.3074465943684842","0.3074465943684842"
"209851","0.29297495025951786","0.29297495025951786","0.29297495025951786"
"210112","0.2950431176437003","0.2950431176437003","0.2950431176437003"
"210373","0.29278396397148754","0.29278396397148754","0.29278396397148754"
"210637","0.291443866590175","0.291443866590175","0.291443866590175"
"210897","0.29015428946464944","0.29015428946464944","0.29015428946464944"
"211161","0.3066181076448598","0.3066181076448598","0.3066181076448598"
"211424","0.3047933882617528","0.3047933882617528","0.3047933882617528"
"211689","0.2947855231957915","0.2947855231957915","0.2947855231957915"
"211951","0.29412670434293825","0.29412670434293825","0.29412670434293825"
"212211","0.2959562008689863","0.2959562008689863","0.2959562008689863"
"212476","0.2975642840916103","0.2975642840916103","0.2975642840916103"
"212736","0.28915265879987934","0.28915265879987934","0.28915265879987934"
"212996","0.28761097531208635","0.28761097531208635","0.28761097531208635"
"213260","0.2999847113983119","0.2999847113983119","0.2999847113983119"
"213517","0.2866446859290414","0.2866446859290414","0.2866446859290414"
"213779","0.29008863569195553","0.29008863569195553","0.29008863569195553"
"214038","0.2986337895637994","0.2986337895637994","0.2986337895637994"
"214303","0.2974697546592205","0.2974697546592205","0.2974697546592205"
"214566","0.29153697207056845","0.29153697207056845","0.29153697207056845"
"214827","0.2968633277424937","0.2968633277424937","0.2968633277424937"
"215089","0.29739303158514174","0.29739303158514174","0.29739303158514174"
"215351","0.29274172264993076","0.29274172264993076","0.29274172264993076"
"215610","0.28501356671338746","0.28501356671338746","0.28501356671338746"
"215872","0.2929529252660117","0.2929529252660117","0.2929529252660117"
"216136","0.2898285216029582","0.2898285216029582","0.2898285216029582"
"216401","0.29501467715393537","0.29501467715393537","0.29501467715393537"
"216660","0.2963412426013379","0.2963412426013379","0.2963412426013379"
"216918","0.28831423746430834","0.28831423746430834","0.28831423746430834"
"217186","0.2968804574887063","0.2968804574887063","0.2968804574887063"
"217446","0.28899145968922363","0.28899145968922363","0.28899145968922363"
"217707","0.2932087651863143","0.2932087651863143","0.2932087651863143"
"217968","0.2901305064887192","0.2901305064887192","0.2901305064887192"
"218223","0.28870980792150175","0.28870980792150175","0.28870980792150175"
"218482","0.28709438648169366","0.28709438648169366","0.28709438648169366"
"218741","0.29070022449346333","0.29070022449346333","0.29070022449346333"
"219005","0.29489774559258636","0.29489774559258636","0.29489774559258636"
"219266","0.29580808786095286","0.29580808786095286","0.29580808786095286"
"219527","0.29155158133840237","0.29155158133840237","0.29155158133840237"
"219787","0.2885718287433976","0.2885718287433976","0.2885718287433976"
"220047","0.2889370341787446","0.2889370341787446","0.2889370341787446"
"220307","0.2846777262171874","0.2846777262171874","0.2846777262171874"
"220571","0.2968030782405206","0.2968030782405206","0.2968030782405206"
"220836","0.3044751960941562","0.3044751960941562","0.3044751960941562"
"221096","0.2915265932811175","0.2915265932811175","0.2915265932811175"
"221362","0.2981188395731754","0.2981188395731754","0.2981188395731754"
"221621","0.2878619023538697","0.2878619023538697","0.2878619023538697"
"221884","0.2930281177979181","0.2930281177979181","0.2930281177979181"
"222147","0.29165437628209834","0.29165437628209834","0.29165437628209834"
"222408","0.2930532616409472","0.2930532616409472","0.2930532616409472"
"222670","0.2901632630608289","0.2901632630608289","0.2901632630608289"
"222928","0.28975176677966796","0.28975176677966796","0.28975176677966796"
"223190","0.29507904514357297","0.29507904514357297","0.29507904514357297"
"223452","0.29498738566029764","0.29498738566029764","0.29498738566029764"
"223712","0.29164090812016463","0.29164090812016463","0.29164090812016463"
"223975","0.291407109676193","0.291407109676193","0.291407109676193"
"224239","0.2949554407462125","0.2949554407462125","0.2949554407462125"
"224501","0.29341527910737636","0.29341527910737636","0.29341527910737636"
"224764","0.28647166258357726","0.28647166258357726","0.28647166258357726"
"225024","0.29920241399072317","0.29920241399072317","0.29920241399072317"
"225290","0.2932009256639606","0.2932009256639606","0.2932009256639606"
"225552","0.29595495942741085","0.29595495942741085","0.29595495942741085"
"225810","0.2893451645068056","0.2893451645068056","0.2893451645068056"
"226067","0.2876844063668557","0.2876844063668557","0.2876844063668557"
"226326","0.29139218004474693","0.29139218004474693","0.29139218004474693"
"226591","0.29214361088624263","0.29214361088624263","0.29214361088624263"
"226851","0.29048408257859293","0.29048408257859293","0.29048408257859293"
"227116","0.28947173027998635","0.28947173027998635","0.28947173027998635"
"227374","0.2921918841551583","0.2921918841551583","0.2921918841551583"
"227636","0.2926705728769981","0.2926705728769981","0.2926705728769981"
"227894","0.2866867240831689","0.2866867240831689","0.2866867240831689"
"228152","0.2835974048610484","0.2835974048610484","0.2835974048610484"
"228410","0.28906251492993923","0.28906251492993923","0.28906251492993923"
"228671","0.29249077176374044","0.29249077176374044","0.29249077176374044"
"228934","0.29066731962060965","0.29066731962060965","0.29066731962060965"
"229196","0.2941834900087067","0.2941834900087067","0.2941834900087067"
"229455","0.2889847817007439","0.2889847817007439","0.2889847817007439"
"229718","0.2920989979986973","0.2920989979986973","0.2920989979986973"
"229983","0.2936657261737393","0.2936657261737393","0.2936657261737393"
"230245","0.2977686215572127","0.2977686215572127","0.2977686215572127"
"230506","0.2900646169150848","0.2900646169150848","0.2900646169150848"
"230766","0.2877451673828168","0.2877451673828168","0.2877451673828168"
"231023","0.28996109227778416","0.28996109227778416","0.28996109227778416"
"231285","0.29011085495179223","0.29011085495179223","0.29011085495179223"
"231550","0.2874820619895995","0.2874820619895995","0.2874820619895995"
"231812","0.289869377261124","0.289869377261124","0.289869377261124"
"232071","0.29650602158229933","0.29650602158229933","0.29650602158229933"
"232334","0.295182887732084","0.295182887732084","0.295182887732084"
"232599","0.30031957691535355","0.30031957691535355","0.30031957691535355"
"232860","0.29296328361344265","0.29296328361344265","0.29296328361344265"
"233123","0.29321958400419307","0.29321958400419307","0.29321958400419307"
"233389","0.29564881396382797","0.29564881396382797","0.29564881396382797"
"233650","0.28321928637827415","0.28321928637827415","0.28321928637827415"
"233914","0.3083078133673175","0.3083078133673175","0.3083078133673175"
"234178","0.3017992421358795","0.3017992421358795","0.3017992421358795"
"234442","0.2917021176807892","0.2917021176807892","0.2917021176807892"
"234704","0.2938572192843297","0.2938572192843297","0.2938572192843297"
"234965","0.29237419437633533","0.29237419437633533","0.29237419437633533"
"235231","0.2968947616409423","0.2968947616409423","0.2968947616409423"
"235490","0.2908306500385875","0.2908306500385875","0.2908306500385875"
"235753","0.2898601840183331","0.2898601840183331","0.2898601840183331"
"236017","0.2949501705683309","0.2949501705683309","0.2949501705683309"
"236281","0.2966135747429532","0.2966135747429532","0.2966135747429532"
"236542","0.2847397726247532","0.2847397726247532","0.2847397726247532"
"236802","0.287224876891373","0.287224876891373","0.287224876891373"
"237064","0.30202946421189597","0.30202946421189597","0.30202946421189597"
"237326","0.2817743775198637","0.2817743775198637","0.2817743775198637"
"237586","0.2859543095185303","0.2859543095185303","0.2859543095185303"
"237845","0.2875787127550298","0.2875787127550298","0.2875787127550298"
"238103","0.28576231613748754","0.28576231613748754","0.28576231613748754"
"238367","0.2919145572841375","0.2919145572841375","0.2919145572841375"
"238631","0.29856336963945274","0.29856336963945274","0.29856336963945274"
"238891","0.2918463095761476","0.2918463095761476","0.2918463095761476"
"239154","0.2994811710331661","0.2994811710331661","0.2994811710331661"
"239415","0.2966801795841774","0.2966801795841774","0.2966801795841774"
"239677","0.2919518225776783","0.2919518225776783","0.2919518225776783"
"239936","0.29011168288141204","0.29011168288141204","0.29011168288141204"
"240196","0.2934584327354164","0.2934584327354164","0.2934584327354164"
"240455","0.28520181273414225","0.28520181273414225","0.28520181273414225"
"240716","0.2939588447806093","0.2939588447806093","0.2939588447806093"
"240978","0.29502680707106044","0.29502680707106044","0.29502680707106044"
"241242","0.2968598273433241","0.2968598273433241","0.2968598273433241"
"241509","0.3007415756864917","0.3007415756864917","0.3007415756864917"
"241765","0.29585297971844177","0.29585297971844177","0.29585297971844177"
"242027","0.28968395812573","0.28968395812573","0.28968395812573"
"242289","0.2900505931862585","0.2900505931862585","0.2900505931862585"
"242550","0.2950052666050369","0.2950052666050369","0.2950052666050369"
"242814","0.3011081140215276","0.3011081140215276","0.3011081140215276"
"243073","0.29006282468177486","0.29006282468177486","0.29006282468177486"
"243334","0.29573265749406685","0.29573265749406685","0.29573265749406685"
"243592","0.2929737272381317","0.2929737272381317","0.2929737272381317"
"243856","0.2911964616747823","0.2911964616747823","0.2911964616747823"
"244122","0.2951076259909554","0.2951076259909554","0.2951076259909554"
"244381","0.29203752839184605","0.29203752839184605","0.29203752839184605"
"244645","0.29212324007728435","0.29212324007728435","0.29212324007728435"
"244904","0.28975859311686475","0.28975859311686475","0.28975859311686475"
"245164","0.28783259837908065","0.28783259837908065","0.28783259837908065"
"245423","0.2896360500048319","0.2896360500048319","0.2896360500048319"
"245684","0.29601822373227754","0.29601822373227754","0.29601822373227754"
"245945","0.2871374558511386","0.2871374558511386","0.2871374558511386"
"246207","0.28933680797682665","0.28933680797682665","0.28933680797682665"
"246468","0.2920650704845373","0.2920650704845373","0.2920650704845373"
"246733","0.29807143346327836","0.29807143346327836","0.29807143346327836"
"246991","0.2894796219762912","0.2894796219762912","0.2894796219762912"
"247251","0.2901392840896511","0.2901392840896511","0.2901392840896511"
"247510","0.2922202406907216","0.2922202406907216","0.2922202406907216"
"247771","0.29308717082012975","0.29308717082012975","0.29308717082012975"
"248032","0.2878886433022396","0.2878886433022396","0.2878886433022396"
"248294","0.2857449400366487","0.2857449400366487","0.2857449400366487"
"248558","0.2938628979589785","0.2938628979589785","0.2938628979589785"
"248819","0.29015440291377537","0.29015440291377537","0.29015440291377537"
"249081","0.2939253309461659","0.2939253309461659","0.2939253309461659"
"249343","0.29733750492390615","0.29733750492390615","0.29733750492390615"
"249603","0.29185364797974395","0.29185364797974395","0.29185364797974395"
"249862","0.29008960850120047","0.29008960850120047","0.29008960850120047"
"250124","0.295317841495706","0.295317841495706","0.295317841495706"
"250384","0.2923100563626673","0.2923100563626673","0.2923100563626673"
"250644","0.28740331395902696","0.28740331395902696","0.28740331395902696"
"250906","0.29035039471163915","0.29035039471163915","0.29035039471163915"
"251164","0.2944662857990179","0.2944662857990179","0.2944662857990179"
"251421","0.28820267620720286","0.28820267620720286","0.28820267620720286"
"251682","0.30140859573920464","0.30140859573920464","0.30140859573920464"
"251946","0.2931585894902248","0.2931585894902248","0.2931585894902248"
"252210","0.29763212371786757","0.29763212371786757","0.29763212371786757"
"252468","0.29203366320417573","0.29203366320417573","0.29203366320417573"
"252731","0.3006406464330946","0.3006406464330946","0.3006406464330946"
"252994","0.3042302177831189","0.3042302177831189","0.3042302177831189"
"253253","0.2861353924626814","0.2861353924626814","0.2861353924626814"
"253514","0.29289320521293327","0.29289320521293327","0.29289320521293327"
"253774","0.2912663079531139","0.2912663079531139","0.2912663079531139"
"254039","0.3024138263846057","0.3024138263846057","0.3024138263846057"
"254305","0.3031310237400262","0.3031310237400262","0.3031310237400262"
"254572","0.29269862223099213","0.29269862223099213","0.29269862223099213"
"254832","0.2939411428722171","0.2939411428722171","0.2939411428722171"
"255093","0.2955762943735107","0.2955762943735107","0.2955762943735107"
"255354","0.28432530913346277","0.28432530913346277","0.28432530913346277"
"255611","0.2918887891570659","0.2918887891570659","0.2918887891570659"
"255867","0.29249446448667676","0.29249446448667676","0.29249446448667676"
"256125","0.28763089311794704","0.28763089311794704","0.28763089311794704"
"256390","0.29642563954485873","0.29642563954485873","0.29642563954485873"
"256646","0.28739454577426415","0.28739454577426415","0.28739454577426415"
"256909","0.28955387359900037","0.28955387359900037","0.28955387359900037"
"257169","0.28859647606387623","0.28859647606387623","0.28859647606387623"
"257429","0.2919262205731729","0.2919262205731729","0.2919262205731729"
"257692","0.2905908666962862","0.2905908666962862","0.2905908666962862"
"257952","0.2962229959488733","0.2962229959488733","0.2962229959488733"
"258213","0.28762577835229003","0.28762577835229003","0.28762577835229003"
"258475","0.29272921791663475","0.29272921791663475","0.29272921791663475"
"258740","0.3008441044646537","0.3008441044646537","0.3008441044646537"
"259005","0.29498716357732535","0.29498716357732535","0.29498716357732535"
"259271","0.300089007872347","0.300089007872347","0.300089007872347"
"259539","0.2959908368240111","0.2959908368240111","0.2959908368240111"
"259797","0.29062424041181495","0.29062424041181495","0.29062424041181495"
"260058","0.29423391636444673","0.29423391636444673","0.29423391636444673"
"260319","0.290700297296841","0.290700297296841","0.290700297296841"
"260582","0.2973150635462283","0.2973150635462283","0.2973150635462283"
"260841","0.28775428870181463","0.28775428870181463","0.28775428870181463"
"261099","0.2926702838556753","0.2926702838556753","0.2926702838556753"
"261359","0.29392673295330557","0.29392673295330557","0.29392673295330557"
"261619","0.2913861160418509","0.2913861160418509","0.2913861160418509"